rank,channel_index,channel,weighted_centrality_score,selected
1,44,EEG RG 45-Ref,0.891860465116279,True
2,28,EEG RG 29-Ref,0.8503657942451773,True
3,35,EEG RG 36-Ref,0.7465687275173406,True
4,36,EEG RG 37-Ref,0.7006985863246616,True
5,13,EEG RG 14-Ref,0.6939768881455963,True
6,37,EEG RG 38-Ref,0.6899985129166855,True
7,42,EEG RG 43-Ref,0.6624923657467795,True
8,20,EEG RG 21-Ref,0.6238491051821371,True
9,27,EEG RG 28-Ref,0.5650890494564472,True
10,38,EEG RG 39-Ref,0.5203609014213659,True
11,53,EEG RG 54-Ref,0.5139297402556645,True
12,43,EEG RG 44-Ref,0.5133441327611195,True
13,46,EEG RG 47-Ref,0.5050372085102559,True
14,1,EEG RG 02-Ref,0.5036869479856128,True
15,21,EEG RG 22-Ref,0.47714771176375537,True
16,34,EEG RG 35-Ref,0.469470634138768,True
17,26,EEG RG 27-Ref,0.46065011991734967,True
18,52,EEG RG 53-Ref,0.4464840169061539,True
19,41,EEG RG 42-Ref,0.43273604880774014,True
20,49,EEG RG 50-Ref,0.42882112619513924,True
21,51,EEG RG 52-Ref,0.4223047378204864,True
22,50,EEG RG 51-Ref,0.4058200492664173,True
23,45,EEG RG 46-Ref,0.3903877022088523,True
24,29,EEG RG 30-Ref,0.37143408810111955,True
25,19,EEG RG 20-Ref,0.36842050488859013,True
26,33,EEG RG 34-Ref,0.3652753523495696,True
27,14,EEG RG 15-Ref,0.3525973515246065,True
28,30,EEG RG 31-Ref,0.3483509458433217,True
29,54,EEG RG 55-Ref,0.32063975788789195,True
30,25,EEG RG 26-Ref,0.3143320856041419,True
31,58,EEG RG 59-Ref,0.19631786866429543,True
32,48,EEG RG 49-Ref,0.19461654820703383,True
33,18,EEG RG 19-Ref,0.19399026195938035,False
34,59,EEG RG 60-Ref,0.19053096414185464,False
35,22,EEG RG 23-Ref,0.1841423605614366,False
36,11,EEG RG 12-Ref,0.17424873575077698,False
37,6,EEG RG 07-Ref,0.1564767508208187,False
38,8,EEG RG 09-Ref,0.15152877503629802,False
39,5,EEG RG 06-Ref,0.14973185638771555,False
40,62,EEG RG 63-Ref,0.14814361806602494,False
41,2,EEG RG 03-Ref,0.143129943234098,False
42,56,EEG RG 57-Ref,0.1395054317757715,False
43,57,EEG RG 58-Ref,0.13931375422537184,False
44,39,EEG RG 40-Ref,0.13855051447889785,False
45,12,EEG RG 13-Ref,0.13611094971192556,False
46,61,EEG RG 62-Ref,0.12163380922674213,False
47,31,EEG RG 32-Ref,0.1188012121425789,False
48,55,EEG RG 56-Ref,0.08668509282793702,False
49,47,EEG RG 48-Ref,0.08578441467614911,False
50,40,EEG RG 41-Ref,0.08502728922397408,False
51,23,EEG RG 24-Ref,0.07805407460195386,False
52,60,EEG RG 61-Ref,0.06649290474168185,False
53,63,EEG RG 64-Ref,0.05829487974550179,False
54,7,EEG RG 08-Ref,0.032632303161246115,False
55,32,EEG RG 33-Ref,0.027811204459129747,False
56,0,EEG RG 01-Ref,0.02637163456570994,False
57,15,EEG RG 16-Ref,0.02520170581257608,False
58,17,EEG RG 18-Ref,0.024963512325380625,False
59,3,EEG RG 04-Ref,0.00855684621171617,False
60,24,EEG RG 25-Ref,0.002676343680878588,False
61,4,EEG RG 05-Ref,0.0017313655600220941,False
62,16,EEG RG 17-Ref,0.00120227607034588,False
63,10,EEG RG 11-Ref,0.001099844209939365,False
64,9,EEG RG 10-Ref,0.0007037830364829356,False
