run,window_id,context_index,boundary_sample,predeclared_before_open,crn_bank,fold_id,stage,noise_seed,gate_a_static_integrity_pass,trajectory_finite,total_energy,total_energy_cap,per_actuator_rms_json,maximum_per_actuator_rms,per_actuator_rms_cap,control_peak,control_peak_cap,saturation_fraction,saturation_fraction_cap_exclusive,gate_c_trajectory_safety_pass,plant_four_inequality_diagnostic_available,plant_four_inequality_diagnostic_pass,plant_diagnostic_used_for_eligibility,mean_time_w1_free_observed,mean_time_w1_free_reference_plant,mean_time_w1_observed_reference,mean_occupation_w1_free_observed,mean_occupation_w1_free_reference_plant,mean_occupation_w1_observed_reference,mean_absolute_sd_error_free_observed
run-04,outer-context-00,0,512,True,0,sealed-run04-retrospective,outer_once,521071309,True,True,2.4117242181358716,5.6862,"[0.1735287267040161,0.17270610931203867,0.2544950130183489,0.1697309138829324,0.17353955415021396,0.1679344964108019,0.1858902849303642,0.20713741412644449,0.22916470373977854,0.182639182044523,0.19654259511834135,0.19768684894012575,0.18338165567298123,0.17060848165180859,0.16821542527291414,0.22501977373965237,0.20747426306691868,0.23096713936270105,0.17678787883966046,0.1611027235201376,0.201368145566275,0.13967716339141573,0.15769343783436304,0.21745447569072107,0.20183028687785495,0.21322117594019036,0.2641143211008373,0.14492429469597884,0.1550434837978134,0.15012405204342577,0.14729892504194067,0.15086147748523007,0.14215646719858127,0.12713583929742714,0.17188351824429915,0.1859628202815824,0.1637391243409485,0.23248018129043907,0.16008133920501347,0.1653591507196286,0.17567687434073662,0.1492831484199261,0.1661432637620435,0.19089853208222193,0.1759979888025246,0.22708089325112285,0.1569282887376963,0.168930609727537,0.1406809436540755,0.17377631977388225,0.18024461755866383,0.22045807416430818,0.11622419938328461,0.16932501388834248,0.14536681132117968,0.09727981194956711,0.19645122615979957,0.19899664882333154,0.1643805750665927,0.17470948292309468,0.18103821738076542,0.18232653151913986,0.14621371757587523,0.13457511604558478,0.13850944855464645,0.1477752151132716,0.25328390113654137,0.1557772831790426,0.1418274583014502,0.1336596948604605,0.11906412847078247,0.11267872846125712,0.11017550983264461,0.14538878772727915,0.15410531747541195,0.28237892484848853]",0.28237892484848853,0.405,0.9801121377572491,1.8,0.0,0.01,True,True,False,False,0.48471777105723746,0.3143696898014359,0.271612193520011,0.18941612442032718,0.3076617057298034,0.1399987661561757,0.22397422110638657
run-04,outer-context-00,0,512,True,1,sealed-run04-retrospective,outer_once,2123543140,True,True,2.4269050426822636,5.6862,"[0.16842563317745515,0.16761833008729793,0.2513697888873485,0.16731559010699026,0.1717470087521275,0.17123290401789,0.18775785824760907,0.21126645448397657,0.23285161171269791,0.18359511093591252,0.1990907161838612,0.19767466317353552,0.18780455615106834,0.17825857599101497,0.1731746123574498,0.22469674300625198,0.20853411742810954,0.2312335352411734,0.18128535182589856,0.16444089209040547,0.20186060535661954,0.13849448911437515,0.16080701319260549,0.21883953251429042,0.2007531940247476,0.2125695463261369,0.26043818822574133,0.14482349252506985,0.15737026613427146,0.15151546889728593,0.1456359388877757,0.14505100619259095,0.14034105307464484,0.12481419493492665,0.17071432670217962,0.18722986131217606,0.15641282510393026,0.2281742554993437,0.1617085980648322,0.16048364239543186,0.17646263609962765,0.15205763820356138,0.17172659672692783,0.18760736574143813,0.17586289253942775,0.23150227556114578,0.1547137035199971,0.1706210360445828,0.1423526762717313,0.17638958836614801,0.18510404156502439,0.22166449126308538,0.11671146121052704,0.17087069007536176,0.14011837550636932,0.0945582493832872,0.19433807128257918,0.19793518167326463,0.16856483246171325,0.17877540545911458,0.18679071206706344,0.1833467823416076,0.14842863347184224,0.1360994228185329,0.1394677000458628,0.15004983677291012,0.2535460673571019,0.1596227231313169,0.14391971642225382,0.1356928973833274,0.12039371046336994,0.11389372050017205,0.11034710555052052,0.146995788216855,0.1541698365187877,0.2806141118123866]",0.2806141118123866,0.405,0.9784876511265554,1.8,0.0,0.01,True,True,False,False,0.48793729899944555,0.3181142146609339,0.271612193520011,0.19349081416872668,0.31141736994800534,0.1399987661561757,0.23138505669765438
run-04,outer-context-00,0,512,True,2,sealed-run04-retrospective,outer_once,754962341,True,True,2.4269714308198376,5.6862,"[0.1723374928070831,0.16966897992765792,0.24952012291925005,0.16542246044985537,0.1768258869908745,0.16986452986110753,0.18373438367991507,0.20537610934468756,0.23958046440471908,0.1855801826639876,0.19618807277543399,0.19381965871980486,0.18297040158087094,0.17227651288562182,0.17160150440377822,0.22901726609246337,0.21036889915956353,0.22194067701130046,0.17678381705169455,0.1666607749644573,0.20198697684548086,0.14032228997442894,0.16009992300663314,0.22590004312136686,0.20837965478716255,0.21264365636817895,0.2621109999086168,0.14676640304524755,0.15722653564039718,0.154200161390155,0.1477232340430159,0.14885707423139719,0.1433334546882069,0.1259503773572721,0.1693991547120691,0.18933458282247165,0.165700383490094,0.23511757469147362,0.15979494979541686,0.16204556659044445,0.1782159325886822,0.15202097196685993,0.16723908303017682,0.1943644454105556,0.17924177280144826,0.22842112529391922,0.15530027053275552,0.16789604509915682,0.1430844014716777,0.17418424652801265,0.1765752543973739,0.21677925200554404,0.11873361776705188,0.1738149154003311,0.14498033783787057,0.0955270383948059,0.1933817148667867,0.19590729688132763,0.16592390270334353,0.17796792303482958,0.18458710461408928,0.17742244833970894,0.1468539280094665,0.1345230072376281,0.13736768738239447,0.1493584806113576,0.2545642114331689,0.1579837466823275,0.1421491917613287,0.13379733780983233,0.11821215548193942,0.11161936622924278,0.10932770990546192,0.14489233516288375,0.15547894126903467,0.2825855095097305]",0.2825855095097305,0.405,0.9690167790189395,1.8,0.0,0.01,True,True,False,False,0.48810360902349853,0.31752844470562813,0.271612193520011,0.19277096602562124,0.3110149256189387,0.1399987661561757,0.22904857990793448
run-04,outer-context-01,1,1573,True,0,sealed-run04-retrospective,outer_once,659658339,True,True,2.434976856031607,5.6862,"[0.17271511221604585,0.17068333335901256,0.2471062907029895,0.16464623517677862,0.1744444310533486,0.1713514245200888,0.18678307915017042,0.21569832076610437,0.2421437523423076,0.18240951652175122,0.20250290246229405,0.2014080613409055,0.1884889477686112,0.1765703115854876,0.171434565914916,0.2238345184142984,0.20758455206376458,0.23492798218655309,0.17378437810779004,0.16445099785615205,0.19829253727037788,0.13941591372354806,0.1547911515634084,0.22083847851831584,0.20529275791238016,0.2116222027380954,0.2590482762141855,0.14457991145023819,0.15462595123350512,0.15424249925158845,0.15214573338445617,0.14978723133234967,0.13919657610453562,0.12438025422290261,0.16828636967436256,0.18861891947593776,0.16819282082632944,0.23590112521666645,0.1567133413571004,0.15965940781370938,0.1744474203609876,0.1478697802742152,0.16894138367375963,0.19547615590710174,0.17825014845830844,0.23252533019108776,0.15308974312692009,0.16585115457093685,0.14144610659425969,0.17902086777707796,0.1850333078384071,0.22041518829680715,0.11323753339383491,0.16631950388190492,0.14245096979227995,0.09526397243699315,0.19529407806362162,0.196771274976723,0.16360758226369432,0.17307519507699196,0.18301175857819799,0.18677253832525562,0.14129100678609885,0.1327782830489673,0.14010315127469347,0.1499851617357284,0.2523497319615232,0.15816837835433126,0.14216074842309517,0.13399571581305156,0.12059788771154512,0.1194422122799701,0.11365737690109003,0.15463202891061015,0.16129277440670783,0.2797098198365504]",0.2797098198365504,0.405,0.9338770285215621,1.8,0.0,0.01,True,True,False,False,0.5167151886346542,0.318593094905871,0.3195733835102533,0.16667496708833573,0.31255658282853244,0.19232123996150738,0.19591054192606316
run-04,outer-context-01,1,1573,True,1,sealed-run04-retrospective,outer_once,77182503,True,True,2.4512589075401134,5.6862,"[0.1736888967323805,0.1711851567243011,0.24935702023574635,0.16692715375586376,0.17521981153345567,0.17459978538481516,0.18726506957350955,0.21367518085334608,0.2334017407803646,0.18584391122519092,0.2082570535963191,0.2002420479473674,0.1901687956122458,0.17905142218124842,0.17155494066302554,0.2277412242495149,0.2102265744144727,0.24007553819682825,0.17655809183714502,0.16758041936545837,0.20058861919317308,0.1378704732614729,0.15481698286534468,0.2220949086223123,0.2039847722243954,0.20896041518055603,0.2609679626157833,0.13962605848294476,0.1529731107882236,0.1509931625128581,0.14412515882757285,0.14808755455800066,0.1394856892604953,0.12110718020735832,0.1675703423149181,0.19340272142980833,0.16794426166072682,0.2308042004920121,0.16006647083887454,0.16209147014461922,0.17490335322851525,0.15022248710917738,0.17164594830640775,0.19718008895842962,0.1784772159212488,0.2308281566634993,0.15226085796627092,0.1672110269499736,0.14140336754828733,0.17706211993274323,0.18677968183002497,0.22699326550562376,0.11640826252303597,0.166104555251508,0.14239726871956893,0.09635468557997068,0.19955648436268691,0.20189598799086442,0.16644159059744304,0.1715709407734908,0.18150781766578744,0.1834833896867398,0.14690572758981985,0.13405158107677653,0.13867767240641188,0.14911339570617393,0.25774995062636175,0.15911545366435523,0.14320130145632778,0.13503885481809372,0.12080018165458316,0.11729624335669854,0.11321107566678085,0.15580585318984233,0.16420211633320786,0.2737776439286385]",0.2737776439286385,0.405,0.9289203641935219,1.8,0.0,0.01,True,True,False,False,0.5195711727308326,0.3252361311180491,0.3195733835102533,0.168339667842088,0.3190846895336317,0.19232123996150738,0.19790188453598898
run-04,outer-context-01,1,1573,True,2,sealed-run04-retrospective,outer_once,1036318538,True,True,2.431829030829125,5.6862,"[0.17537681427653382,0.17306620850836302,0.25350567755105224,0.16718894446831,0.17785771579640763,0.17140428926664372,0.18492843288737845,0.21151296293362848,0.2342270438012969,0.18942581695018573,0.20176054456741488,0.2005002704671249,0.18854461961051355,0.17663319882116396,0.1695852120897203,0.21871960839750842,0.21083480065264418,0.2302928718513094,0.1733632354125723,0.16425093614348646,0.20025214865748958,0.13916023110358638,0.1608805478659847,0.21967026017082386,0.20422842203134747,0.21087382776154037,0.25839530570021485,0.14574453440490162,0.15134965296375685,0.14949506854448677,0.14783596662458875,0.1463478244639893,0.1394325278599399,0.1206254370433845,0.16606265824167463,0.18997267653128552,0.16721598150112815,0.23293184071377818,0.1634490172992209,0.1607503154185869,0.17555371172491252,0.15260529651692373,0.16750365933370912,0.1956984842519663,0.17693294565222387,0.2286850401666438,0.15297257910450154,0.16734991907491212,0.1418027668622655,0.1754314472047069,0.18046792950357268,0.22172698600921775,0.116187114941549,0.16684777453368782,0.14190080519206014,0.09452573986605649,0.20218406846269057,0.20560904645918227,0.16715427277229467,0.17061644134419335,0.18264555018456924,0.18503090321461257,0.14305094919106504,0.13011013253951503,0.1349576185983766,0.1463638789190748,0.25568587145014143,0.16152954182390383,0.14504948461680753,0.13670860275479263,0.12148973499408396,0.11542791810058292,0.112484077208918,0.1521816414761749,0.15765044384158083,0.27823678873340196]",0.27823678873340196,0.405,0.891850406328504,1.8,0.0,0.01,True,True,False,False,0.5150108654645699,0.31829721652782234,0.3195733835102533,0.16357419189413896,0.31214393376362387,0.19232123996150738,0.19235588403128093
run-04,outer-context-02,2,2633,True,0,sealed-run04-retrospective,outer_once,201850290,True,True,2.4719005862554866,5.6862,"[0.17495432164181146,0.1747120402390305,0.2553658640878966,0.16843536000295892,0.18034983124801782,0.17553146055099833,0.1909271498976663,0.21680133320072892,0.24009578190360006,0.18949005122003498,0.2000384454877463,0.20074832112307722,0.18598395452697913,0.17624492913677825,0.1727774919618542,0.23028167347736705,0.20859348234820066,0.23339230276419057,0.17611597566125378,0.16673089090455936,0.20350718224915293,0.1428099108281159,0.16129813528984255,0.22625280851669982,0.20610815682057373,0.2141328637936065,0.2633052419473862,0.1432151947898615,0.15599324112611304,0.15488417905918112,0.14828942840784362,0.1470760645259744,0.14423030048192664,0.12942151775266125,0.17325671505495518,0.186030959046191,0.15921222025456272,0.23394697338207857,0.1585648661709305,0.1603379807177636,0.18239732596844663,0.15161367698980455,0.1688299998786582,0.18662370408103165,0.17887200542632442,0.23390452171923057,0.1544954053610579,0.16866023897878551,0.14439120075657577,0.17505291769987938,0.17806498371503346,0.22417188342510308,0.11912187765694936,0.1668272460348488,0.14129008925618394,0.09497987312368991,0.20278807050811315,0.20735905193023677,0.17436050675071174,0.17943260305130995,0.18208313003833412,0.1784813059731742,0.14633596983904004,0.13232467544418391,0.13695586764238518,0.14645327177070847,0.25262986387039393,0.15799530454184602,0.1441834751197639,0.13568108302762955,0.12145921383646785,0.11598110784725886,0.11334936518438661,0.14606706350260637,0.16115365130572845,0.28050244934165786]",0.28050244934165786,0.405,1.014442811864956,1.8,0.0,0.01,True,True,False,False,0.5123290750462427,0.3269679906213071,0.3045371949514692,0.17400801356501203,0.3195551324490479,0.1736205192960539,0.20645682761788567
run-04,outer-context-02,2,2633,True,1,sealed-run04-retrospective,outer_once,1092957109,True,True,2.4496861826472993,5.6862,"[0.17284609357105665,0.17337465731416332,0.2565480511686755,0.17073757263084793,0.1776047215273202,0.17640151758390657,0.1895550340381245,0.2166837487103991,0.23209301819511047,0.18472128234580742,0.1999768842908374,0.20164543069066967,0.19026179684024097,0.17728248983889286,0.17256222821946438,0.2188585007964891,0.20661454210072203,0.2399392047830812,0.17838201180795898,0.1635241947912304,0.20374564802560216,0.141937026192751,0.1616417499545361,0.22189572201455202,0.20374452266484405,0.2127131372669898,0.262870028996925,0.1461946047158222,0.15587951347517295,0.15195896839002548,0.1422702986835271,0.15283504143461957,0.14476769571204673,0.12699926252945443,0.1689452779786739,0.18530259723918616,0.15771910008979553,0.22663350969781024,0.1621047650257984,0.16560493791907377,0.17484195010826137,0.15139736980091156,0.1686645209491529,0.18693062016999842,0.17427517042829732,0.23136717268785556,0.15238194092300095,0.1678967016311584,0.14336203888809812,0.17690717087353133,0.182067500362965,0.22275686484801763,0.12093791172306265,0.16705872930471874,0.13811498654136087,0.09013667548757004,0.19911423205838416,0.20445014396530775,0.17312954638532158,0.17630908877591345,0.17885343787950814,0.18248824650882328,0.14961908368335436,0.1349331778373402,0.13429472729116176,0.14821826146281067,0.2519542713652131,0.16032622770363814,0.14522219817230783,0.13763470241287223,0.12375310399000256,0.11862729159309436,0.11248708720418218,0.14448368189055746,0.15598373760015902,0.28269348612858847]",0.28269348612858847,0.405,0.8848764041055486,1.8,0.0,0.01,True,True,False,False,0.506651833526462,0.3210159369103142,0.3045371949514692,0.16782509675760596,0.31366953838338757,0.1736205192960539,0.19798897387119582
run-04,outer-context-02,2,2633,True,2,sealed-run04-retrospective,outer_once,814096606,True,True,2.4390030101322826,5.6862,"[0.17395835059983808,0.17339228647013039,0.25178742265251675,0.16512609752859933,0.1766773182948496,0.17470769652411333,0.18919780613725395,0.213099415707718,0.23030789456328069,0.1857413481647279,0.19970733766738552,0.1981709979780893,0.1871029577032267,0.1777200826733981,0.17095132683441122,0.22603383889102488,0.20895740193658574,0.2286186337864957,0.178472791656627,0.16635207699867025,0.20373035627553382,0.1393039176614679,0.16137380157000342,0.22305312595772592,0.20373614946764906,0.21332016705352916,0.263968406274653,0.14263678557636664,0.15624462391292346,0.15489126139082446,0.14453922402586444,0.14823297245342762,0.14293218618918382,0.12973339410951618,0.17493562932646808,0.1877445141843414,0.15768930517900334,0.22885811370724132,0.16007566403108794,0.1596033211869677,0.17900708192664902,0.15373684427281878,0.17051174436449412,0.1883264961688623,0.17567276123514983,0.23374381020795892,0.15483663904250533,0.1682304280156531,0.14446651864617077,0.17784043964412113,0.1801269036614193,0.22175743753264446,0.11573280088547817,0.16915857422427338,0.14108604305325637,0.0928657766319777,0.20068343601460947,0.20509735462919756,0.17277328736031847,0.17594689653020912,0.17959468208325743,0.1802808860217451,0.14292463153181328,0.13106977872300335,0.13528804331831693,0.14700980418263015,0.2540728366318991,0.15705415226044928,0.14316474238407376,0.13530956236224484,0.12166716822684995,0.11591589512055517,0.11141719620783999,0.143958836644519,0.15718428851087243,0.27814395898565203]",0.27814395898565203,0.405,0.9778205460375539,1.8,0.0,0.01,True,True,False,False,0.5035236314348475,0.31748514662629157,0.3045371949514692,0.16617112163087727,0.3098100058617131,0.1736205192960539,0.19552633131014308
run-04,outer-context-03,3,3694,True,0,sealed-run04-retrospective,outer_once,350137467,True,True,2.4891263256919,5.6862,"[0.23130448393745603,0.22463453301002498,0.2595859071987114,0.17386206142057384,0.1740568882396738,0.16980728959406105,0.1871643213242246,0.21333062197899075,0.23576152496755884,0.18290524953512938,0.1927793595351154,0.1949479832557859,0.1847142576784765,0.1748963254066514,0.16891617055754418,0.22374883816838942,0.2065735641670476,0.22920101052538325,0.17779988008896613,0.1665688388808725,0.1989614082228167,0.1445324610074137,0.16056206253581742,0.21927730181057478,0.20616036527988596,0.2107117990859114,0.2575897658071754,0.1497698003582312,0.15614915495874904,0.14934928805562273,0.14713800855950715,0.16465408791412534,0.15006633121070484,0.13192441920365916,0.17370068598135938,0.19105578213565008,0.15979602345464594,0.2313260952528235,0.16344179336808257,0.1699808931428064,0.17582100382126778,0.1500647416829539,0.17320472889748204,0.19050009417004538,0.174550259174876,0.227117589404746,0.15545985507692445,0.16957224371059026,0.14325536952450094,0.17792838243930822,0.18129474165652623,0.2219271372915324,0.11408083691145239,0.17214374759677054,0.1492801873924461,0.09583880763867177,0.19428004656925477,0.1967403527161296,0.16145688894453117,0.17578326178145903,0.18249184001406085,0.18033863212000745,0.14129558539688114,0.12969420749890487,0.1356791489098356,0.14790120904485968,0.25529419492615085,0.1552414340653741,0.1412704763337222,0.13321018768475762,0.12097631536229284,0.1190876148754802,0.11782153037589523,0.15495051833120912,0.16706785753385708,0.27939021313279777]",0.27939021313279777,0.405,1.343889270244227,1.8,0.0,0.01,True,True,False,False,0.6085871691174481,0.3230550413366225,0.4404557276654848,0.19546743116429974,0.3157893185976615,0.31482806927134993,0.21624001831874695
run-04,outer-context-03,3,3694,True,1,sealed-run04-retrospective,outer_once,1444252198,True,True,2.5060136897868808,5.6862,"[0.2284630644148991,0.2216251140934639,0.2583065668141966,0.17363795615843053,0.17964930777348667,0.16932322028848315,0.18662512850679006,0.21276242149833854,0.23520401653877748,0.18754465064048126,0.20280724092823635,0.19417468253447334,0.18506953178608015,0.17683572303917175,0.17193484169893256,0.22265448891987966,0.2117349050645569,0.2346235634309002,0.17307886839462927,0.15876768254049237,0.19987530703602563,0.1418588138202427,0.16042294163076887,0.22528036968238443,0.20768657609398375,0.214428769527468,0.26603671109304194,0.14650334132148962,0.16003003330717663,0.15560475834513746,0.1439332871076783,0.15624925940817128,0.14759441891035785,0.12996509560813657,0.1739518776491403,0.19195126361712583,0.16062723318668456,0.23200016579618202,0.15982126117327725,0.16424449332973515,0.17650036786600956,0.15193573743746214,0.17436886014830072,0.19142220388571676,0.17798189082683824,0.23163095414125487,0.1544328855294919,0.16853597857782782,0.14353699620101015,0.17476870053459145,0.18467604906654148,0.21706207213354575,0.11383513299092704,0.17176517000081623,0.14997649856416415,0.09674325135228598,0.19564083101815646,0.19877538273153578,0.1630083732465989,0.17273077643397117,0.1804496768978876,0.18018441740074262,0.14342495201742314,0.1324383711619714,0.1381720280865006,0.14664719107653892,0.251765053156426,0.15748051602099444,0.14220903672925064,0.13335242676597092,0.11895605909175057,0.11734412181059016,0.11898881714218458,0.15939511511709945,0.17615856569659863,0.2806725053580965]",0.2806725053580965,0.405,1.343889270244227,1.8,0.0,0.01,True,True,False,False,0.6112847736235313,0.3245221867467878,0.4404557276654848,0.19904119550278235,0.3171396423147364,0.31482806927134993,0.2199571836186414
run-04,outer-context-03,3,3694,True,2,sealed-run04-retrospective,outer_once,1859686398,True,True,2.5382989967740617,5.6862,"[0.2306052569858151,0.224224046549439,0.261492440732437,0.17385700420581457,0.17895417550787263,0.16891864087668812,0.1882846962246239,0.2201860902967253,0.23790465788124723,0.18651044958635737,0.2035030225171134,0.19972714591158727,0.18624477071583412,0.17779252690946595,0.17393897227240426,0.22291443681863532,0.2086075667885509,0.2306416608009492,0.17596604253350936,0.1656030853791072,0.20146868843440835,0.14055233697842726,0.16167313604445854,0.22724370669776123,0.21202680099362467,0.21171997889182673,0.2612070262683175,0.14660664559371955,0.15750306357418714,0.15603288663125453,0.14327708616128812,0.15351381015630963,0.14947300665228558,0.13210993765086548,0.1764936076435438,0.19382100872949828,0.16232778775279275,0.23073233503869048,0.16373019012296078,0.16537551994236005,0.17620204047150073,0.15560621358694776,0.17280100111337887,0.19268675219650827,0.1775987540157886,0.23340256407464166,0.1590379420792646,0.17185861252746554,0.14526633504277947,0.1814284908896491,0.1833117922963231,0.22361287538502955,0.11491070312390057,0.17107529310682257,0.14879395422569955,0.09662191616018673,0.19250069338939255,0.19473166322296048,0.16383631932848688,0.17340092211408564,0.1809401352458612,0.17927638840474958,0.1444355275802524,0.13469881574731257,0.14034983947487614,0.14912749489754606,0.25216829252130984,0.15887904043317436,0.14366963714660944,0.1349646628092159,0.12151801282226363,0.12048594782107323,0.1194143304712996,0.16066280392823132,0.17658310330113464,0.2897996496479771]",0.2897996496479771,0.405,1.343889270244227,1.8,0.0,0.01,True,True,False,False,0.6068423787297302,0.31973452666998287,0.4404557276654848,0.19376957801777964,0.3121338094226024,0.31482806927134993,0.21574697075871385
run-04,outer-context-04,4,4754,True,0,sealed-run04-retrospective,outer_once,1119492501,True,True,2.4931163620702064,5.6862,"[0.169032655412436,0.1706397490876425,0.2639723755687332,0.17703088712367865,0.17366769463574824,0.16822298848203826,0.18597684863613353,0.21074089942365246,0.23954294336438556,0.18682892079660726,0.19637795069543507,0.1933176867745409,0.18367156086008374,0.175764326792282,0.17208793634164013,0.22586354006413775,0.21205391873291213,0.23506973680708007,0.1776765237105433,0.16580843291344682,0.19718762563691294,0.14120090099746083,0.15897895962469766,0.22329952480402104,0.2046733216446427,0.2093068775173584,0.2644150895762262,0.15769476791697132,0.16736459631299316,0.16426117087754413,0.14442256959481933,0.17233440173883516,0.1651562703528836,0.15125118855881986,0.1827102239229457,0.1858958549762281,0.16101476271818907,0.22761726793310375,0.16922978251657467,0.17465851362454535,0.17937578589334707,0.15338922793327445,0.1689806079074989,0.1905964622590302,0.1753274051834856,0.2323612649998419,0.1570007231612341,0.16731192816904408,0.14418272767748833,0.18609633310818063,0.18834999305515385,0.23042279921345085,0.12514022508797,0.17187121612587078,0.14349026320183933,0.09566311862880195,0.19306301943028908,0.1956972430167821,0.16492741052042167,0.17584846362781148,0.18136157691788107,0.17696998801775196,0.15368349525164074,0.13545236861630866,0.13805874791759698,0.14832085169396525,0.2507656659709916,0.15608024161263992,0.14055747409211236,0.1318929850758333,0.1169915152285731,0.11242092106004137,0.11317786341579285,0.14712812513004603,0.1647475670447188,0.2812054149745798]",0.2812054149745798,0.405,1.0071909945740762,1.8,0.0,0.01,True,True,False,False,0.7651754319382634,0.32609078798316116,0.6486946030441025,0.2619784758452219,0.31741031269164616,0.5297510359412156,0.31998816528025076
run-04,outer-context-04,4,4754,True,1,sealed-run04-retrospective,outer_once,1057609199,True,True,2.501338852308471,5.6862,"[0.17587683067653118,0.17490338188155652,0.26086952850330775,0.1739800640987614,0.17361562715053477,0.16965882191084342,0.18386935795179968,0.2094403580019113,0.23671272142261296,0.1865948942028149,0.19655652490598138,0.1947507140272313,0.18832338449137914,0.17928521980214354,0.17365717446504408,0.22106138397634173,0.21482300351784517,0.23614790476423045,0.18384053747061602,0.16390770211543265,0.19900234967110533,0.14503731988719581,0.15963988587755903,0.22662763961025761,0.20377677019843282,0.20744098896672328,0.26256188682486054,0.15727536962135602,0.16677716061274758,0.16414803796017957,0.145734254927245,0.1694189990228819,0.16545114922828885,0.15118351283851275,0.1829525108421354,0.1865371404214716,0.16236420484896744,0.23227994749289285,0.16961765908014603,0.16840074643234335,0.17583593148551954,0.15005317136543958,0.16725969764257478,0.19058179944197418,0.17532878915362168,0.2293584095374741,0.16105875170560296,0.1680450971527723,0.14157000269300224,0.18422429178190414,0.1884483495821074,0.22587894298212713,0.126589487845981,0.17102757632281948,0.1433593005120641,0.09617644246002448,0.19014631483462363,0.19264892066244538,0.1613979360714484,0.17449138555570257,0.18158514006727614,0.18152335139527176,0.15278032460231322,0.1335193945910024,0.13699207065226854,0.1463929074037464,0.25464606640160886,0.16257344545068078,0.14718831880856836,0.13801364706979516,0.12214121872727378,0.11535820005858917,0.11437361307451693,0.14736968550419413,0.16751431426270033,0.2844883664200275]",0.2844883664200275,0.405,1.033710836616301,1.8,0.0,0.01,True,True,False,False,0.7659735043385786,0.3273351626489706,0.6486946030441025,0.2609413599930292,0.3189620850612984,0.5297510359412156,0.3182884254770835
run-04,outer-context-04,4,4754,True,2,sealed-run04-retrospective,outer_once,1017439976,True,True,2.507267269466439,5.6862,"[0.17809515428002218,0.1769873226011569,0.26174805172361365,0.17419141180893538,0.17331586881047112,0.171055937670354,0.18450015250512058,0.2090677314408785,0.2335608524740672,0.18359463395743372,0.19986499014194448,0.19239821876084323,0.19062074539701984,0.18369651169033419,0.17561663508455672,0.223281736232781,0.21212473129499196,0.23526910153461106,0.17669022509781862,0.1680559949517594,0.19914442808967722,0.14436972314396965,0.1577450630336885,0.22819054220165616,0.20658204172576547,0.20788807962054712,0.25954690716360435,0.15583832551454893,0.16603569278748098,0.16196089184595236,0.14542034781851468,0.16658312692236774,0.16275530651648465,0.14806060584914596,0.18119853965065097,0.18770831889180445,0.1631134690709607,0.22886759237790363,0.1655508242184212,0.16611819779980572,0.17942737952027313,0.1515962139980629,0.1674541732338468,0.19398513270577789,0.17722408162687495,0.2318017896439037,0.15971257015499088,0.16791988861495313,0.1425716720378446,0.1824646546362074,0.18960550872457135,0.23045443776480753,0.12603735168862346,0.17083831208740535,0.14766513508831478,0.09695524762771426,0.19452108350074396,0.19684070047733085,0.16576237979061015,0.1772167904888972,0.18404408214325063,0.18023054779544115,0.1531826805840949,0.13526532441536676,0.13725545299296368,0.1462293750703846,0.2568199849880612,0.16174894141039628,0.14573412819420703,0.13696411819534426,0.12103753388168195,0.11423041210909232,0.11180440392126362,0.14695231778735177,0.16399407667565186,0.28476549210465407]",0.28476549210465407,0.405,1.0290580635499853,1.8,0.0,0.01,True,True,False,False,0.7661997485652523,0.3264483235856484,0.6486946030441025,0.2603538245507108,0.31786167989954145,0.5297510359412156,0.31589834025298874
run-04,outer-context-05,5,5815,True,0,sealed-run04-retrospective,outer_once,211021344,True,True,2.583840483886963,5.6862,"[0.1767907069366155,0.17769546688106908,0.25627607078657105,0.16916845179588538,0.17898503093496382,0.16639683825016213,0.18263334598590444,0.2083941139624278,0.24809935091444799,0.19618296930101506,0.21472405469012185,0.1961806526180086,0.20285569767095898,0.21327496046700772,0.209661157379567,0.23376393222727165,0.22493871596222542,0.24320900310385377,0.2219505698142996,0.173691935621978,0.20356277112701998,0.1443046086037251,0.17468066295450452,0.22351800792533666,0.20429691661207533,0.21517678198512283,0.2613448235383347,0.14888660591081257,0.15902027138138383,0.1581908257970199,0.14989925819362782,0.15137085422077956,0.14135580495017921,0.12340343319763675,0.17142204828493698,0.19281497509673654,0.1631210297575167,0.23372046286741302,0.16135772821264288,0.16668594339519152,0.1745802107388681,0.1540158767277239,0.1762212299388563,0.19519234404192568,0.17901254399150762,0.23183864839246626,0.1528375430541592,0.16927710269432478,0.14318864038095924,0.17937770895569072,0.1973994050452804,0.21472643848233033,0.12735380536168053,0.16846216883926135,0.14626169528876196,0.10087006962318436,0.19508552253333825,0.19997462605314392,0.1691236026320421,0.1839754691566914,0.19295530931991983,0.18758145593119574,0.15323107333867245,0.13977357713553754,0.14018656580948907,0.15069524046312222,0.2551770535166717,0.16148684680446249,0.1457467569052894,0.1374718900928766,0.12221217466676033,0.11596083076941534,0.1128643946495793,0.14608645852128258,0.1689696823202691,0.285776979864441]",0.285776979864441,0.405,1.2912136769191132,1.8,0.0,0.01,True,True,False,False,0.9979215088377472,0.34979741878001613,0.9165341407208606,0.4838027791663511,0.33922805875508316,0.8023316048264263,0.6269745309853997
run-04,outer-context-05,5,5815,True,1,sealed-run04-retrospective,outer_once,1402791639,True,True,2.5837602971915694,5.6862,"[0.16961837969622348,0.17151770064292238,0.25558520118556816,0.16985712463797809,0.17764027736434673,0.1674451088772426,0.18632919835033568,0.21572752201520135,0.24588594866307142,0.19282224714901205,0.21758369403087469,0.19990860303526028,0.19987059479189792,0.21154619473615374,0.20941155453786095,0.23504573120888775,0.2171428278146645,0.24633147218649776,0.22223932362030305,0.17379669143978796,0.2038508650185687,0.14563471624317437,0.17062859963778837,0.22524800104234716,0.20863509899953042,0.21680056330259107,0.26571401835865877,0.1457273531162864,0.15810031121743984,0.15669165378402963,0.15002189912988814,0.1536926645216656,0.14240842532697057,0.126582642196811,0.17231961047120956,0.18889388182778039,0.1603882863273109,0.2324213420278919,0.16013051480118362,0.1678885295258968,0.17553843814317277,0.15286057981360346,0.17357913025741892,0.19129980647930594,0.17613221991144315,0.23234150016413527,0.154904183781298,0.16949043505495945,0.14218913059396593,0.1804708264804653,0.19964808167751844,0.22137090383014546,0.12657069015543984,0.16898456940748788,0.14654667454094097,0.1012238701533912,0.1970361255383124,0.20062076735883558,0.16489285827016636,0.1805584279240099,0.1891435540022908,0.1822858767428182,0.1553680780100024,0.13990574597374478,0.14218104812386517,0.15145095293632166,0.25963766442624875,0.1586871755157097,0.14474212171387857,0.13693726222452474,0.123504614320282,0.11739026695047526,0.1134104431092656,0.14576723229952196,0.16602389830604028,0.290071879386845]",0.290071879386845,0.405,1.1784302419125743,1.8,0.0,0.01,True,True,False,False,1.0001608327376992,0.3495615921317672,0.9165341407208606,0.4854398000746065,0.33916848715437675,0.8023316048264263,0.6289837134900172
run-04,outer-context-05,5,5815,True,2,sealed-run04-retrospective,outer_once,631801792,True,True,2.566385039377714,5.6862,"[0.1712759960464383,0.17439503730795644,0.2566250235101974,0.17030899863130364,0.1752531133463517,0.1653617075663668,0.1846082533307036,0.2146398284711163,0.2498404039347462,0.19595786530694234,0.21247371724736355,0.19883150111806666,0.1961224399143541,0.20819573112961187,0.20749454206709408,0.2336828165651442,0.22392764784977678,0.23981967987426708,0.2163055338554268,0.16817815331102076,0.20221870096465938,0.1408263979020458,0.17084476095917767,0.2254183116553183,0.2065361627412522,0.21434659165273026,0.26328272972538164,0.14760646944628408,0.15694499820352878,0.1572076290707838,0.14916629968834735,0.1507951785198643,0.14179717957651916,0.12372785109208102,0.17023886104107339,0.19064706373304127,0.1635950242084658,0.23574039618444578,0.16073954466193272,0.16548627800277577,0.17627227860578987,0.15292529499430085,0.17388747184154918,0.19576043959867115,0.18077108045619958,0.2377856256556562,0.15408657730051306,0.1692313802401935,0.14231521872702332,0.18067064014658274,0.19833781957764055,0.22259686299367754,0.12981531748789518,0.17116066204245817,0.1443870542282416,0.09982333852523632,0.19426563058586763,0.1975923954614648,0.16596206585026094,0.18026788539175922,0.18906997833195346,0.1812195286944853,0.15632630286937343,0.13816463513710736,0.1397648551067621,0.15145313150432213,0.256923928391616,0.1579581548791777,0.14183942504396183,0.13285688360360334,0.11735083293895675,0.11366546360294263,0.11080978068290766,0.14667539937108487,0.1643171735330442,0.2895002554915827]",0.2895002554915827,0.405,1.209729454089741,1.8,0.0,0.01,True,True,False,False,0.9970019899641364,0.34761331474134183,0.9165341407208606,0.4851300729707846,0.33692177235135,0.8023316048264263,0.6301216146172012
run-04,outer-context-06,6,6875,True,0,sealed-run04-retrospective,outer_once,2091461091,True,True,2.688173487622039,5.6862,"[0.17108725427965968,0.17070338735477264,0.2547982739632847,0.17135643946007398,0.17385683167348098,0.16436528112003676,0.19015297397811978,0.2184822553678755,0.2328839109566241,0.2003391993924931,0.20137405328628724,0.19728112968664913,0.18719306238811428,0.18037382498120702,0.1737833034651054,0.22905889893931994,0.23060363496688457,0.23647276481122023,0.18624018486686109,0.17464540847335608,0.2053166869251705,0.13918060479812944,0.1648938099113347,0.22420835813021425,0.20510000238755582,0.21134085720830578,0.2612108155441434,0.1475007893829345,0.18983422695551314,0.18331565257310428,0.15406717777552162,0.15097266992079159,0.1586253783919341,0.16388039287403502,0.21111917710782765,0.22084731185087417,0.18865652823302512,0.2509893671492998,0.16045157557883077,0.163099388267268,0.17652485814893934,0.15205990428263916,0.1929253913042744,0.2166371851312098,0.2060520282376366,0.2486466236565607,0.15657468187138096,0.1658994469412646,0.14415348572469616,0.1770958219884346,0.18462453621588257,0.22959183714168038,0.12198786382627609,0.17121452294454265,0.15163631982241976,0.11406019486695614,0.2043676072037673,0.20989893332276385,0.17758383618592644,0.18933544046719067,0.19367696392170888,0.18221968100256777,0.15239001567384058,0.14602706414516844,0.15320296941358658,0.16038089152933294,0.26775115321560555,0.16774184884641943,0.15266323318227698,0.14468831894320694,0.13105314422318945,0.1283852094673439,0.12570916727000925,0.1599103931699942,0.1683857456115905,0.29797249789485175]",0.29797249789485175,0.405,1.2315524794900152,1.8,0.0,0.01,True,True,False,False,1.112569014230013,0.34105490609587036,1.0232649610774944,0.5957949990746458,0.3311924639166893,0.9095912572863002,0.8162564835166171
run-04,outer-context-06,6,6875,True,1,sealed-run04-retrospective,outer_once,610261091,True,True,2.6518223918696995,5.6862,"[0.17559080307865163,0.17319428155809,0.2531360362947474,0.1668103681592128,0.1690845189957452,0.16026774109135106,0.1844761659347334,0.2133551494044264,0.23997400684572115,0.19495335257604435,0.19666775150972873,0.1973456236435058,0.1815861778211469,0.17527645587689297,0.17491440209719888,0.2284809067799872,0.22825682983716686,0.23435322832031044,0.18122941917516705,0.1746019643213756,0.20307181887804052,0.14240427317144333,0.16644098741282765,0.22781774820161702,0.2064136687045641,0.21073034157728263,0.26092584491159015,0.15023839697379546,0.1875925089579821,0.18227095413186853,0.15404945818842905,0.1483137922315501,0.1568846850920772,0.16220745383967067,0.2062572733345497,0.21664459421671547,0.1890002630294367,0.2504424290555857,0.15991830875914959,0.1634857778099173,0.17730015082735473,0.15256074838477188,0.18888334780527447,0.2176475803041533,0.20480321530550413,0.24464448535737093,0.1518679745022739,0.16410550026726553,0.14289601935926005,0.1724199538564359,0.18053829402770674,0.22737410492762647,0.12083581851455734,0.17073972355643072,0.15139395364162797,0.11425634214876028,0.20197893486447782,0.20770034753539407,0.17350525830566632,0.18683740910709273,0.19130943207138928,0.18151689597938778,0.15128422040080305,0.1441793645617907,0.15337002493836116,0.1621603980057337,0.2688206248249897,0.16485315142643597,0.14966013124970617,0.1417474223431022,0.12841258795242239,0.12655280811708403,0.12595009853452235,0.16204979572976952,0.17213832634030185,0.2987095111556326]",0.2987095111556326,0.405,1.205792659311546,1.8,0.0,0.01,True,True,False,False,1.108576398752242,0.3350769833284814,1.0232649610774944,0.600970470030535,0.32556653788098533,0.9095912572863002,0.8226086869552719
run-04,outer-context-06,6,6875,True,2,sealed-run04-retrospective,outer_once,758057270,True,True,2.669999119377687,5.6862,"[0.1743017482392141,0.1737142173321555,0.2574613232465636,0.16849135048244068,0.17186145409252573,0.16121718165484167,0.1858077943617559,0.2141360805058263,0.23024030280177124,0.19980369205350712,0.19802276472964908,0.19646468208570914,0.18447627291806312,0.17931131626849428,0.1746213382817086,0.2308503916764312,0.22629015468316968,0.23134353635649976,0.18628700773412607,0.17230009913684458,0.20184837817996495,0.1394854898409503,0.166348478545383,0.232379173100174,0.20992848016424046,0.2114211890159067,0.26125554444307547,0.14679389989328087,0.19041317827182916,0.1848239286864299,0.15379055289079063,0.15115027301445616,0.16025941001213273,0.1665951776635432,0.21249738126209383,0.21804536948984987,0.1863157321693663,0.24764604098224896,0.16291524740623572,0.16234750693393835,0.17799415457249634,0.15489766130552537,0.19213097702390694,0.2128361877845368,0.20337528356607965,0.24401876163226166,0.15862341712109884,0.1731042972359693,0.1463282983253344,0.18006475828545496,0.18297576399768786,0.2272615735354609,0.11796988721826283,0.17064319289476448,0.15000635336364404,0.11399691890643815,0.2002976643702952,0.20430196968977327,0.17589149378543342,0.1833582197787448,0.1870473623066888,0.17736843516450002,0.15074556866513153,0.14510796546605012,0.15507221689331438,0.16165041372861266,0.26418522727725785,0.16616447125412093,0.15086106103937552,0.1433561838690959,0.13046412472845045,0.12939049717807724,0.1278291619456497,0.1608531140688222,0.16777689005475696,0.3058040752691608]",0.3058040752691608,0.405,1.205792659311546,1.8,0.0,0.01,True,True,False,False,1.110219453067912,0.3389715181740202,1.0232649610774944,0.5979639769160654,0.32883502022567923,0.9095912572863002,0.8182745432577473
run-04,outer-context-07,7,7936,True,0,sealed-run04-retrospective,outer_once,741488645,True,True,2.493706638227618,5.6862,"[0.16831854624402748,0.1677759285414644,0.252242400066045,0.16770191883227584,0.169420836413714,0.16391023787336026,0.18094228633118473,0.20487891542785566,0.26288319207976296,0.18415911145837202,0.19281010151119035,0.19683645752225506,0.18464746640288715,0.17371485251275495,0.1734961859145717,0.22735077739780907,0.2133875501484741,0.2314684474898902,0.1748427566485507,0.17809879025396785,0.1991368437095309,0.14231319868825232,0.16326375593600292,0.22850000155391303,0.20741698310573548,0.20810777787259102,0.25623478068821887,0.14463226271852822,0.1636071520649128,0.17427040171903926,0.14812115584253452,0.15188634047407468,0.1423033247692959,0.12613842665137098,0.17655762245111895,0.20484063238499228,0.18469206297243007,0.23838428604343334,0.16056613117397928,0.16551088281920556,0.183442269970477,0.16326449394266676,0.17325539070835144,0.21692685953156834,0.19211837291833658,0.23224117187151747,0.15429310123740012,0.16857534654103454,0.1520326400768185,0.1777743622833791,0.19320747717472272,0.2270724340634858,0.11478679315864036,0.1666264641088644,0.1401410058309539,0.09603568861814216,0.19321587235834878,0.196104042700885,0.16129662045162027,0.17435801904273665,0.18239022140121663,0.1852788610213843,0.14156499191382638,0.1283285111261175,0.13704402576517818,0.14991347544496123,0.24951408210623047,0.15814205623678285,0.1419588695458222,0.1327708394122297,0.11603539057394052,0.10948621607274862,0.10910228206736776,0.14835015849049515,0.16082317191093087,0.2825804070092135]",0.2825804070092135,0.405,1.3405604894571823,1.8,0.0,0.01,True,True,False,False,1.1540599284107957,0.3334329340540247,1.0601762911138326,0.6440597633837455,0.3240069293705357,0.945982738154241,0.927424794878528
run-04,outer-context-07,7,7936,True,1,sealed-run04-retrospective,outer_once,1686799672,True,True,2.5144316503151725,5.6862,"[0.1697737982234008,0.16900252646429778,0.24808939306013267,0.16461901637059467,0.17244596156143618,0.16780277288213183,0.18161403444711857,0.20443919201509428,0.26432808005231617,0.18755838639667793,0.19883028690118557,0.19893263277746717,0.19032637472609634,0.17801224100674262,0.17191577345170417,0.22852856192305335,0.20904201462539343,0.23446410054447997,0.17964467657936564,0.18059045358692083,0.20237928014250262,0.14184990439296633,0.16100118005262362,0.2275531131503784,0.20708565503718576,0.21120645853129863,0.26040845098273074,0.14531249815131697,0.16293022402842885,0.17433465248423294,0.1446543802303187,0.15297956115848377,0.14168290305040399,0.12573625510536884,0.17773208234370286,0.2021894688605881,0.18010761139115428,0.23113784790326833,0.1606052812120389,0.1684101282505596,0.1878615239506154,0.1643557758104471,0.17374554153732122,0.2124826857316395,0.19004220823060802,0.23480844760599084,0.1494457278095993,0.1650184319660221,0.1521921843282063,0.1800771784199227,0.1949083350863094,0.22871394841169249,0.1171673586789453,0.16801451872141876,0.1414380488301572,0.09507558981331056,0.1931050251735133,0.19657685049792833,0.16181112711067033,0.17353658426559376,0.18361966345045003,0.18590833024520123,0.141820595718444,0.12858450710419275,0.13622167618377248,0.14720921386881644,0.2576666797325441,0.15794080695685325,0.14256963334627437,0.13483416026784256,0.1205394006284805,0.11535192990431341,0.11370449650476967,0.14870417084421025,0.15804396318861422,0.2881839536687006]",0.2881839536687006,0.405,1.3405604894571823,1.8,0.0,0.01,True,True,False,False,1.1517083105056158,0.3288480874163582,1.0601762911138326,0.6477281341632478,0.31917074566989334,0.945982738154241,0.9328625941621146
run-04,outer-context-07,7,7936,True,2,sealed-run04-retrospective,outer_once,784746516,True,True,2.515208238104744,5.6862,"[0.175627952210514,0.17270568004024464,0.252349755379258,0.16543918446800734,0.17396846890713788,0.16780901905257933,0.18304704948466094,0.206036716226075,0.2642068817821752,0.18888627247394,0.2010437770312852,0.19990799870770745,0.183098819910976,0.17111641574125322,0.16999744180670456,0.229127459075007,0.21345217238747766,0.23951889225408649,0.17551371691673615,0.18043079660726477,0.20185551465139187,0.14606109191338937,0.1597463756793161,0.22872365882163753,0.20513412845929876,0.21017398563694845,0.2611497356205599,0.1459415408101884,0.1628587480729823,0.17545693840249033,0.14984322580767767,0.15189547827079156,0.13949838790124477,0.1266985658306902,0.1807199959496552,0.20374143090165608,0.18493586785418475,0.23736878227921018,0.16445675853437383,0.1662543710755961,0.18524054178796515,0.16184274003552107,0.17193316259046879,0.21518190866824113,0.1884679470382848,0.2302690297524424,0.15151778504662516,0.16287960522995568,0.15148130608143967,0.17853695975944384,0.19105301573982483,0.22440760920836123,0.11842636242658414,0.16476104069955366,0.1384950307176276,0.09470884918119414,0.19468567959908262,0.19888386807949543,0.1647314044875519,0.17593640557300266,0.1839091782396817,0.18651865926224423,0.14496136110715502,0.13008373436556536,0.13692826890126478,0.15037906158028033,0.25895267462105126,0.1521656496404373,0.13813048781334183,0.1306455416585484,0.11769421837762907,0.11426287805961471,0.11113985530431218,0.14799969396628515,0.15845159336824016,0.27899043456020045]",0.27899043456020045,0.405,1.3405604894571823,1.8,0.0,0.01,True,True,False,False,1.1564045642255296,0.3377139878256123,1.0601762911138326,0.6395137238229625,0.32827628402156805,0.945982738154241,0.922528617185027
