channel_index,channel,direct_actuated
0,EEG RG 01-Ref,False
1,EEG RG 02-Ref,True
2,EEG RG 03-Ref,False
3,EEG RG 04-Ref,False
4,EEG RG 05-Ref,False
5,EEG RG 06-Ref,False
6,EEG RG 07-Ref,False
7,EEG RG 08-Ref,False
8,EEG RG 09-Ref,False
9,EEG RG 10-Ref,False
10,EEG RG 11-Ref,False
11,EEG RG 12-Ref,False
12,EEG RG 13-Ref,False
13,EEG RG 14-Ref,True
14,EEG RG 15-Ref,False
15,EEG RG 16-Ref,False
16,EEG RG 17-Ref,False
17,EEG RG 18-Ref,False
18,EEG RG 19-Ref,False
19,EEG RG 20-Ref,False
20,EEG RG 21-Ref,True
21,EEG RG 22-Ref,True
22,EEG RG 23-Ref,False
23,EEG RG 24-Ref,False
24,EEG RG 25-Ref,False
25,EEG RG 26-Ref,False
26,EEG RG 27-Ref,True
27,EEG RG 28-Ref,True
28,EEG RG 29-Ref,True
29,EEG RG 30-Ref,False
30,EEG RG 31-Ref,False
31,EEG RG 32-Ref,False
32,EEG RG 33-Ref,False
33,EEG RG 34-Ref,False
34,EEG RG 35-Ref,True
35,EEG RG 36-Ref,True
36,EEG RG 37-Ref,True
37,EEG RG 38-Ref,True
38,EEG RG 39-Ref,True
39,EEG RG 40-Ref,False
40,EEG RG 41-Ref,False
41,EEG RG 42-Ref,True
42,EEG RG 43-Ref,True
43,EEG RG 44-Ref,True
44,EEG RG 45-Ref,True
45,EEG RG 46-Ref,True
46,EEG RG 47-Ref,True
47,EEG RG 48-Ref,False
48,EEG RG 49-Ref,False
49,EEG RG 50-Ref,True
50,EEG RG 51-Ref,True
51,EEG RG 52-Ref,True
52,EEG RG 53-Ref,True
53,EEG RG 54-Ref,True
54,EEG RG 55-Ref,False
55,EEG RG 56-Ref,False
56,EEG RG 57-Ref,False
57,EEG RG 58-Ref,False
58,EEG RG 59-Ref,False
59,EEG RG 60-Ref,False
60,EEG RG 61-Ref,False
61,EEG RG 62-Ref,False
62,EEG RG 63-Ref,False
63,EEG RG 64-Ref,False
