development_run_slot,channel_index,channel,direct_actuated,time_w1_free,time_w1_controlled,occupation_w1_free,occupation_w1_controlled,mean_abs_error,symmetric_sd_ratio
0,0,EEG AST 01-Ref,True,0.3629309067128289,0.09885628632856332,0.356933379064711,0.05800103335214407,0.012513351861572706,1.5667580021640994
0,1,EEG AST 02-Ref,True,0.3831075330206959,0.08787089300144851,0.375645013972318,0.044875525354972516,0.007691061354748222,1.5226302882816654
0,2,EEG AST 03-Ref,True,0.42857941288550605,0.05649573610812308,0.4189409152111277,0.02515758680379162,0.007278797384844171,1.6440308056991269
0,3,EEG AST 04-Ref,True,0.3992520339331683,0.08369848938251345,0.38073634262598255,0.04690529303739331,0.04578177699592823,1.4860465611926774
0,4,EEG GRID 01-Ref,False,0.18597408649768904,0.06945708522671369,0.1740401030610743,0.031129723017872212,0.0041749686432806955,1.1116783522524023
0,5,EEG GRID 02-Ref,True,0.270084073308451,0.10369757918083136,0.2562124688925474,0.05016730405556183,0.013780728364569506,1.2074561257208631
0,6,EEG GRID 03-Ref,True,0.3052057206485886,0.11914591575579808,0.2831172972621549,0.055945725993097925,0.0049471201475658685,1.2280093400337406
0,7,EEG GRID 04-Ref,True,0.29729644278838413,0.0810875855419782,0.2852647761316893,0.036918369053724066,0.003771601262174861,1.266168691987489
0,8,EEG GRID 05-Ref,True,0.34676124217688103,0.08535715430758775,0.33494935584320257,0.043457281506021794,0.011807552180976151,1.364027139716457
0,9,EEG GRID 06-Ref,False,0.2586989048412369,0.10128229254414571,0.24436424189038677,0.06020326285635441,0.00944750174664073,1.3540396057291562
0,10,EEG GRID 07-Ref,True,0.3237549161210099,0.07907461892584665,0.3090955110174588,0.03281003165310486,0.010883899019025972,1.00768192629217
0,11,EEG GRID 08-Ref,False,0.32337394225506305,0.11691844644414708,0.31125130314294447,0.08614001120450494,0.005407212306548189,1.3678656778533496
0,12,EEG GRID 09-Ref,True,0.27732028647992474,0.09162816256326943,0.26225978452714627,0.04182680382043756,0.0338345007134026,1.0249439296106453
0,13,EEG GRID 10-Ref,True,0.2834429420224115,0.10367201692204232,0.26659673494220465,0.04414180219701273,0.010211707613232208,1.0968045084628102
0,14,EEG GRID 11-Ref,True,0.28010123225896044,0.12011806235029525,0.26403999535169403,0.07244209494422728,0.04103375556513673,1.221497628882672
0,15,EEG GRID 12-Ref,True,0.3416471846523545,0.11556449891795131,0.32146783159197195,0.04572553252827586,0.003564961092063564,1.2113700210833591
0,16,EEG GRID 13-Ref,True,0.34470903812725723,0.10205559989919329,0.3299247244806156,0.053700718528315775,0.012274073584038137,1.3837023375443915
0,17,EEG GRID 14-Ref,True,0.3147368290249356,0.11415987803712528,0.2960005860587904,0.05303611530865562,0.018016464846494613,1.1917478224665219
0,18,EEG GRID 15-Ref,True,0.32527799629385995,0.11353701231131018,0.3143437252107424,0.06511494993262315,0.002210366669587489,1.2781365477719837
0,19,EEG GRID 16-Ref,False,0.2702678367567789,0.1336374618058777,0.2552930352616185,0.08014914978792631,0.011116163835192837,1.2345550537462173
0,20,EEG GRID 17-Ref,True,0.2800319394895553,0.0935944208663307,0.2643956236067546,0.034290840031383725,0.027717354318145246,1.184418115246611
0,21,EEG GRID 18-Ref,True,0.32737559095135227,0.09019615868765658,0.3137947719777943,0.024540553394500012,0.0038400766454509314,1.0725137082440845
0,22,EEG GRID 19-Ref,False,0.2974467360323777,0.08824649719172264,0.28565901710128194,0.05344101500690687,0.025710772019597546,1.5180336401028784
0,23,EEG GRID 21-Ref,True,0.29481148917602157,0.13409495164997617,0.27193985033639406,0.07638202459944515,0.009710814420755658,1.2780612915790777
0,24,EEG GRID 22-Ref,False,0.211881919603447,0.09120302291564868,0.1945139041832992,0.042766684176393316,0.011341589918491808,1.108284895789062
0,25,EEG GRID 23-Ref,True,0.27968799354741963,0.12478996354682077,0.2681164665416512,0.06677703318881166,0.01522699023817331,1.308823987673762
0,26,EEG GRID 24-Ref,True,0.27255714323203883,0.11703906614854447,0.26171260366093496,0.06325396370951154,0.008204202550477172,1.3511994871065596
0,27,EEG GRID 25-Ref,False,0.2346198913258005,0.0996822879523383,0.2160710476251412,0.047584633182336286,0.00947099600272165,1.2018287162149839
0,28,EEG GRID 26-Ref,True,0.2594615438716828,0.10122272091038077,0.2341357218919038,0.0321937495338364,0.010400684943721398,1.041220206173471
0,29,EEG GRID 27-Ref,True,0.25240972867334827,0.1222211441264637,0.22513074048757148,0.03708026611627683,0.0010522670064507388,1.164827432735877
0,30,EEG GRID 28-Ref,False,0.26319464272562987,0.13346377635099618,0.24649957750066154,0.09147124937803455,0.01507204457636957,1.5813300253983693
0,31,EEG GRID 29-Ref,True,0.36919161829606534,0.11690245804751703,0.3591589483148665,0.06484802589175225,0.03324758057990955,1.982463557594935
0,32,EEG GRID 30-Ref,True,0.3400419222437845,0.1149552227759562,0.3286465636105172,0.0661865051282705,0.015814762834843576,1.8176011879710496
0,33,EEG GRID 31-Ref,True,0.3155906347861178,0.12030930150815802,0.30561716946380446,0.06046308664519557,0.014484915625142541,1.2899807524849678
0,34,EEG GRID 32-Ref,True,0.3435513806177239,0.10501471526655129,0.33802079077025304,0.062291620465204194,0.019824138992557746,1.6831905611133169
0,35,EEG GRID 33-Ref,True,0.2445286244841676,0.09116675620006552,0.22013849864734816,0.014664931058070116,0.014491948587449278,1.1007389974124921
0,36,EEG GRID 35-Ref,True,0.2982998896301169,0.10551208319439341,0.2836116459713394,0.03963398312780868,0.004938826949492485,1.3594856484194993
0,37,EEG GRID 36-Ref,True,0.3079900691312035,0.11122190518182358,0.2945601407686184,0.04314709786299905,0.019009926548465835,1.2537726422357565
0,38,EEG GRID 37-Ref,False,0.3323049922935493,0.10643770247770637,0.31432933734608903,0.05942398528710887,0.025003335966854126,1.8295400534048298
0,39,EEG GRID 38-Ref,False,0.2463898427512363,0.07681734481614529,0.2356769058267777,0.029735553222255746,0.00527934625034503,1.083722924929854
0,40,EEG GRID 39-Ref,True,0.32219068676181,0.1091702826594801,0.31408111018322155,0.061803568267726844,0.005804236058475425,1.3658143012320105
0,41,EEG GRID 40-Ref,False,0.33873409466148907,0.08088593479478874,0.33329936502099233,0.05646471981168981,0.004220529830831488,1.5423139983003542
0,42,EEG GRID 41-Ref,True,0.28536773052127745,0.08289984952646615,0.2657469958401807,0.016233386764574954,0.01623018198193347,1.031885008336823
0,43,EEG GRID 42-Ref,True,0.3557215323485398,0.09530281768603782,0.3341453900896781,0.04183602555982674,0.04180633400651677,1.3236639629943918
0,44,EEG GRID 43-Ref,True,0.3829611715579487,0.09752545526280187,0.3611129128274135,0.03594480012178,0.03455798884753285,1.3051657925813842
0,45,EEG GRID 44-Ref,True,0.367162504605752,0.08369528157970499,0.35044907898474253,0.02160545937110115,0.013318044503700206,1.095356593020043
0,46,EEG GRID 45-Ref,True,0.3987438804894798,0.08600248108924667,0.3822694349244952,0.040082289075905865,0.020334666829269623,1.369571004734661
0,47,EEG GRID 46-Ref,True,0.4034518600776008,0.10262681783104163,0.39015260078100117,0.05939853228358073,0.01816494450378251,1.6038142758291678
0,48,EEG GRID 47-Ref,True,0.35667260789849087,0.0985606050987528,0.3500987368164989,0.06101033333274571,0.01126958481325756,1.7170189993108387
0,49,EEG GRID 48-Ref,False,0.33776465448554915,0.11570146564131938,0.327132319439977,0.06518912104557298,0.02207353686719411,1.6768535836607612
0,50,EEG GRID 49-Ref,True,0.2633311764027058,0.08395867378090537,0.2477174398818185,0.021485487211517138,0.02132439831888901,1.0474049220519044
0,51,EEG GRID 50-Ref,True,0.24611088354513835,0.08294405706718985,0.22861574082407535,0.014602076466053703,0.0009479512935380537,1.07601303224168
0,52,EEG GRID 51-Ref,True,0.31178503611714947,0.09880668586434467,0.30136457981734244,0.049220348442701053,0.008365936407577601,1.4274141240904326
0,53,EEG GRID 52-Ref,True,0.2855563857323824,0.09862257694687021,0.2737476684648854,0.03996643249155552,0.022058608741390137,1.3726229955587983
0,54,EEG GRID 53-Ref,True,0.34900679577989974,0.10738069668548067,0.324512725592482,0.037082048627456406,0.01805659322573768,1.4317431200794097
0,55,EEG GRID 54-Ref,True,0.4131800433960824,0.08937736067235993,0.39864408806449964,0.043672230990342724,0.009965930616475695,1.6106441644622826
0,56,EEG GRID 55-Ref,True,0.37408758961331623,0.12141538986229017,0.3625536181971455,0.08048332256392712,0.007569296804199379,2.475324136092305
0,57,EEG GRID 56-Ref,True,0.3750665515363154,0.13830048430655822,0.3653166251840122,0.07385802198074215,0.025119260990945927,2.359498019877141
0,58,EEG GRID 57-Ref,True,0.33712572193309803,0.11817277193288986,0.3112104864722802,0.05990543898896911,0.059905438988969016,1.233720034114795
0,59,EEG GRID 58-Ref,True,0.3483235029478092,0.10811667922495599,0.3268958188188292,0.04083455976528739,0.04080211592582156,1.2307433998864843
0,60,EEG GRID 59-Ref,True,0.25378534126313845,0.10860904470340971,0.23179196796530918,0.03155966371398959,0.012928858455360518,1.1232008065352768
0,61,EEG GRID 60-Ref,True,0.3667475884248584,0.11315606544718797,0.34813198872544776,0.032060621933120516,0.007171044551218701,1.474146532876844
0,62,EEG GRID 61-Ref,False,0.33106036974489506,0.12653858944789118,0.2996748284746985,0.0655525133092346,0.030387796264425313,1.4683865825570939
0,63,EEG GRID 62-Ref,True,0.38033279749310833,0.14142570686862638,0.3562650818066979,0.062436468383923235,0.004938390058192915,1.873392427148559
0,64,EEG GRID 63-Ref,False,0.3158878084105537,0.126082823123244,0.3048453144418154,0.09003268512872176,0.0009114290235206,2.977533904879023
0,65,EEG GRID 64-Ref,True,0.2993137848047429,0.10037456183050299,0.29083087232753985,0.06178170070411416,0.026772859521783137,1.9399123730055743
0,66,EEG LA 01-Ref,True,0.34633717313614754,0.10789630834385083,0.305404370604029,0.04219313318752538,0.04067677980320227,1.008300775968838
0,67,EEG LA 02-Ref,True,0.3108976640106041,0.09632271392974437,0.26994418220426236,0.023149750230821442,0.010056813665720454,1.0606427860257155
0,68,EEG LA 03-Ref,True,0.34468810208812284,0.08178457777994741,0.3253885039735913,0.028252379124766917,0.008660772583414736,1.1115718124768448
0,69,EEG LA 04-Ref,True,0.36232973690580345,0.08067170033630205,0.3387244546675483,0.024240488145670522,0.01010462012046563,1.0875824797764473
0,70,EEG LFP 01-Ref,True,0.33376053012399365,0.13979008379450256,0.3136478726598778,0.10179646095650499,0.002164617565232199,1.1427854319931596
0,71,EEG LFP 02-Ref,True,0.3549360522051454,0.13384274524047204,0.3377274865689192,0.08764161781590656,0.005400296024842997,1.1615466465769788
0,72,EEG LFP 03-Ref,True,0.30742600937563647,0.1044453765526705,0.290717703438414,0.05774197679153432,0.015032756561837278,1.2155367262021373
0,73,EEG LFP 04-Ref,True,0.35809365701517076,0.16491568347647126,0.3287309866879892,0.10559304308725578,0.031938530672427315,1.244493223252389
0,74,EEG LFP 05-Ref,True,0.3742714314519246,0.16059003498895263,0.3492221791700317,0.0969105941632022,0.03625363601066642,1.2347934961420772
0,75,EEG LFP 06-Ref,True,0.3434972124409871,0.12263299394529836,0.327429220039966,0.07371656715159612,0.022117619637459257,1.315157773925862
0,76,EEG LH 01-Ref,True,0.399768418813394,0.09434598004898963,0.3731140756670079,0.04377583427708637,0.03573538111173081,1.1732945098288368
0,77,EEG LH 02-Ref,True,0.3999079493664296,0.09036320189810136,0.37612510030579566,0.035994713367713746,0.027665910019616533,1.1149505074143857
0,78,EEG LH 03-Ref,True,0.3958450402578427,0.07637816477741922,0.3760695356806841,0.02908612287852395,0.00824911843150612,1.1343595946905614
0,79,EEG LH 04-Ref,True,0.3401775675447664,0.06653228815881132,0.31683233089142804,0.02023882441320497,0.0109143932681613,1.0392309186172173
0,80,EEG MST 03-Ref,True,0.2860425475715129,0.11904799407527647,0.26344772452854687,0.037149396178655265,0.01582577209150553,1.0654343814434764
0,81,EEG MST 04-Ref,False,0.2169632562384635,0.07262364813119261,0.20345879140716303,0.02643340863778459,0.016180069560875893,1.075291967921282
0,82,EEG OF 01-Ref,True,0.3408423953333455,0.17420155303807575,0.3143187067351357,0.13790804265901915,0.05238557536680403,1.3779263777572994
0,83,EEG OF 02-Ref,True,0.3571008407661208,0.186534498910881,0.3318116072942608,0.15230781163516707,0.05489052715501283,1.4401930108795642
0,84,EEG OF 03-Ref,True,0.35797218645129886,0.18767072182213676,0.332946662458742,0.152280804968488,0.054593719315728345,1.42663077573982
0,85,EEG OF 04-Ref,True,0.348358228169821,0.17601015092360958,0.32705678050231674,0.14075205103523966,0.050381458535391194,1.4667899588778652
0,86,EEG OF 05-Ref,True,0.32499438075857984,0.1499607988683549,0.3078281361804111,0.11009158379669036,0.03849898928224225,1.449077834050224
0,87,EEG OF 06-Ref,True,0.3091557283999781,0.1527349945630277,0.28448226962708634,0.09073612984313992,0.01675015301165219,1.2881565685263145
0,88,EEG OF 07-Ref,True,0.30780479882097195,0.13713844981261408,0.2903523423744992,0.07762857306737594,0.014180942180843906,1.3320723539945851
0,89,EEG OF 08-Ref,True,0.3068453575237635,0.133848718677386,0.2936044157894537,0.08580358777181821,0.03283425615702392,1.4502496961476932
0,90,EEG PPO 03-Ref,False,0.15898026364224543,0.09664122321345966,0.12254374548588992,0.0177803481621255,0.00884999807285347,1.0205069996578535
0,91,EEG PPO 04-Ref,True,0.3078754217501982,0.10755163066890797,0.2864376218782986,0.041114016442329725,0.01946764843086697,1.2424534591459881
0,92,EEG PPO 05-Ref,False,0.3371600875662042,0.14269352735063667,0.32466736453936185,0.11117047152658505,0.0076392516368490445,1.686412911799327
0,93,EEG PPO 06-Ref,False,0.22710037592794538,0.1168520819995707,0.2054558681636959,0.06788451802191063,0.01161727836400232,1.3461450941767514
0,94,EEG PST 03-Ref,False,0.35370647244811904,0.12886947322823114,0.34035301185706124,0.07912979018844013,0.02169841508015978,1.579512162990008
0,95,EEG PST 04-Ref,False,0.3481019594134806,0.1256212117862011,0.32914281052568795,0.07766481982193807,0.024048826080753004,1.7330854946838108
1,0,EEG AST 01-Ref,True,0.4168103024881936,0.10790570440949267,0.40224583533580616,0.06687480020889076,0.005791651148329889,1.6621090135996417
1,1,EEG AST 02-Ref,True,0.49713301025771367,0.10576749510620259,0.47524756763142384,0.06399677812606783,0.02687325473972151,1.9391251183177103
1,2,EEG AST 03-Ref,True,0.5363510139393164,0.07890822944254439,0.5209791548644617,0.050743052242928896,0.04168844547665845,2.507789692646124
1,3,EEG AST 04-Ref,True,0.42982307737052494,0.09705380200800373,0.4143033612916038,0.0658398652269781,0.0658330143773436,1.912274522504424
1,4,EEG GRID 01-Ref,False,0.23957166543085542,0.1252542259411157,0.2237394825940051,0.07981512737037877,0.046389832643500044,1.978365038699946
1,5,EEG GRID 02-Ref,True,0.3460192582677966,0.1750314733771761,0.32532650624269144,0.12184406480381253,0.054386689288921576,2.3442849926550493
1,6,EEG GRID 03-Ref,True,0.3820350279079804,0.20863107582725351,0.3562915554631155,0.14583233037532023,0.02084038451072047,2.451809550904097
1,7,EEG GRID 04-Ref,True,0.3169013741002815,0.1210165402610157,0.3034765957531083,0.07513631058567492,0.018903297277474494,1.9790254080743566
1,8,EEG GRID 05-Ref,True,0.33853121757390675,0.08508423121948944,0.3318275123410715,0.04482262246641714,0.015028265856686774,1.3460614212057058
1,9,EEG GRID 06-Ref,False,0.3114362340131894,0.13620830168231512,0.2971474116776093,0.09522647673348612,0.023773628669972742,1.9751143105462674
1,10,EEG GRID 07-Ref,True,0.38532279292869553,0.15663171458257338,0.37320955137121287,0.0920117285159635,0.022560379316199322,1.9831702289078375
1,11,EEG GRID 08-Ref,False,0.3879079791795431,0.19842985679157538,0.3746905616789764,0.15665190359526399,0.031088304149393564,2.338046143771448
1,12,EEG GRID 09-Ref,True,0.35001126257392684,0.1728025966364106,0.33049868594697734,0.10391266952480763,0.06821329594330859,2.0306059839756863
1,13,EEG GRID 10-Ref,True,0.33617321676793344,0.1421836084271851,0.3177666452726933,0.07577716726261234,0.007377807645430307,1.650180826746675
1,14,EEG GRID 11-Ref,True,0.35334176821563956,0.18631737937632808,0.3298237511652513,0.12840403451032112,0.038606450631012104,2.2426991619086696
1,15,EEG GRID 12-Ref,True,0.3903114916005991,0.2056268894094112,0.3697292234810637,0.1302974773222362,0.029827259597694136,2.556852497249153
1,16,EEG GRID 13-Ref,True,0.3664711245320268,0.15103421446214735,0.35494967775974295,0.10046751559788025,0.01876844053229853,2.551412699703998
1,17,EEG GRID 14-Ref,True,0.3289981293415645,0.13777778834005663,0.3143195415287533,0.07349724009331633,0.030678011110351833,1.5935589340769838
1,18,EEG GRID 15-Ref,True,0.3542035674545949,0.12946350648666774,0.3449057535950254,0.08767880435418271,0.0433813411895932,1.5876912145083073
1,19,EEG GRID 16-Ref,False,0.31154982316709573,0.160156855147506,0.29295573272547215,0.1064164850991975,0.04557364679637898,1.5226940561494366
1,20,EEG GRID 17-Ref,True,0.32919527149597655,0.12957023714735094,0.31051919151242985,0.06887561224235135,0.03047674986026194,1.7927117854215484
1,21,EEG GRID 18-Ref,True,0.3564833594643976,0.09547521058657446,0.34195199521036285,0.0329179382421248,0.019939163013424428,1.19655837165982
1,22,EEG GRID 19-Ref,False,0.32179397149497807,0.1314245039524064,0.3106807745054321,0.09399439286291011,0.04376587846458114,2.42455706023974
1,23,EEG GRID 21-Ref,True,0.31017200475631085,0.1547123608730733,0.2923698548671103,0.09624221576635122,0.026722563772103292,1.6152927422820145
1,24,EEG GRID 22-Ref,False,0.2567475230808973,0.12416486121875668,0.23856511460476873,0.07018730059052723,0.025459005593489275,1.6877040030218868
1,25,EEG GRID 23-Ref,True,0.306605216239691,0.10352216321053824,0.29644398329796134,0.061044696672870886,0.032347235937917045,1.2622848936417594
1,26,EEG GRID 24-Ref,True,0.30425027628885,0.10038164788200722,0.2901066129778389,0.05701775940538419,0.02248546880221925,1.3041702476088133
1,27,EEG GRID 25-Ref,False,0.26812823166657035,0.11675011381692375,0.244967582142123,0.06413243791266202,0.028303416518578265,1.323810510829667
1,28,EEG GRID 26-Ref,True,0.3170636602062277,0.13579509148787638,0.28711249415667955,0.06564993210086963,0.05625015814702442,1.3581956568116864
1,29,EEG GRID 27-Ref,True,0.30205107341496573,0.1462925958871533,0.2710484893485989,0.07154868439401292,0.06263235492582495,1.3924025878878958
1,30,EEG GRID 28-Ref,False,0.2579067338067198,0.11826653446723313,0.24355688349800889,0.08089242803313833,0.02308391453812131,1.4515370354329227
1,31,EEG GRID 29-Ref,True,0.35012443913213054,0.07740066857850318,0.34172030434717915,0.03270226238166875,0.019327480815960515,1.2047835187656744
1,32,EEG GRID 30-Ref,True,0.3262818603024199,0.08279204321223324,0.31858339797878166,0.04378027118288141,0.02612299776130648,1.327867183378406
1,33,EEG GRID 31-Ref,True,0.33542145389873834,0.08831197625494869,0.31980417373342357,0.04208275112353165,0.003178924175882709,1.1212453196206005
1,34,EEG GRID 32-Ref,True,0.3434773963120717,0.08109108471109275,0.33746973310434175,0.04039406106789954,0.0009639093775908124,1.266431626601251
1,35,EEG GRID 33-Ref,True,0.29956619785980476,0.1187710955044669,0.2642497388478265,0.039479530930109086,0.03748223652834664,1.2461890510663147
1,36,EEG GRID 35-Ref,True,0.3624837930987425,0.1355159740052363,0.3394952660647071,0.07217196502210789,0.05673152452797518,1.751486529196404
1,37,EEG GRID 36-Ref,True,0.3507572182380986,0.12317125393398415,0.3339818123901747,0.057498884634908404,0.04770027535533912,1.4128948443653184
1,38,EEG GRID 37-Ref,False,0.31997385891244234,0.09235498330569852,0.3049565900287229,0.04780008534763871,0.0035924150403291054,1.5203818205702277
1,39,EEG GRID 38-Ref,False,0.2792998672391935,0.10104612380075402,0.2668558557902138,0.04816742315734794,0.00823145636458975,1.466831525107489
1,40,EEG GRID 39-Ref,True,0.36025705144863035,0.09979034555230316,0.3476122148946571,0.05910771480122277,0.036542667593589914,1.3238806370113685
1,41,EEG GRID 40-Ref,False,0.35939957556699,0.07688797193247278,0.352204262067178,0.055485530515901334,0.0041205173773902325,1.5114489943015386
1,42,EEG GRID 41-Ref,True,0.2913273936008384,0.09493520328325776,0.27389207440691293,0.018649502347475925,0.012415032921034708,1.17522764142856
1,43,EEG GRID 42-Ref,True,0.40697864965837377,0.1156522426231725,0.38038992459869275,0.0419551196517181,0.008438422421672231,1.6771393881046313
1,44,EEG GRID 43-Ref,True,0.4399468222688854,0.1201097124782464,0.40956552185886,0.04598580162560809,0.032342698011504044,1.4838675269139254
1,45,EEG GRID 44-Ref,True,0.4375634745223409,0.11799453549114636,0.41525205213711003,0.05670820130109139,0.05617230124067237,1.5520452747006501
1,46,EEG GRID 45-Ref,True,0.43923942649510606,0.10981479858320534,0.4237650127131039,0.06297812572537068,0.044124516217426094,1.7418087245995746
1,47,EEG GRID 46-Ref,True,0.4432934841334861,0.10295008676720176,0.4327100545625044,0.06587549790154529,0.0462403614865268,1.7281211071161657
1,48,EEG GRID 47-Ref,True,0.4138714598476727,0.10439403235577849,0.40671215114896875,0.07179333468423736,0.0399232833578945,2.200481043988768
1,49,EEG GRID 48-Ref,False,0.3606712741467236,0.0968489449790573,0.34613823247595926,0.049614230517832175,0.02182993774261588,1.3624957409259126
1,50,EEG GRID 49-Ref,True,0.3154334018956565,0.10157243094886974,0.2946424024997912,0.02766871769396833,0.02718329147839423,1.228917546143215
1,51,EEG GRID 50-Ref,True,0.2436145148598262,0.10243625917958128,0.23377864862960926,0.03726660030683614,0.00743037619345683,1.3656420603941146
1,52,EEG GRID 51-Ref,True,0.33224477048892753,0.11446067326300889,0.3200695269324939,0.0642062766380505,0.0017779824521836991,1.6325247325720875
1,53,EEG GRID 52-Ref,True,0.3170399788272212,0.12316550120703743,0.3004705179284406,0.061225508168316484,0.01930188431208553,1.7634539306577859
1,54,EEG GRID 53-Ref,True,0.3561369153779098,0.11412763232878242,0.3349510017000309,0.03908039543879038,0.02398510844508126,1.3431787358301666
1,55,EEG GRID 54-Ref,True,0.44502824978895805,0.10242652931870731,0.43477203453662305,0.057787102504874656,0.042617802519272475,1.8829339171573172
1,56,EEG GRID 55-Ref,True,0.38533548226245945,0.09129152866033738,0.3771388426735701,0.057250317409173836,0.03897817274202021,1.847308048173287
1,57,EEG GRID 56-Ref,True,0.3779942048036618,0.09666856489407231,0.36303353331071914,0.03412754350172798,0.017551570185638854,1.4022343006620261
1,58,EEG GRID 57-Ref,True,0.33096272852061404,0.12683772198509458,0.3091204008768611,0.05050251291839164,0.050128644250831425,1.3314927861503052
1,59,EEG GRID 58-Ref,True,0.3585521999691465,0.12551825443421913,0.3416802113604164,0.04731507850961709,0.04384464788186923,1.5744898853888538
1,60,EEG GRID 59-Ref,True,0.2879509517820544,0.13390518513385208,0.2650594002457912,0.05435084142547118,0.0009721312919372619,1.4391181862485156
1,61,EEG GRID 60-Ref,True,0.34246871032980375,0.12546538432412213,0.32283857608805316,0.04731131165934864,0.03778964135750902,1.3930376932976933
1,62,EEG GRID 61-Ref,False,0.3020421364709437,0.14121802281630233,0.2821585651527978,0.08133696433240153,0.03246913182296593,1.544631349268392
1,63,EEG GRID 62-Ref,True,0.3480844814188913,0.1387311630067902,0.32739940707677934,0.056004530920202765,0.003565278733024221,1.5090237492358276
1,64,EEG GRID 63-Ref,False,0.28879752826278404,0.09891786277854593,0.28036652760578235,0.06191772972238185,0.014582267153798893,1.8609359909664998
1,65,EEG GRID 64-Ref,True,0.30829076409254286,0.08534421418334609,0.29920938816739273,0.05106674367124504,0.019455753146136578,1.6921321863738221
1,66,EEG LA 01-Ref,True,0.4198888511941121,0.13798545707978,0.3776873138497342,0.055888154011143394,0.02854219683100282,1.3505720844680063
1,67,EEG LA 02-Ref,True,0.4216963056581317,0.12598784477056196,0.37660597249255134,0.03622548898467821,0.015158836538112267,1.28186193003067
1,68,EEG LA 03-Ref,True,0.4809330616900188,0.12971270841574645,0.45687086569023916,0.07394035776896397,0.05044258079500679,1.8012766270872849
1,69,EEG LA 04-Ref,True,0.5041884221344677,0.1442406327116485,0.4757723726442607,0.08074411945440169,0.04330531899577305,2.0259941743559042
1,70,EEG LFP 01-Ref,True,0.34463852258595606,0.16353579132182325,0.32225008309381126,0.11385298437104054,0.03689036952902123,1.2846076834215585
1,71,EEG LFP 02-Ref,True,0.36836141211187307,0.1552194158709681,0.3469098848135711,0.10237166045642217,0.03971227604118802,1.2836688559302882
1,72,EEG LFP 03-Ref,True,0.34400045028182985,0.14182396592857904,0.3212410077727219,0.09065319041643435,0.04688275450425303,1.5384190928509989
1,73,EEG LFP 04-Ref,True,0.3652864137365347,0.17659362526301223,0.332963503356247,0.11047914259514689,0.009261316631207793,1.2754746758461941
1,74,EEG LFP 05-Ref,True,0.3628371833462497,0.1592216176351855,0.33957677709374584,0.09830539989726739,0.01819646066319411,1.21132620035492
1,75,EEG LFP 06-Ref,True,0.35433259168244813,0.1347815368814069,0.33633629812503174,0.08905105762798969,0.04537995855458575,1.46263398047402
1,76,EEG LH 01-Ref,True,0.49329900095651424,0.13041836235118803,0.4660494138815171,0.07581667922222553,0.010522405251505175,1.853957358556518
1,77,EEG LH 02-Ref,True,0.5303537857269187,0.1385375943686558,0.5037280069750778,0.07669860590377021,0.015034240527086695,1.9013004353207092
1,78,EEG LH 03-Ref,True,0.5398460402303313,0.14064412918805688,0.5169459197388326,0.08710948116108606,0.04604599919507268,2.3224903413283893
1,79,EEG LH 04-Ref,True,0.4633699311991714,0.12582145844662815,0.43740178485467057,0.06966457524761681,0.033940945079930514,2.163703579260681
1,80,EEG MST 03-Ref,True,0.28384651286205415,0.1055314487126567,0.26299244386089393,0.039544567106071474,0.028199778136985088,1.0794672570293642
1,81,EEG MST 04-Ref,False,0.24015091454664636,0.08023726692584289,0.2247189248677497,0.034122568105152774,0.019867009955824057,1.210507654565115
1,82,EEG OF 01-Ref,True,0.3698497298348176,0.20369635105105136,0.3458124801824127,0.161316694547871,0.07689316498660227,1.5148274623088565
1,83,EEG OF 02-Ref,True,0.385496780305385,0.21287921702456103,0.3622727630901681,0.17319407972972442,0.07617084961973629,1.551937950667716
1,84,EEG OF 03-Ref,True,0.38353057747808894,0.21066291949491156,0.36130772471446587,0.17081150138696782,0.07301347288224597,1.5268905870906346
1,85,EEG OF 04-Ref,True,0.37003191328316315,0.19439889014216613,0.3523259179199404,0.15754673195840455,0.0653569967055375,1.5637184506702781
1,86,EEG OF 05-Ref,True,0.34058025062040703,0.15450797863599527,0.32524003319696254,0.11866014586799023,0.04929357946300782,1.5168793442221422
1,87,EEG OF 06-Ref,True,0.3161678963721079,0.15587831042178468,0.2986694321106102,0.10265279250882249,0.026001499151043238,1.4022251398221366
1,88,EEG OF 07-Ref,True,0.3025113432033963,0.12477997339952179,0.29306206823079783,0.07618338515593882,0.026902067014680415,1.3843209763762596
1,89,EEG OF 08-Ref,True,0.32591288683573705,0.14810614385366208,0.3148732363235074,0.10638343501918666,0.02108898153997323,1.7079949242021397
1,90,EEG PPO 03-Ref,False,0.18329223965389876,0.10941650329951685,0.1492688050472851,0.028275506617008162,0.004164585914384283,1.196327365436609
1,91,EEG PPO 04-Ref,True,0.30644470828906956,0.11226118183987556,0.2917491110490016,0.04124014387864767,0.011440034863113156,1.304090128047331
1,92,EEG PPO 05-Ref,False,0.32174266083478653,0.13436234303347103,0.3134442628842811,0.10649240774001449,0.005898343676049519,1.6139875068637421
1,93,EEG PPO 06-Ref,False,0.20971340757766602,0.10873562613510145,0.191336938539498,0.05966323243054252,0.00782364968551935,1.2276767308544747
1,94,EEG PST 03-Ref,False,0.3374937577988088,0.11053006919824834,0.3274812723890529,0.06729680483138537,0.03275849184689285,1.3499192332633334
1,95,EEG PST 04-Ref,False,0.33674963454645607,0.10484428282241588,0.32423950579027827,0.06395518268490945,0.0365026525928318,1.5107777057678822
2,0,EEG AST 01-Ref,True,0.38614864711905905,0.0800668358048381,0.37390658816712163,0.044260447558894106,0.014319320465926932,1.247403406491277
2,1,EEG AST 02-Ref,True,0.42791662771126965,0.07194405409432673,0.41119289390806874,0.03537478268297799,0.02106199172131214,1.3007562890741335
2,2,EEG AST 03-Ref,True,0.44629336028826755,0.04594552178570623,0.43602461488382066,0.018673055692219782,0.012574786880172944,1.2826863530825876
2,3,EEG AST 04-Ref,True,0.368320003327758,0.056082505943335886,0.3541729746797146,0.01883667738590207,0.007459754079984491,1.1267058021779461
2,4,EEG GRID 01-Ref,False,0.18544283657617275,0.0792642725622183,0.17333340260890867,0.03677182864901243,0.012609670277307078,1.1710017319043797
2,5,EEG GRID 02-Ref,True,0.24390117645926596,0.0791119950392182,0.2366005351521533,0.03952611440734976,0.023770711198702527,1.0751743546355559
2,6,EEG GRID 03-Ref,True,0.2516301440160019,0.09049354680268079,0.24336878448176136,0.04535818943133172,0.030059885968711838,1.0618921169338875
2,7,EEG GRID 04-Ref,True,0.25881419206570927,0.06752707667448847,0.2518954757577707,0.02863640673376165,0.01155212702686379,1.0957471412973168
2,8,EEG GRID 05-Ref,True,0.31112102085832144,0.06664913215283023,0.30499414600800406,0.031419583150844727,0.012104243960373922,1.1365260436146378
2,9,EEG GRID 06-Ref,False,0.24349075919895172,0.08217301282218988,0.23347957005604197,0.04719240335875233,0.00746204636015757,1.2235342465081056
2,10,EEG GRID 07-Ref,True,0.3232341141185046,0.08753481430105339,0.30663301557563494,0.04008052894839062,0.029476500375778023,1.0928576697999917
2,11,EEG GRID 08-Ref,False,0.3182675867047631,0.11601263284144997,0.30698976449203663,0.08528675571006267,0.010208061897553437,1.3749651771830782
2,12,EEG GRID 09-Ref,True,0.26032826357564787,0.08330563850126096,0.248422776211053,0.036529497161926106,0.022059813705290168,1.0155010867951046
2,13,EEG GRID 10-Ref,True,0.26640663588654945,0.07264138701745126,0.25656298209211753,0.033282617495186545,0.006108113638518362,1.0288218870459565
2,14,EEG GRID 11-Ref,True,0.25147133898727864,0.08276728118486636,0.23875048369925514,0.04789115455618055,0.01347618088063253,1.046400185752408
2,15,EEG GRID 12-Ref,True,0.2791465010107656,0.08439583603102666,0.26956586950621564,0.03872945524508797,0.018737364329847732,1.003091567770244
2,16,EEG GRID 13-Ref,True,0.2956936978756763,0.07345252533682585,0.28743311649042946,0.03666682014437394,0.019701370111568837,1.1408284043290617
2,17,EEG GRID 14-Ref,True,0.2975285670789108,0.0991751182727566,0.28103329868672444,0.04910274462341538,0.029412376166201407,1.091464465767376
2,18,EEG GRID 15-Ref,True,0.33405376119056845,0.09992304222602436,0.3178868710107874,0.05781393930976837,0.0003883810471442598,1.2103597157559376
2,19,EEG GRID 16-Ref,False,0.2765067825470033,0.12047331700640079,0.257460186760053,0.07356119669129155,0.007278055578021516,1.1780786034639648
2,20,EEG GRID 17-Ref,True,0.25935199369086676,0.07265272114068011,0.2501895391194287,0.017291895680934796,0.004721924914134818,1.02238564530664
2,21,EEG GRID 18-Ref,True,0.3181703988219174,0.07184230845896077,0.3095124228657869,0.01902520636636089,0.0010367058495858485,1.0257485501307144
2,22,EEG GRID 19-Ref,False,0.28390400781564096,0.077981943124772,0.2760472884584339,0.04666011289094047,0.009764672374899792,1.4911088018152312
2,23,EEG GRID 21-Ref,True,0.27850468550088336,0.11688855637679962,0.25706285307146937,0.06631776846532765,0.006288151065410588,1.1918434222918397
2,24,EEG GRID 22-Ref,False,0.24515937515257205,0.10256548962077064,0.22073142615097388,0.05116745427110598,0.024192997462310937,1.2719119960300451
2,25,EEG GRID 23-Ref,True,0.2940277364601518,0.09170623042309964,0.281124752602434,0.04793580957312328,0.014143258299605119,1.130570612729796
2,26,EEG GRID 24-Ref,True,0.28266675665952207,0.07784940928345448,0.2675281170999907,0.037860705239598384,0.0061656805223267025,1.125159511839681
2,27,EEG GRID 25-Ref,False,0.21237689051666647,0.08857740711791658,0.1959323028640322,0.03842357663988266,0.011139635293993972,1.104521385159657
2,28,EEG GRID 26-Ref,True,0.24659805863062628,0.08799066677580952,0.22277827242274614,0.02955406713733491,0.0050279656610261935,1.0370637184538756
2,29,EEG GRID 27-Ref,True,0.22780054726961432,0.08893522285633744,0.20504353265908756,0.027251257435360266,0.00830075403052494,1.0716429515419519
2,30,EEG GRID 28-Ref,False,0.2494266587266011,0.10016759444985221,0.23517147585611203,0.06627288099979951,0.010378760506190606,1.3044967639499485
2,31,EEG GRID 29-Ref,True,0.3498627535128089,0.08004155000453826,0.3405069478231234,0.028856445300029437,0.013915113990841907,1.2383957361507965
2,32,EEG GRID 30-Ref,True,0.3286470652881862,0.07180318836518111,0.31731062225388434,0.029122481043835444,0.002637461046555113,1.121696946404202
2,33,EEG GRID 31-Ref,True,0.3297658565297392,0.09881186682537973,0.31073932076458133,0.04528498356526442,0.008398373753236137,1.1691171381910057
2,34,EEG GRID 32-Ref,True,0.3525145469781986,0.08317971566576945,0.3418754008334331,0.04340447083627646,0.014010260102591817,1.3632131016654405
2,35,EEG GRID 33-Ref,True,0.24067026017050586,0.085355452992536,0.21367263407743356,0.015080632059458548,0.01508063205945862,1.0143345013105622
2,36,EEG GRID 35-Ref,True,0.2891092029751887,0.09466164087099246,0.2722505927203382,0.03224542335749992,0.022657926075211613,1.2314014916780147
2,37,EEG GRID 36-Ref,True,0.3085439543416273,0.09999255446887215,0.2945835987311648,0.0362971565657326,0.020557026053176185,1.2009718213249974
2,38,EEG GRID 37-Ref,False,0.28057461858745314,0.06749137476071167,0.26867949853530076,0.021786106507853877,0.009237636874333323,1.072277439353594
2,39,EEG GRID 38-Ref,False,0.25087925960683055,0.07341573602965934,0.2355148335491106,0.03162006076200291,0.022248894230188047,1.0427322858616046
2,40,EEG GRID 39-Ref,True,0.3205283998227979,0.09805736958615374,0.30546464397900447,0.04904984737151009,0.012360894503867119,1.2106299203614035
2,41,EEG GRID 40-Ref,False,0.352567657104985,0.08428143710901742,0.34406841394555804,0.05922438019457613,0.017925352941608692,1.5624641180187868
2,42,EEG GRID 41-Ref,True,0.30159140288643077,0.08947583256121089,0.2790360850694962,0.027559104489097694,0.027539493739004918,1.1714037423230346
2,43,EEG GRID 42-Ref,True,0.3237321341644048,0.08730056403795451,0.30290468825459843,0.02280547508902968,0.020469593878439177,1.0962832131645412
2,44,EEG GRID 43-Ref,True,0.3286573408865161,0.0831525899331146,0.31175730049789957,0.016101409803570627,0.010577786893733279,1.0989157217218648
2,45,EEG GRID 44-Ref,True,0.31901033943527013,0.07488510823328776,0.3073843574112884,0.012513030817941577,0.005298259362552149,1.0441956929765432
2,46,EEG GRID 45-Ref,True,0.3479475060027697,0.05781300088364549,0.3363114878198698,0.021050897327729252,0.010636528605250802,1.0653410080062404
2,47,EEG GRID 46-Ref,True,0.37029785453177094,0.068602630180472,0.3590614456638911,0.03211423529176715,0.002022800886184013,1.1373948267392213
2,48,EEG GRID 47-Ref,True,0.34542848073120885,0.07049473974761801,0.33815176248168616,0.03484363678476197,0.0026753553511039713,1.281120151169346
2,49,EEG GRID 48-Ref,False,0.32895325275372767,0.08539420256933113,0.318110527063317,0.04054479517456655,0.018866863248701238,1.1918600877385077
2,50,EEG GRID 49-Ref,True,0.2686410644691393,0.07534593571357137,0.25374787066525994,0.020119673938833255,0.014593175842695209,1.1012664431759598
2,51,EEG GRID 50-Ref,True,0.2464433928898262,0.07486750016264228,0.23167769492471688,0.018335801171786067,0.014331554129615755,1.0574691007013417
2,52,EEG GRID 51-Ref,True,0.31123838376798024,0.08729725402265368,0.2985297463034059,0.041006220133887196,0.02485443185430428,1.2209741538503942
2,53,EEG GRID 52-Ref,True,0.2869849537421062,0.0837410719582497,0.2707009958289678,0.03245980456084562,0.025837272566660872,1.1909890402868886
2,54,EEG GRID 53-Ref,True,0.2942642766327363,0.07595864126263183,0.2766687178434075,0.019401758917733027,0.01557095989948631,1.000305822106052
2,55,EEG GRID 54-Ref,True,0.36124061552248066,0.06431361066400998,0.35120015204257915,0.021882447256868352,0.0015366310136439223,1.1356520845009248
2,56,EEG GRID 55-Ref,True,0.32415696881880185,0.07699786631644982,0.3161636254942428,0.03875995652354523,0.005384783054736393,1.369513599936974
2,57,EEG GRID 56-Ref,True,0.34807990141639533,0.08779630975097644,0.33564842641473314,0.032805431388318484,0.02587909747735899,1.2404462460531733
2,58,EEG GRID 57-Ref,True,0.30332820737820554,0.08213386058333956,0.2826405104464049,0.013087085108790322,0.01047361867045555,1.03782783897492
2,59,EEG GRID 58-Ref,True,0.32027228867168867,0.07227758433474019,0.3043445630733429,0.01876124584744662,0.006002947422949871,1.1186550330675504
2,60,EEG GRID 59-Ref,True,0.2476329683084107,0.0985311830983954,0.22668968879779638,0.036352830344200275,0.03538251604385153,1.0080106634217834
2,61,EEG GRID 60-Ref,True,0.3446717328344394,0.09973293342687924,0.3242330716722828,0.016076396776326222,0.0016771508913200346,1.109502227337816
2,62,EEG GRID 61-Ref,False,0.265166255949595,0.09146141997284034,0.24731316285960886,0.03923003892429018,0.0048865099787075445,1.0801372295416944
2,63,EEG GRID 62-Ref,True,0.3087883402949552,0.0905592807922129,0.2874984201536443,0.027308127142432047,0.02064828894742752,1.0323745482129025
2,64,EEG GRID 63-Ref,False,0.2664266750067326,0.0695742759732593,0.2588973320014955,0.035733662945137475,0.017385895996543766,1.3570004104731854
2,65,EEG GRID 64-Ref,True,0.2879306368071129,0.07195786960166232,0.2813755773995282,0.03932899235884514,0.017937302994894617,1.4087515924058842
2,66,EEG LA 01-Ref,True,0.3393351338525693,0.09062359177255852,0.3031590556791858,0.026780769229656845,0.00020687788160314179,1.0956945882456066
2,67,EEG LA 02-Ref,True,0.32740150282655417,0.10152082884167027,0.2864874060523843,0.022464295047212975,0.008840279925825095,1.0551298550081127
2,68,EEG LA 03-Ref,True,0.3572491121057439,0.08753115097256255,0.33697103153004404,0.03472875002122352,0.0011287356984724668,1.1570331035279038
2,69,EEG LA 04-Ref,True,0.3554941764529171,0.08426446059954974,0.33552047177704514,0.02941674423799947,0.01283098889551255,1.1051245571380612
2,70,EEG LFP 01-Ref,True,0.32482444979201563,0.12207628475266746,0.304847919173856,0.09565522382071358,0.009370851331298478,1.049996430548963
2,71,EEG LFP 02-Ref,True,0.3448475043451428,0.11520753691708102,0.3275698387366258,0.08504635732457444,0.0025087780532842482,1.0426593622511122
2,72,EEG LFP 03-Ref,True,0.29922386993708555,0.090425381261546,0.28408431750281055,0.05633158500786482,0.008027520261026135,1.060266791208973
2,73,EEG LFP 04-Ref,True,0.32710718436566705,0.13523489844418093,0.303899257533073,0.10008988713652385,0.025562956179178413,1.0862407391920383
2,74,EEG LFP 05-Ref,True,0.33590013177098194,0.12566515113133916,0.31849272624172925,0.0870525030511022,0.031851268573952866,1.068985651749387
2,75,EEG LFP 06-Ref,True,0.31529204239244113,0.0942280759698877,0.3052525005044321,0.05854885275685988,0.01843774293867795,1.1521668048581992
2,76,EEG LH 01-Ref,True,0.3913359016425012,0.07561071496807585,0.3697271047533986,0.025665353783268428,0.0015460705213562425,1.0463644742008427
2,77,EEG LH 02-Ref,True,0.39274259547489665,0.08413871069189467,0.3727426880194982,0.031132898791467047,0.014236870740350455,1.05354174074214
2,78,EEG LH 03-Ref,True,0.37500187308092664,0.07652473443142795,0.3610951594103198,0.030667517583529383,0.007341603561743019,1.1044940230964027
2,79,EEG LH 04-Ref,True,0.30602677546053536,0.06772498771449473,0.29282794868716905,0.01939727716220692,0.001891134416570216,1.0575407711650162
2,80,EEG MST 03-Ref,True,0.2851901027763721,0.11351429146087544,0.2680857867287146,0.036150013772317934,0.024929404053180736,1.061789349490521
2,81,EEG MST 04-Ref,False,0.24342218705517513,0.09000967398885974,0.2292894157405929,0.038740333575742324,0.023836719169217858,1.30609932929758
2,82,EEG OF 01-Ref,True,0.32405356629525434,0.16790618270491192,0.30509746289839307,0.13125138143846996,0.04347934700282909,1.3623245300855755
2,83,EEG OF 02-Ref,True,0.3454321711846857,0.18314846042077662,0.32685114513349517,0.14872610198365413,0.04780940456569237,1.4420374986141689
2,84,EEG OF 03-Ref,True,0.34731857119742265,0.18207859068279705,0.32890099042718396,0.1478099874771894,0.04920222459417177,1.4208749610245737
2,85,EEG OF 04-Ref,True,0.34128556191683046,0.16690880956269627,0.32524938250735586,0.1349296783552105,0.047718734852148836,1.4453320576077833
2,86,EEG OF 05-Ref,True,0.3169162077700992,0.12892366004378103,0.3018422775747608,0.09603312706717732,0.03692366663519353,1.3733109114154904
2,87,EEG OF 06-Ref,True,0.2962743947710727,0.123338279293235,0.2779271844545899,0.0759771001426266,0.016776263530917823,1.196807322485691
2,88,EEG OF 07-Ref,True,0.29308670362592304,0.09349039917235998,0.2811333616204896,0.050865918665752456,0.015859146165285144,1.1359498840211764
2,89,EEG OF 08-Ref,True,0.3047481931382798,0.10927086683110195,0.29569155984183254,0.07311552693391433,0.0362937127453411,1.3734761412098584
2,90,EEG PPO 03-Ref,False,0.1422794569404072,0.08277638303357844,0.10805658338601302,0.010365512310646544,0.002664375157816531,1.0743797732423876
2,91,EEG PPO 04-Ref,True,0.2709929779784096,0.0912766027921522,0.2567051009117151,0.034932235615103314,0.02912855129533611,1.0862403800289353
2,92,EEG PPO 05-Ref,False,0.31089045784113917,0.1237608180180604,0.3015996125223542,0.09649238375159297,0.024800242017223122,1.5560838446570264
2,93,EEG PPO 06-Ref,False,0.19017934983047385,0.09499736894740779,0.17079376302500754,0.05209528666688102,0.014632172358071788,1.0833973670293944
2,94,EEG PST 03-Ref,False,0.35131609925290275,0.11254297139818399,0.3415563090141729,0.07300209500856199,0.03441093923425899,1.5738059924153296
2,95,EEG PST 04-Ref,False,0.3424285310225988,0.10833595854281744,0.330700416432852,0.06879014670796584,0.0374440591676056,1.7211258781658265
