channel,soz,resection,status_description
LAF1,False,False,n/a
LAF2,False,False,n/a
LAF3,False,False,n/a
LAF4,False,False,n/a
RA2,False,False,n/a
RA3,False,False,n/a
RAFa1,False,False,n/a
RAFa2,False,False,n/a
RAFa3,False,False,n/a
RAFa4,False,False,n/a
RAFb1,False,False,n/a
RAFb2,False,False,n/a
RAFb3,False,False,n/a
RAFb4,False,False,n/a
RAFc1,False,False,n/a
RAFc2,False,False,n/a
RAFc3,False,False,n/a
RAFc4,False,False,n/a
RAFd1,False,False,n/a
RAFd2,False,False,n/a
RAFd3,False,False,n/a
RAFd4,False,False,n/a
RH1,False,False,n/a
RH2,False,False,n/a
RH3,False,False,n/a
RH4,False,False,n/a
RPFa1,False,True,resect
RPFa2,False,True,resect
RPFa3,True,True,"resect,soz"
RPFa4,True,False,soz
RPFb1,False,True,resect
RPFb2,False,True,resect
RPFb3,True,True,"resect,soz"
RPFc1,False,True,resect
RPFc2,False,True,resect
RPFc3,True,True,"resect,soz"
