channel_index,channel,direct_actuated,time_w1_controlled_previous,time_w1_controlled_adapted,time_w1_controlled_delta,occupation_w1_controlled_previous,occupation_w1_controlled_adapted,occupation_w1_controlled_delta,mean_abs_error_previous,mean_abs_error_adapted,mean_abs_error_delta,symmetric_sd_ratio_previous,symmetric_sd_ratio_adapted,symmetric_sd_ratio_delta
0,EEG AST 01-Ref,True,0.0944944254050664,0.08779992287398895,-0.006694502531077451,0.08527330203638472,0.07795336057582887,-0.007319941460555854,0.006274331300397608,0.0059757549878188135,-0.0002985763125787945,2.329370370107232,2.2345152148016667,-0.09485515530556521
1,EEG AST 02-Ref,True,0.0886059918147068,0.08366214418487317,-0.004943847629833631,0.07798279323160605,0.07253947539522476,-0.005443317836381287,0.010402596231285054,0.009752820272621325,-0.0006497759586637283,2.2429720316188493,2.1704396315639367,-0.07253240005491257
2,EEG AST 03-Ref,True,0.044387459655711725,0.042894060625024204,-0.0014933990306875214,0.027614001178735508,0.02513321484559795,-0.002480786333137558,0.011568157838309516,0.010223727500095847,-0.0013444303382136695,1.4809960328554999,1.4493604519476555,-0.03163558090784435
3,EEG AST 04-Ref,True,0.0571005412605791,0.05647949042158281,-0.0006210508389962871,0.03543286374041886,0.0351112386963172,-0.0003216250441016588,0.01609383870902179,0.014769231917729842,-0.001324606791291946,1.3806863673327214,1.3842999068150066,0.003613539482285155
4,EEG GRID 01-Ref,False,0.07963993533794178,0.07566557728066911,-0.00397435805727267,0.06844975491596209,0.06380642062684493,-0.00464333428911716,0.006707122965246591,0.006706116387780217,-1.0065774663746418e-06,1.7630334423954575,1.711114026265043,-0.0519194161304144
5,EEG GRID 02-Ref,True,0.11637746246172427,0.11002764998087895,-0.006349812480845318,0.1062231841704163,0.09922454500396934,-0.006998639166446968,0.018918588513722183,0.017185086973921584,-0.0017335015398005985,2.2439169881997443,2.165273287237635,-0.07864370096210926
6,EEG GRID 03-Ref,True,0.13104777332200854,0.1264704797434058,-0.004577293578602731,0.12203339024229247,0.11697345472266645,-0.005059935519626024,0.019718830791236503,0.018251977763775577,-0.0014668530274609265,2.2150865579189634,2.1655524708710376,-0.04953408704792572
7,EEG GRID 04-Ref,True,0.07640504105743184,0.07582192503347297,-0.0005831160239588712,0.0646113391714838,0.06361088915684703,-0.0010004500146367779,0.007065443536561758,0.006500747798295487,-0.0005646957382662706,1.792146872352113,1.7801494233495132,-0.011997449002599803
8,EEG GRID 05-Ref,True,0.07406885011460383,0.07088408398782252,-0.003184766126781313,0.06392263902416201,0.06018802625703316,-0.0037346127671288518,0.004759889535960237,0.0055722134217194375,0.0008123238857592006,1.8591810564383542,1.8103748517340421,-0.04880620470431207
9,EEG GRID 06-Ref,False,0.08834070236705666,0.08637315025503427,-0.0019675521120223888,0.07255457726953148,0.0701614612679768,-0.0023931160015546737,0.003514317258242047,0.004311844493831538,0.0007975272355894908,1.5988591436454769,1.5777544787258506,-0.02110466491962626
10,EEG GRID 07-Ref,True,0.09422432581874031,0.08964975015752613,-0.004574575661214178,0.08142652161959146,0.07606805428187895,-0.005358467337712516,0.02103784998823768,0.01638733038942646,-0.004650519598811222,1.8526826172348496,1.8073515600810925,-0.04533105715375707
11,EEG GRID 08-Ref,False,0.13320022668961215,0.13062939322603903,-0.002570833463573119,0.11655787124070922,0.11350966600062046,-0.0030482052400887666,0.007410834046960933,0.005719700651912608,-0.0016911333950483248,1.7451998143142655,1.7243386957364726,-0.020861118577792936
12,EEG GRID 09-Ref,True,0.10548551565915766,0.09925619059257773,-0.00622932506657993,0.08939293436469013,0.08197152352117289,-0.0074214108435172454,0.01844059978741287,0.01792013636310971,-0.0005204634243031608,1.8016898597860846,1.7356989261324491,-0.06599093365363551
13,EEG GRID 10-Ref,True,0.10470904403045182,0.09952509198995797,-0.00518395204049385,0.09148888992919085,0.08541525583541698,-0.006073634093773872,0.009440112884872058,0.009750427817343739,0.0003103149324716805,1.994565358671412,1.9335231761613134,-0.06104218251009863
14,EEG GRID 11-Ref,True,0.10764695317381394,0.10450191964013576,-0.0031450335336781765,0.09219253575956754,0.08843803190946405,-0.003754503850103494,0.018705360627699626,0.021032220998009565,0.002326860370309939,1.8359129120389055,1.797899037761054,-0.03801387427785152
15,EEG GRID 12-Ref,True,0.11315850576145374,0.10789749579820677,-0.005261009963246965,0.10173341213300584,0.09584669923803359,-0.005886712894972251,0.008545813050303887,0.008280850087474124,-0.00026496296282976263,2.0803057336990842,2.0181126536913543,-0.06219308000772994
16,EEG GRID 13-Ref,True,0.08591804190027687,0.0803588140201331,-0.005559227880143763,0.07593236385993092,0.069137823012784,-0.006794540847146924,0.005788258490332388,0.00562492441412622,-0.00016333407620616747,1.9430859588883578,1.8656395908707732,-0.07744636801758453
17,EEG GRID 14-Ref,True,0.09324009709009212,0.0896184535537708,-0.0036216435363213284,0.08009970205211889,0.0756138386078652,-0.004485863444253682,0.01354274820383865,0.013453219482449182,-8.952872138946744e-05,1.773637782605632,1.7320816441954765,-0.041556138410155485
18,EEG GRID 15-Ref,True,0.10030554223298221,0.09132199055524674,-0.008983551677735471,0.08686214030581137,0.07618408111828619,-0.01067805918752518,0.012607999902612887,0.010581316965696155,-0.002026682936916732,1.7284977513798083,1.6366541807857986,-0.09184357059400972
19,EEG GRID 16-Ref,False,0.12258732702837649,0.11415007614231347,-0.008437250886063022,0.10413296831032316,0.09433101184101357,-0.009801956469309592,0.007414045011245666,0.007245042285823654,-0.00016900272542201208,1.54745505750467,1.4818173048813634,-0.06563775262330651
20,EEG GRID 17-Ref,True,0.07936562569676534,0.07691471112461301,-0.002450914572152324,0.050873037439132913,0.04688610928457973,-0.0039869281545531834,0.011810941107693734,0.010202368325579322,-0.0016085727821144123,1.3841022934634857,1.3568210131990897,-0.027281280264396024
21,EEG GRID 18-Ref,True,0.08036626095064822,0.0738189344881688,-0.006547326462479422,0.05878705281543565,0.048775970000411006,-0.010011082815024643,0.00966538380931697,0.009203441532363158,-0.0004619422769538122,1.5739190544911426,1.4882712744151991,-0.08564778007594342
22,EEG GRID 19-Ref,False,0.06785316858193528,0.06575064426592193,-0.002102524316013349,0.05280574704305432,0.05000790086216019,-0.0027978461808941257,0.010281603131021715,0.01025427301891559,-2.7330112106123752e-05,1.6115399857806245,1.583045865975232,-0.028494119805392515
23,EEG GRID 21-Ref,True,0.126697040969906,0.11515822338249165,-0.011538817587414346,0.11330759692940023,0.10018252658276738,-0.01312507034663285,0.021250155571315543,0.020167018109930174,-0.0010831374613853688,1.9165212992646274,1.8168156499122865,-0.09970564935234094
24,EEG GRID 22-Ref,False,0.08200723083925834,0.07781643253843683,-0.004190798300821516,0.06280222575673416,0.057271559183491666,-0.005530666573242499,0.015559988930990233,0.014589205751539444,-0.0009707831794507887,1.5716316325679873,1.5240329341055958,-0.04759869846239151
25,EEG GRID 23-Ref,True,0.09035662918427399,0.08204535098987424,-0.008311278194399752,0.07245641327191364,0.061604404983200634,-0.010852008288713008,0.0074429287404206785,0.007460418315591341,1.7489575170662706e-05,1.583175003294002,1.4953477954067098,-0.08782720788729215
26,EEG GRID 24-Ref,True,0.07483814332392792,0.07112095338194617,-0.0037171899419817522,0.03814302625531071,0.030504915540127676,-0.007638110715183031,0.009262368762575213,0.008818741313337779,-0.00044362744923743397,1.1423653952680983,1.0876895182545605,-0.05467587701353782
27,EEG GRID 25-Ref,False,0.09370379760039431,0.09131178733398569,-0.0023920102664086174,0.06703536158011966,0.06358501253321713,-0.003450349046902529,0.007906346888471362,0.00897261099767117,0.001066264109199808,1.4216560064443804,1.3979427687954527,-0.023713237648927743
28,EEG GRID 26-Ref,True,0.09088634014750996,0.08363037208697964,-0.007255968060530318,0.06450198928008094,0.054025431881338036,-0.010476557398742904,0.0042155819359741735,0.004144357014417842,-7.122492155633119e-05,1.3638517455238366,1.292105005003051,-0.07174674052078567
29,EEG GRID 27-Ref,True,0.09610287592064554,0.0874900328921912,-0.008612843028454331,0.07479445291272711,0.0637084682600923,-0.011085984652634814,0.011806501290835804,0.0128808352722527,0.001074333981416896,1.4112128258356968,1.325288533060194,-0.08592429277550284
30,EEG GRID 28-Ref,False,0.1196680312760021,0.11010662227893568,-0.009561408997066423,0.1110713417335728,0.10088584690352902,-0.010185494830043787,0.015187133475846324,0.015676090398791188,0.0004889569229448634,2.138646466995898,2.0346696802084403,-0.1039767867874577
31,EEG GRID 29-Ref,True,0.07509730116355613,0.0698109057796895,-0.005286395383866632,0.05724174570499744,0.05001761386658074,-0.007224131838416699,0.008154859823045583,0.008251743490061926,9.68836670163422e-05,1.6851850450054258,1.6015543509144416,-0.08363069409098411
32,EEG GRID 30-Ref,True,0.07695150111556952,0.06982898767242576,-0.007122513443143755,0.06355883272021569,0.05467847221677247,-0.008880360503443221,0.013435744059280582,0.010686762991517428,-0.0027489810677631538,1.7945534717599607,1.6877018772975803,-0.10685159446238046
33,EEG GRID 31-Ref,True,0.10133644173752669,0.09359004921410087,-0.007746392523425821,0.08704875095912801,0.07793592316560433,-0.009112827793523681,0.01167425423233943,0.0097615552260733,-0.0019126990062661286,1.7227747130402735,1.6469985299308998,-0.07577618310937373
34,EEG GRID 32-Ref,True,0.06679706963064566,0.06496153830197864,-0.0018355313286670255,0.05244722712629993,0.05005047371796059,-0.002396753408339336,0.005172709177807329,0.0058187858480031945,0.0006460766701958656,1.5685843762810612,1.5438620980248465,-0.024722278256214647
35,EEG GRID 33-Ref,True,0.07635050040927559,0.07613710156960246,-0.00021339883967312623,0.01673619900130802,0.019491846019021885,0.002755647017713865,0.011164954127488587,0.008369333157842428,-0.002795620969646159,1.0695169933142559,1.1037230610635065,0.03420606774925061
36,EEG GRID 35-Ref,True,0.07632629068101841,0.0739563218301713,-0.002369968850847115,0.05061414112641787,0.04687190206563532,-0.003742239060782554,0.017704352142114067,0.015356291318919413,-0.002348060823194654,1.4320032917353362,1.406666097647882,-0.025337194087454273
37,EEG GRID 36-Ref,True,0.08304954992005166,0.08038512885724207,-0.002664421062809591,0.0618532419056656,0.058013189406062184,-0.0038400524996034177,0.01732617083439504,0.015911127229456822,-0.0014150436049382188,1.5766696512530156,1.548834555780809,-0.02783509547220664
38,EEG GRID 37-Ref,False,0.07607734345582245,0.07448557455546917,-0.0015917689003532853,0.05916812473216604,0.057004300601269015,-0.002163824130897024,0.015370633238377075,0.014140644496329374,-0.0012299887420477006,1.706151306067529,1.684700614669298,-0.02145069139823108
39,EEG GRID 38-Ref,False,0.07946096548355665,0.07645432335392431,-0.0030066421296323365,0.06579276340979305,0.062194422415458785,-0.003598340994334266,0.01835225987940158,0.015747744139490295,-0.0026045157399112832,1.760901788236979,1.723028443879891,-0.037873344357088
40,EEG GRID 39-Ref,True,0.10312531070484149,0.09649287813550532,-0.006632432569336169,0.09209631319577871,0.08448852511875772,-0.007607788077020991,0.012847967193890537,0.013153984430608933,0.00030601723671839533,1.896374189548571,1.822111893869395,-0.07426229567917608
41,EEG GRID 40-Ref,False,0.08180356103031956,0.0814344386402886,-0.00036912239003096536,0.07297516439037752,0.07262209512759557,-0.0003530692627819465,0.006340401385216529,0.006435116637052721,9.471525183619208e-05,2.0176354008543034,2.012964109006165,-0.004671291848138193
42,EEG GRID 41-Ref,True,0.09484242667951472,0.09482354389861185,-1.888278090286799e-05,0.051507098835647296,0.05175934955053058,0.000252250714883287,0.017435436571887186,0.013161908587855937,-0.004273527984031248,1.2971528795323561,1.3042976355007947,0.007144755968438554
43,EEG GRID 42-Ref,True,0.06531599950128245,0.06357912931046233,-0.0017368701908201112,0.031221900588167272,0.027405479643644776,-0.003816420944522496,0.017620416729443523,0.015694956861179127,-0.0019254598682643953,1.226269452220297,1.19981602871437,-0.026453423505927054
44,EEG GRID 43-Ref,True,0.0695016764226421,0.06840647547573478,-0.001095200946907321,0.024905227285231372,0.02202557740303904,-0.002879649882192331,0.009716928905167208,0.009156836892587608,-0.0005600920125796004,1.1827616324265138,1.1634958553064396,-0.019265777120074157
45,EEG GRID 44-Ref,True,0.06607702638452298,0.06573022651807355,-0.00034679986644943483,0.013392875251477103,0.011669277241699945,-0.001723598009777158,0.00688046208773813,0.006779202290808966,-0.00010125979692916353,1.0950211213600949,1.081999170768465,-0.013021950591629805
46,EEG GRID 45-Ref,True,0.06847382550449445,0.06749088894740499,-0.0009829365570894616,0.04473097669420111,0.043370137309351374,-0.001360839384849738,0.005676670793337776,0.005501963919939067,-0.00017470687339870856,1.495223580819828,1.4822555708724616,-0.012968009947366355
47,EEG GRID 46-Ref,True,0.08256764971598664,0.0778817101406624,-0.004685939575324233,0.06856760963090112,0.06260823085142116,-0.005959378779479968,0.006665089242692646,0.0065537249463545584,-0.00011136429633808783,1.8258792099400682,1.7650924904696366,-0.06078671947043168
48,EEG GRID 47-Ref,True,0.07132114239892488,0.06715413891309271,-0.004167003485832169,0.06079202978847612,0.05562102147707731,-0.005171008311398814,0.004718081522284285,0.004703767982339902,-1.431353994438278e-05,1.8964760354202108,1.8321543531921742,-0.06432168222803658
49,EEG GRID 48-Ref,False,0.0819365704882533,0.07998261113856935,-0.0019539593496839536,0.06559829265046924,0.06305059229724057,-0.0025477003532286685,0.007631555362031708,0.007551368428260301,-8.018693377140774e-05,1.624852832817031,1.6013498405728994,-0.02350299224413166
50,EEG GRID 49-Ref,True,0.0678719842447686,0.06641177773877333,-0.001460206505995279,0.022568633756311293,0.018772154230206454,-0.0037964795261048387,0.013710275938231055,0.012019657116678788,-0.0016906188215522668,1.1261709435301406,1.101704549877111,-0.024466393653029606
51,EEG GRID 50-Ref,True,0.06869788811431604,0.06734467045583634,-0.001353217658479705,0.042707091760407934,0.03994608850405471,-0.0027610032563532214,0.009403967345494887,0.006020665349888546,-0.0033833019956063413,1.3449091791257144,1.3267687243409614,-0.018140454784753013
52,EEG GRID 51-Ref,True,0.07497118163042085,0.07111630528432948,-0.003854876346091371,0.0559534972964263,0.05059311291419019,-0.005360384382236107,0.010798226234512263,0.011104268799442986,0.00030604256493072315,1.566521700191859,1.513270867686107,-0.05325083250575191
53,EEG GRID 52-Ref,True,0.07913546093970812,0.07560134334875161,-0.0035341175909565092,0.06373102973135146,0.05902162051471765,-0.004709409216633813,0.006450466547991088,0.008458101404504596,0.002007634856513508,1.5982544965075591,1.550810551716135,-0.04744394479142411
54,EEG GRID 53-Ref,True,0.06510013650475845,0.06363672639564409,-0.0014634101091143548,0.01922614831289071,0.015558920617842734,-0.0036672276950479744,0.011393945980351846,0.00833790457622347,-0.0030560414041283755,1.1340703433970165,1.1081305812947233,-0.025939762102293207
55,EEG GRID 54-Ref,True,0.06681378672916642,0.0636564977027086,-0.0031572890264578157,0.04832004726674591,0.043629779900337035,-0.004690267366408873,0.005316520503398792,0.0052751863810956865,-4.133412230310565e-05,1.6563820786681547,1.6079160695287396,-0.04846600913941512
56,EEG GRID 55-Ref,True,0.06438487693686717,0.06011110580792752,-0.004273771128939653,0.052103704484955576,0.046264535662702895,-0.005839168822252681,0.004045289965858141,0.004288058876084142,0.00024276891022600045,1.7811191620914588,1.7085532433160038,-0.07256591877545504
57,EEG GRID 56-Ref,True,0.06401989640498931,0.06381335246796378,-0.0002065439370255301,0.015970208589900902,0.013162277487333797,-0.0028079311025671055,0.011955711566943838,0.009216424242449325,-0.002739287324494513,1.092197757671581,1.079779452985438,-0.0124183046861428
58,EEG GRID 57-Ref,True,0.08377164136383976,0.08233254327333527,-0.0014390980905044926,0.03905909683991938,0.03626226232105673,-0.0027968345188626453,0.012286319796834885,0.012494912902585345,0.00020859310575046044,1.2012330978156418,1.1843977766167186,-0.01683532119892317
59,EEG GRID 58-Ref,True,0.06994271315608304,0.06990016411057977,-4.2549045503270655e-05,0.014910731116815547,0.014365179951978883,-0.0005455511648366634,0.007060379167247354,0.006083082764082833,-0.0009772964031645216,1.031039234867871,1.0339819138437736,0.002942678975902613
60,EEG GRID 59-Ref,True,0.07969195785873848,0.07799844665920196,-0.001693511199536521,0.04203003558467586,0.0389449018750977,-0.003085133709578157,0.019549416936998503,0.02003610634134886,0.00048668940435035724,1.2154974142191735,1.1925990177238375,-0.022898396495335982
61,EEG GRID 60-Ref,True,0.08239736042768414,0.07912389028976789,-0.0032734701379162484,0.06281788418529675,0.058092512431802794,-0.004725371753493961,0.018273186671670275,0.015926026326672515,-0.0023471603449977604,1.521513200004702,1.482534489499529,-0.0389787105051731
62,EEG GRID 61-Ref,False,0.10278507203181962,0.10024291238089035,-0.002542159650929271,0.08565172045223478,0.08242950152021888,-0.003222218932015894,0.007929883670481698,0.007399383720601046,-0.0005304999498806527,1.6497805990701762,1.6246445668486789,-0.025136032221497295
63,EEG GRID 62-Ref,True,0.08174613291310133,0.07867600434725631,-0.003070128565845015,0.0527102480566243,0.04776972374612969,-0.004940524310494604,0.0233627672352687,0.021030821036438583,-0.002331946198830117,1.3578247515964454,1.3233759591643668,-0.034448792432078656
64,EEG GRID 63-Ref,False,0.06734745047117438,0.06668026831273342,-0.0006671821584409571,0.04807797849549631,0.04702021926054734,-0.0010577592349489684,0.008008930614746725,0.007336317367081467,-0.000672613247665258,1.58302880912502,1.5720202982873486,-0.011008510837671404
65,EEG GRID 64-Ref,True,0.057953683177426246,0.05658862094752636,-0.001365062229899884,0.04147768679501474,0.03923084028063181,-0.002246846514382929,0.007911203325461054,0.0058196637730560455,-0.002091539552405009,1.545132156820558,1.5202518452459965,-0.024880311574561498
66,EEG LA 01-Ref,True,0.07941689335797333,0.07801625882178738,-0.0014006345361859546,0.04162787608652151,0.03933438628858763,-0.0022934897979338814,0.01388443576010079,0.01323184059422395,-0.0006525951658768406,1.231764668957099,1.2190775299976233,-0.012687138959475597
67,EEG LA 02-Ref,True,0.09614319052591049,0.09342165620595488,-0.0027215343199556014,0.07028376853141237,0.0665249151608115,-0.003758853370600862,0.01041304069224932,0.010385162305350271,-2.7878386899049534e-05,1.4657029864076057,1.4405865615856577,-0.02511642482194798
68,EEG LA 03-Ref,True,0.08874885152553057,0.08396094769052904,-0.004787903835001522,0.0666936802298255,0.060073655636861706,-0.006620024592963791,0.007640844631963926,0.0077381548201318285,9.731018816790289e-05,1.557337666172094,1.5050764342971357,-0.052261231874958236
69,EEG LA 04-Ref,True,0.08281289274257593,0.07876415206912855,-0.004048740673447376,0.05382409770033709,0.046939485792792175,-0.006884611907544913,0.007465829154817301,0.0071069455854239705,-0.0003588835693933302,1.3952830436895203,1.346943566079693,-0.048339477609827375
70,EEG LFP 01-Ref,True,0.15325619060243775,0.1488700585519573,-0.00438613205048044,0.14609176092614928,0.14149524883842415,-0.00459651208772513,0.014579799559849775,0.014316887223428333,-0.0002629123364214416,2.8937658478863355,2.834777845715877,-0.0589880021704583
71,EEG LFP 02-Ref,True,0.13935707276338166,0.13414571278588136,-0.005211359977500302,0.12756962427716279,0.12185042610613767,-0.005719198171025119,0.009878837371200386,0.009930717345322904,5.187997412251823e-05,2.29419517813013,2.2368979323697555,-0.05729724576037443
72,EEG LFP 03-Ref,True,0.11879166730610917,0.11202518078181739,-0.006766486524291779,0.11079629470556333,0.10344361266275354,-0.007352682042809797,0.005570645591653929,0.005466585816771946,-0.00010405977488198333,2.4199314982530837,2.328271743311863,-0.09165975494122058
73,EEG LFP 04-Ref,True,0.20037442098072925,0.18998823429859626,-0.01038618668213298,0.19298467192282853,0.18227026344682032,-0.010714408476008214,0.023800391026462295,0.020510976923524365,-0.00328941410293793,3.0455135212361633,2.933802273493672,-0.11171124774249108
74,EEG LFP 05-Ref,True,0.190285638006503,0.17862375266457045,-0.011661885341932549,0.18305313005348003,0.17098502699320714,-0.012068103060272894,0.031185586665406818,0.028167397972567232,-0.003018188692839586,3.0795829973833304,2.9456247079093085,-0.13395828947402189
75,EEG LFP 06-Ref,True,0.13588429991031079,0.12349412768671432,-0.012390172223596466,0.12729979805688954,0.11398034418145762,-0.013319453875431916,0.017797661608205062,0.0163042737927501,-0.0014933878154549628,2.2773893320554364,2.143082506998969,-0.13430682505646718
76,EEG LH 01-Ref,True,0.08079535052742906,0.07678269122564509,-0.0040126593017839746,0.05880733667462489,0.053179137755060606,-0.005628198919564287,0.014009600763554559,0.0128242635384296,-0.0011853372251249585,1.489031244618953,1.4449530337846161,-0.04407821083433694
77,EEG LH 02-Ref,True,0.08953497605912253,0.08386247763658748,-0.005672498422535047,0.06905751123068478,0.061554340994705366,-0.007503170235979413,0.015873457951632784,0.014691364116291593,-0.0011820938353411907,1.5643204980862266,1.5059292465231762,-0.05839125156305047
78,EEG LH 03-Ref,True,0.08283249121466658,0.07736365665616396,-0.005468834558502625,0.06384669089488465,0.05642910396697771,-0.007417586927906943,0.0062843352270320505,0.006414919886903662,0.00013058465987161177,1.6004901468516544,1.5358222443627385,-0.06466790248891585
79,EEG LH 04-Ref,True,0.06965619700465325,0.06659102366730825,-0.0030651733373450035,0.042090369408887246,0.036212520050993624,-0.005877849357893622,0.005002166276195871,0.005902545109309296,0.0009003788331134258,1.3321763726088662,1.2834556970256645,-0.0487206755832017
80,EEG MST 03-Ref,True,0.09728237435413624,0.09323041645582773,-0.004051957898308506,0.08836505665940375,0.08367876661876117,-0.004686290040642582,0.00866433988630812,0.008402481824542762,-0.0002618580617653587,1.8761248061310722,1.8281100126057745,-0.048014793525297694
81,EEG MST 04-Ref,False,0.08035461359868634,0.07836481620959497,-0.0019897973890913717,0.06525600752768661,0.0628826657311552,-0.0023733417965314113,0.0075126434917161125,0.006203718198728676,-0.0013089252929874362,1.648530810545803,1.6250518259843643,-0.02347898456143871
82,EEG OF 01-Ref,True,0.21674841644831086,0.20669635301216951,-0.010052063436141345,0.21053382883918673,0.20012898788422054,-0.010404840954966188,0.028813705615539406,0.032874027610909136,0.00406032199536973,3.41624404053903,3.2914878121154563,-0.12475622842357392
83,EEG OF 02-Ref,True,0.23249785202248566,0.2211428583978654,-0.011354993624620252,0.22653451142283829,0.21482574793364564,-0.011708763489192642,0.030325153770737936,0.03443032355032571,0.004105169779587772,3.6681297697604998,3.524050536164882,-0.14407923359561758
84,EEG OF 03-Ref,True,0.23326790862469507,0.22138317722294829,-0.011884731401746784,0.2271167227462579,0.21482417390559017,-0.012292548840667744,0.031095799868019882,0.035208322616838546,0.004112522748818664,3.604069437972924,3.4563994716472224,-0.14766996632570173
85,EEG OF 04-Ref,True,0.21494648282783324,0.20325765055391445,-0.011688832273918787,0.20839570669221918,0.1962623416141703,-0.01213336507804888,0.029082596640086607,0.03323430070780819,0.004151704067721581,3.342731617029232,3.19896136278908,-0.143770254240152
86,EEG OF 05-Ref,True,0.16751792681912767,0.1571169912358044,-0.010400935583323279,0.15917804608834518,0.14803341210950197,-0.011144633978843216,0.021756118803301167,0.02523355721839833,0.0034774384150971643,2.6368543070942194,2.5167604073979746,-0.12009389969624484
87,EEG OF 06-Ref,True,0.15997667767021065,0.15011438921446868,-0.009862288455741969,0.14535806728590453,0.13433872265339206,-0.011019344632512473,0.008103586027008962,0.008673710954977534,0.0005701249279685718,2.079786369929905,1.9961768545800982,-0.08360951534980665
88,EEG OF 07-Ref,True,0.1254696167568972,0.1178210528858402,-0.0076485638710569875,0.11047769579449823,0.10163143009036692,-0.008846265704131315,0.007907602975496107,0.009318687891619984,0.0014110849161238764,1.9995080037511206,1.9183368293631247,-0.08117117438799593
89,EEG OF 08-Ref,True,0.1369834467780345,0.13035720157499295,-0.006626245203041559,0.1220712224295103,0.11456409292710203,-0.007507129502408269,0.03557661829582931,0.031001240864776274,-0.0045753774310530355,2.0980642204463535,2.036748129129816,-0.06131609131653759
90,EEG PPO 03-Ref,False,0.07643309371403471,0.07618281263624081,-0.0002502810777939013,0.017766539963975408,0.017299772728425353,-0.00046676723555005503,0.011790684736771138,0.010672131150596608,-0.0011185535861745304,1.0397321466734348,1.048248550505065,0.008516403831630104
91,EEG PPO 04-Ref,True,0.08403941761158946,0.08185017201959492,-0.002189245591994543,0.057900751677157025,0.05439376812746965,-0.003506983549687377,0.010384049372229262,0.01219328720581729,0.0018092378335880285,1.4716845832777874,1.4429654151140643,-0.028719168163723108
92,EEG PPO 05-Ref,False,0.11290918717339692,0.11080577831000772,-0.0021034088633891945,0.09522095128026943,0.09275522092483146,-0.00246573035543797,0.006276501279033792,0.006292281600785846,1.578032175205378e-05,1.7091210519930506,1.6914493769928394,-0.017671675000211273
93,EEG PPO 06-Ref,False,0.10198178741881277,0.10009812873418646,-0.0018836586846263104,0.09401520700183197,0.09197957756693899,-0.00203562943489298,0.00408058432388447,0.004278529128484929,0.00019794480460045855,2.0965905731691667,2.0731105538448427,-0.023480019324324086
94,EEG PST 03-Ref,False,0.10293871872868933,0.10031177140888588,-0.002626947319803452,0.09439205235579283,0.09145977174420421,-0.0029322806115886224,0.011409962539323684,0.011484906479773726,7.494394045004169e-05,2.090164701355842,2.0584268257788376,-0.03173787557700436
95,EEG PST 04-Ref,False,0.094253026464641,0.09165352711327601,-0.002599499351364984,0.08323680077596539,0.08018169261469511,-0.0030551081612702757,0.011294330169924838,0.011366777571487104,7.244740156226587e-05,1.8926285754525078,1.8623503889352147,-0.030278186517293193
