variant,channel_index,channel,selected,representative_role,time_w1,occupation_w1
free,0,LAF1,False,,0.48586401164173126,0.47615322028825446
free,1,LAF2,True,,0.4855432186408892,0.4758480998133116
free,2,LAF3,False,,0.417959289864723,0.40314974938538706
free,3,LAF4,False,,0.3653428071914985,0.34681909857053234
free,4,RA2,False,,0.30239308822027355,0.24623021643199164
free,5,RA3,True,selected non-SOZ,0.283240703421517,0.22054036788860593
free,6,RAFa1,True,,0.35106744285090663,0.32688775349661325
free,7,RAFa2,False,,0.37690760381635746,0.3536571238998143
free,8,RAFa3,False,,0.3832530237505528,0.36361952166736866
free,9,RAFa4,False,unselected,0.3301342901126464,0.30254355395101973
free,10,RAFb1,True,,0.3591341038283794,0.3317978197702297
free,11,RAFb2,True,,0.3565700338734366,0.3261911593094481
free,12,RAFb3,False,,0.3376988547487801,0.30409180423358717
free,13,RAFb4,False,,0.28867150385480844,0.2438422513155678
free,14,RAFc1,False,,0.32223206195641185,0.28445760595483144
free,15,RAFc2,True,,0.3010148210133662,0.2596847582929813
free,16,RAFc3,True,,0.2789991322874192,0.23554248005849654
free,17,RAFc4,False,,0.2853719789510393,0.24932083574051012
free,18,RAFd1,True,,0.33781703676820873,0.2975595139842428
free,19,RAFd2,False,,0.25932766042381983,0.1520201300552314
free,20,RAFd3,False,,0.21365342952896274,0.09475042331929205
free,21,RAFd4,False,,0.21974510746512121,0.11724198753105532
free,22,RH1,False,,0.3937252123962989,0.38451619024911965
free,23,RH2,False,,0.38807920650681965,0.37475096013230297
free,24,RH3,False,,0.3455353075602933,0.322962798188113
free,25,RH4,False,,0.344537145854859,0.325392035205749
free,26,RPFa1,True,,0.38677065120344045,0.3688487451902785
free,27,RPFa2,True,,0.3992303520983803,0.3868074304784178
free,28,RPFa3,True,selected SOZ,0.39175717000543553,0.38167741901134133
free,29,RPFa4,False,,0.4384454824615828,0.43015677684443626
free,30,RPFb1,True,,0.42112227750893816,0.41249941661985146
free,31,RPFb2,False,,0.4225471327968624,0.4131486885763779
free,32,RPFb3,False,,0.3979091226599162,0.38812357048071966
free,33,RPFc1,True,,0.2423188165021325,0.1734019497302653
free,34,RPFc2,False,,0.2855865856468608,0.2563247932027124
free,35,RPFc3,False,,0.29713035716359215,0.26601770323866214
full,0,LAF1,False,,0.03808831880697524,0.01638478833683821
full,1,LAF2,True,,0.03312167714809583,0.005717567302497006
full,2,LAF3,False,,0.09829685206416355,0.07537040036447754
full,3,LAF4,False,,0.1576069426600902,0.13390157085455962
full,4,RA2,False,,0.1610751051815251,0.10177958722135338
full,5,RA3,True,selected non-SOZ,0.1737658421484461,0.107634324284127
full,6,RAFa1,True,,0.13593019754265168,0.12168235428104851
full,7,RAFa2,False,,0.1262531789801986,0.10807005346937877
full,8,RAFa3,False,,0.14278893225890366,0.122506665002532
full,9,RAFa4,False,unselected,0.14869078116599482,0.11931791388386692
full,10,RAFb1,True,,0.12723874574107868,0.1011197026493114
full,11,RAFb2,True,,0.15398030519253036,0.12296125246338165
full,12,RAFb3,False,,0.1686797412294211,0.12768709006385748
full,13,RAFb4,False,,0.1872720828979973,0.14660612858717373
full,14,RAFc1,False,,0.12340259856237046,0.03727753600423025
full,15,RAFc2,True,,0.12688075708151725,0.020599391366157883
full,16,RAFc3,True,,0.13967851841391754,0.05691299159210999
full,17,RAFc4,False,,0.15267447131322603,0.09877257596662001
full,18,RAFd1,True,,0.12049372020038757,0.04215856156646142
full,19,RAFd2,False,,0.1831883143729509,0.09892367853348404
full,20,RAFd3,False,,0.20114338151600408,0.1439781624412784
full,21,RAFd4,False,,0.1889610891779482,0.13935746686189218
full,22,RH1,False,,0.12766838556808385,0.10800654770329067
full,23,RH2,False,,0.09962501124972292,0.06862433457281512
full,24,RH3,False,,0.22523608093826217,0.19850297841732656
full,25,RH4,False,,0.17172594183438505,0.15089174950747009
full,26,RPFa1,True,,0.08941275866129629,0.06418648109281061
full,27,RPFa2,True,,0.0537363836488171,0.020505924249145102
full,28,RPFa3,True,selected SOZ,0.09932173291151473,0.08794553649704334
full,29,RPFa4,False,,0.12140334676312527,0.10661286104102413
full,30,RPFb1,True,,0.06956173346631264,0.04997909575483735
full,31,RPFb2,False,,0.09848172698847216,0.0804125135511546
full,32,RPFb3,False,,0.09071511083539255,0.07706249341822802
full,33,RPFc1,True,,0.18384920359662765,0.13099552877599926
full,34,RPFc2,False,,0.18732313591142935,0.1377001478469863
full,35,RPFc3,False,,0.18161584759391525,0.14374316933524436
no_wgan,0,LAF1,False,,0.03810526057756789,0.016381786238740086
no_wgan,1,LAF2,True,,0.03312904072407847,0.0057144206439600975
no_wgan,2,LAF3,False,,0.09817030765561563,0.0752512590050901
no_wgan,3,LAF4,False,,0.15736672660305123,0.1337112173840221
no_wgan,4,RA2,False,,0.16164056735384735,0.10268578506783316
no_wgan,5,RA3,True,selected non-SOZ,0.17432856521390372,0.10856077676825451
no_wgan,6,RAFa1,True,,0.13643186080824812,0.12233409474933486
no_wgan,7,RAFa2,False,,0.1265708351659196,0.10851237932404374
no_wgan,8,RAFa3,False,,0.14299068936612647,0.12273319622835765
no_wgan,9,RAFa4,False,unselected,0.14890599266028381,0.11970051379156331
no_wgan,10,RAFb1,True,,0.12733699873112259,0.10118493585106642
no_wgan,11,RAFb2,True,,0.1545503072060627,0.12368900469564775
no_wgan,12,RAFb3,False,,0.16915195713301034,0.12831808702747552
no_wgan,13,RAFb4,False,,0.18795202262996763,0.14756882229300766
no_wgan,14,RAFc1,False,,0.123264363299363,0.037072351392095956
no_wgan,15,RAFc2,True,,0.12688859668569397,0.020998237354194114
no_wgan,16,RAFc3,True,,0.13977075239389453,0.057634211278425385
no_wgan,17,RAFc4,False,,0.15289189390824617,0.09947115175175028
no_wgan,18,RAFd1,True,,0.12031390975808895,0.041784118363432265
no_wgan,19,RAFd2,False,,0.1832101865107498,0.09898271167997542
no_wgan,20,RAFd3,False,,0.20145185094824047,0.1444020766083955
no_wgan,21,RAFd4,False,,0.18942222100505635,0.13997645683915166
no_wgan,22,RH1,False,,0.12771966142356744,0.10802971453253289
no_wgan,23,RH2,False,,0.09974338728224527,0.06876008081744439
no_wgan,24,RH3,False,,0.22516008179055497,0.19837607161982032
no_wgan,25,RH4,False,,0.17161259937189333,0.15075748719660037
no_wgan,26,RPFa1,True,,0.08945709440820421,0.0641769532136891
no_wgan,27,RPFa2,True,,0.053788480641585076,0.020479090299269646
no_wgan,28,RPFa3,True,selected SOZ,0.09952734672763996,0.08817966007043547
no_wgan,29,RPFa4,False,,0.12125143673118383,0.10645253944219027
no_wgan,30,RPFb1,True,,0.06979742045489427,0.05037530912257153
no_wgan,31,RPFb2,False,,0.09875039334968982,0.08080145767255703
no_wgan,32,RPFb3,False,,0.09078283044321458,0.07714023082343581
no_wgan,33,RPFc1,True,,0.1841346019914302,0.13165541147285398
no_wgan,34,RPFc2,False,,0.18749465418822522,0.1379146443483124
no_wgan,35,RPFc3,False,,0.18182416697960918,0.14396983124449825
no_graph_spread,0,LAF1,False,,0.04244379693170855,0.02482662531028982
no_graph_spread,1,LAF2,True,,0.04169520286934976,0.02688609887828931
no_graph_spread,2,LAF3,False,,0.1100638571048105,0.08958648350471121
no_graph_spread,3,LAF4,False,,0.17643484479408866,0.1555615221131233
no_graph_spread,4,RA2,False,,0.13905421327886566,0.07006213209593169
no_graph_spread,5,RA3,True,selected non-SOZ,0.15875521051750235,0.08769155061062014
no_graph_spread,6,RAFa1,True,,0.1290684482289557,0.10301882642761649
no_graph_spread,7,RAFa2,False,,0.11729413764848612,0.08513653615356771
no_graph_spread,8,RAFa3,False,,0.15321710916129117,0.13152966104846497
no_graph_spread,9,RAFa4,False,unselected,0.15821654125393494,0.12362669644249481
no_graph_spread,10,RAFb1,True,,0.16142375364333877,0.13933383412742945
no_graph_spread,11,RAFb2,True,,0.15703845406842176,0.13047391469458172
no_graph_spread,12,RAFb3,False,,0.1612814551190194,0.12384479953026845
no_graph_spread,13,RAFb4,False,,0.1563367337667762,0.10031884422812284
no_graph_spread,14,RAFc1,False,,0.13390739861982204,0.055131007274776864
no_graph_spread,15,RAFc2,True,,0.1289829304229091,0.016951980824323337
no_graph_spread,16,RAFc3,True,,0.1343825302571644,0.02683074994504491
no_graph_spread,17,RAFc4,False,,0.14462880129778108,0.07458681893584528
no_graph_spread,18,RAFd1,True,,0.1406857245640869,0.08998616588537693
no_graph_spread,19,RAFd2,False,,0.18441514330258127,0.09838101585276128
no_graph_spread,20,RAFd3,False,,0.19475926918135006,0.13311153138822127
no_graph_spread,21,RAFd4,False,,0.1715570726183458,0.11451163327206193
no_graph_spread,22,RH1,False,,0.13406467910066283,0.11537243115972236
no_graph_spread,23,RH2,False,,0.1029848770080215,0.07468355834762136
no_graph_spread,24,RH3,False,,0.2327523086245225,0.20573061565735934
no_graph_spread,25,RH4,False,,0.18180193126513886,0.1607080390256161
no_graph_spread,26,RPFa1,True,,0.1284607226789606,0.11041922693671621
no_graph_spread,27,RPFa2,True,,0.08045878258696552,0.057685953489507155
no_graph_spread,28,RPFa3,True,selected SOZ,0.14188600680656463,0.12777135134514592
no_graph_spread,29,RPFa4,False,,0.14746692407413142,0.13432616461677094
no_graph_spread,30,RPFb1,True,,0.08932453098975593,0.07248652714821997
no_graph_spread,31,RPFb2,False,,0.11564658033062152,0.09835522627866347
no_graph_spread,32,RPFb3,False,,0.10485706800698949,0.09115688607354105
no_graph_spread,33,RPFc1,True,,0.1805507488654821,0.12530866705117974
no_graph_spread,34,RPFc2,False,,0.19312859246335953,0.15023518339312728
no_graph_spread,35,RPFc3,False,,0.21473051502317037,0.17951125824992625
no_deviation,0,LAF1,False,,0.36993925837464525,0.3651060814215547
no_deviation,1,LAF2,True,,0.37022098145954496,0.3652839852746481
no_deviation,2,LAF3,False,,0.31422817488975163,0.30409588378933766
no_deviation,3,LAF4,False,,0.28026148411881036,0.264186806571834
no_deviation,4,RA2,False,,0.28039551332145357,0.23081075813368343
no_deviation,5,RA3,True,selected non-SOZ,0.27510671418195953,0.2274954733396856
no_deviation,6,RAFa1,True,,0.29730385317857144,0.28108170106902924
no_deviation,7,RAFa2,False,,0.30262358415954993,0.28692557026642673
no_deviation,8,RAFa3,False,,0.3092665744431646,0.2957663075953619
no_deviation,9,RAFa4,False,unselected,0.26902404603411656,0.24726574358251202
no_deviation,10,RAFb1,True,,0.272930218371068,0.2560387256939168
no_deviation,11,RAFb2,True,,0.33145723887958856,0.3070210062396845
no_deviation,12,RAFb3,False,,0.32368557107891194,0.29494051667111826
no_deviation,13,RAFb4,False,,0.3284406202614598,0.29135460639580807
no_deviation,14,RAFc1,False,,0.23883503721081434,0.19641768650266134
no_deviation,15,RAFc2,True,,0.22056724690670287,0.1718070625179191
no_deviation,16,RAFc3,True,,0.2335658866936112,0.17912261041759658
no_deviation,17,RAFc4,False,,0.2634981576296248,0.21831884039121255
no_deviation,18,RAFd1,True,,0.2559048054784141,0.2164107346005222
no_deviation,19,RAFd2,False,,0.2099974094650779,0.08295844974332485
no_deviation,20,RAFd3,False,,0.25295468511838304,0.21437154083141155
no_deviation,21,RAFd4,False,,0.26181471175383114,0.2200693182678477
no_deviation,22,RH1,False,,0.3204362938467315,0.30918401192593264
no_deviation,23,RH2,False,,0.31295074435450276,0.29720441356971794
no_deviation,24,RH3,False,,0.28881735642937867,0.26144107045063353
no_deviation,25,RH4,False,,0.2730960615981994,0.2531094340794638
no_deviation,26,RPFa1,True,,0.29066316439215006,0.2807158566336231
no_deviation,27,RPFa2,True,,0.3052439456343041,0.2974488070209578
no_deviation,28,RPFa3,True,selected SOZ,0.31479468659343535,0.30506499552159944
no_deviation,29,RPFa4,False,,0.3421944947096701,0.33308245299914163
no_deviation,30,RPFb1,True,,0.3328574941819551,0.32652409668478183
no_deviation,31,RPFb2,False,,0.3416387377235448,0.33393505097198617
no_deviation,32,RPFb3,False,,0.3176458936715625,0.3106086628115011
no_deviation,33,RPFc1,True,,0.2420659563373974,0.18164049128099624
no_deviation,34,RPFc2,False,,0.2754571635233094,0.23205542841490923
no_deviation,35,RPFc3,False,,0.2806292266608471,0.24922047522204668
