variant,technical_seed,mean_time_w1,mean_occupation_w1,selected_time_w1,selected_occupation_w1,unselected_time_w1,unselected_occupation_w1,mean_time_w1_reduction_percent,mean_occupation_w1_reduction_percent,control_rms,effective_electrode_rms,control_peak,maximum_first_difference,maximum_second_difference,control_energy,saturation_fraction,command_scale
constant_input,0,1.1515070448420162,1.1091185226959324,1.2168187026656752,1.1796694822821692,1.1145917599851654,1.0692418933645809,-231.7233016372358,-253.45453274730204,0.6730960629447966,0.11890194816952707,0.6730960629447966,0.0,0.0,5.889758029373213,0.0,0.6730960629447966
constant_input,1,1.9767458987570743,1.9672353288142372,2.4287601752671977,2.425849289336038,1.7212595685557002,1.7080187424323499,-469.45606973991767,-526.9196931811113,0.6730960629447966,0.14437409966734882,0.6730960629447966,0.0,0.0,5.889758029373213,0.0,0.6730960629447966
constant_input,2,1.217251325675483,1.1821891815078576,1.5169194859070703,1.505175461777567,1.0478736698924123,0.9996317187467172,-250.66275146477497,-276.7407325892527,0.6730960629447966,0.12431051550693217,0.6730960629447966,0.0,0.0,5.889758029373213,0.0,0.6730960629447966
constant_input,3,1.7897700831556322,1.7688800023805555,1.8551389728861543,1.8376425870111532,1.7528224498296847,1.730014193676305,-415.5925391992644,-463.7077029493186,0.6730960629447966,0.13859557150997281,0.6730960629447966,0.0,0.0,5.889758029373213,0.0,0.6730960629447966
constant_input,4,1.457930989987471,1.4315717028918364,1.6975158050476984,1.6856022997521776,1.322513485822995,1.2879891916229482,-319.9971539246991,-356.21409884127735,0.6730960629447966,0.12649957813692833,0.6730960629447966,0.0,0.0,5.889758029373213,0.0,0.6730960629447966
constant_input,5,2.38053221165213,2.3642711759399107,2.676394786315001,2.666326854893517,2.2133055390165945,2.1935440530530896,-585.77783213769,-653.4473067391505,0.6730960629447966,0.1498447243489554,0.6730960629447966,0.0,0.0,5.889758029373213,0.0,0.6730960629447966
constant_input,6,1.1016824335497484,1.0549963432133922,1.165939495344655,1.1229975144968074,1.0653632247091493,1.0165608985749401,-217.36995083951612,-236.20684526502265,0.6730960629447966,0.12104941389912649,0.6730960629447966,0.0,0.0,5.889758029373213,0.0,0.6730960629447966
constant_input,7,1.61412939534324,1.5801411287558311,1.809714357815197,1.786447395380669,1.503581373076481,1.4635332389244013,-364.99440423869595,-403.56028946448595,0.6730960629447966,0.13440614807980514,0.6730960629447966,0.0,0.0,5.889758029373213,0.0,0.6730960629447966
constant_input,8,1.823746828833734,1.8011614309806268,2.12283268101606,2.109492903688022,1.6546983036872012,1.6268871203199244,-425.3804760648829,-473.9951672994039,0.6730960629447966,0.1388663357167084,0.6730960629447966,0.0,0.0,5.889758029373213,0.0,0.6730960629447966
constant_input,9,1.158236126435813,1.1265070416215908,1.2812003609181974,1.251373371531319,1.0887346025979436,1.0559304203682665,-233.66179882080002,-258.99591602264127,0.6730960629447966,0.12216384016768769,0.6730960629447966,0.0,0.0,5.889758029373213,0.0,0.6730960629447966
constant_input,10,1.4264322820488262,1.3936474420441234,1.554800064994264,1.5311322639230072,1.3538765786448832,1.3159386296777975,-310.92308404252327,-344.1283734445605,0.6730960629447966,0.12231954328676224,0.6730960629447966,0.0,0.0,5.889758029373213,0.0,0.6730960629447966
constant_input,11,1.3519535026685061,1.304266873797924,1.3430219105100165,1.30169666092799,1.3570017938885217,1.305719602811365,-289.4674214752649,-315.6445222242615,0.6730960629447966,0.1248728224043216,0.6730960629447966,0.0,0.0,5.889758029373213,0.0,0.6730960629447966
constant_input,12,1.4203327984062968,1.3989265407531033,1.419357275911311,1.3973689059487084,1.4208841806860715,1.3998069430338484,-309.16595987967474,-345.81071967657,0.6730960629447966,0.1418232140073855,0.6730960629447966,0.0,0.0,5.889758029373213,0.0,0.6730960629447966
constant_input,13,1.4971490257240712,1.4744520894143625,1.8675699400907422,1.8606122500071698,1.2877806828211706,1.2561876508184282,-331.29498866791334,-369.87924523654516,0.6730960629447966,0.11726104831146544,0.6730960629447966,0.0,0.0,5.889758029373213,0.0,0.6730960629447966
constant_input,14,1.7863700081573013,1.7609336435389038,2.1838166350022217,2.174455643194049,1.561726262549303,1.5272038176468647,-414.6130540026148,-461.17535271447514,0.6730960629447966,0.14390804778318966,0.6730960629447966,0.0,0.0,5.889758029373213,0.0,0.6730960629447966
constant_input,15,1.3463940778682122,1.3003986192902461,1.407399677938199,1.3671377435938241,1.3119126517416977,1.262676505553441,-287.8658761280453,-314.4117846388901,0.6730960629447966,0.11536638868275371,0.6730960629447966,0.0,0.0,5.889758029373213,0.0,0.6730960629447966
constant_input,16,1.0314533339048997,0.972386819735831,1.1075230136083827,1.0633587995559586,0.9884574279855395,0.9209678746201068,-197.13852550038945,-209.8807945105321,0.6730960629447966,0.11890194816952707,0.6730960629447966,0.0,0.0,5.889758029373213,0.0,0.6730960629447966
constant_input,17,1.9685573519126325,1.9547068906588356,2.412967319607533,2.4092348245426796,1.717369109302471,1.6977997975940544,-467.097133416413,-522.9271232585504,0.6730960629447966,0.14437409966734882,0.6730960629447966,0.0,0.0,5.889758029373213,0.0,0.6730960629447966
constant_input,18,1.3048553576887918,1.2756661523915096,1.5767852753672644,1.5627350375120228,1.1511558390009586,1.1134098260190455,-275.89950434992636,-306.5300277729671,0.6730960629447966,0.12431051550693217,0.6730960629447966,0.0,0.0,5.889758029373213,0.0,0.6730960629447966
constant_input,19,1.7741020892062658,1.7516783782700385,1.8201668557732036,1.800224559044481,1.748065482016257,1.7242392326149185,-411.0789422515105,-458.22587942183947,0.6730960629447966,0.13859557150997281,0.6730960629447966,0.0,0.0,5.889758029373213,0.0,0.6730960629447966
constant_input,20,1.527570994375011,1.5074333656107688,1.7532322000322524,1.7432408208592032,1.4000233563948312,1.3741508909051319,-340.0588741590167,-380.3897374236875,0.6730960629447966,0.12649957813692833,0.6730960629447966,0.0,0.0,5.889758029373213,0.0,0.6730960629447966
constant_input,21,2.3983517630770788,2.3857328185344526,2.7016226519935143,2.6928374779276556,2.2269377823851806,2.2121519240948166,-590.9112444419017,-660.2867154227281,0.6730960629447966,0.1498447243489554,0.6730960629447966,0.0,0.0,5.889758029373213,0.0,0.6730960629447966
constant_input,22,1.020148109454552,0.9631692825291276,1.0966203376669192,1.0455006195087733,0.9769246761171264,0.9166341790188931,-193.88174440016277,-206.94334441858246,0.6730960629447966,0.12104941389912649,0.6730960629447966,0.0,0.0,5.889758029373213,0.0,0.6730960629447966
constant_input,23,22413304.43225057,22413304.381226964,18678989.845656134,18678989.807256777,24524003.981195252,24524003.923036188,-6456769209.55009,-7142684712.560373,0.6730960629447966,0.13440614807980514,0.6730960629447966,0.0,0.0,5.889758029373213,0.0,0.6730960629447966
constant_input,24,1.9161601879035142,1.9014742320451934,2.190543899099492,2.182186876297476,1.7610737424449174,1.7428105635547726,-452.00268799431217,-505.96290880160745,0.6730960629447966,0.1388663357167084,0.6730960629447966,0.0,0.0,5.889758029373213,0.0,0.6730960629447966
constant_input,25,1.2849545680942924,1.2569354299797437,1.4196701714634594,1.3937041077288517,1.2088109661899809,1.1796313947302481,-270.16653410102873,-300.5609103138359,0.6730960629447966,0.12216384016768769,0.6730960629447966,0.0,0.0,5.889758029373213,0.0,0.6730960629447966
constant_input,26,1.4248429518311334,1.3933759059820856,1.5683073135378895,1.5461331830927352,1.3437543995620975,1.3070348363108484,-310.4652337240502,-344.041840175151,0.6730960629447966,0.12231954328676224,0.6730960629447966,0.0,0.0,5.889758029373213,0.0,0.6730960629447966
constant_input,27,1.3635714774551055,1.3182485971625004,1.3793647554878903,1.3396611541398569,1.3546448420452708,1.3061458475666032,-292.8142989188829,-320.1002259184133,0.6730960629447966,0.1248728224043216,0.6730960629447966,0.0,0.0,5.889758029373213,0.0,0.6730960629447966
constant_input,28,1.3253967272268283,1.3086496748015959,1.2905176457591714,1.2772572323175806,1.345110990665069,1.3263932292490834,-281.81701128471275,-317.04123578478504,0.6730960629447966,0.1418232140073855,0.6730960629447966,0.0,0.0,5.889758029373213,0.0,0.6730960629447966
constant_input,29,1.491193186117773,1.4635697190320682,1.872814894158984,1.8664238269011832,1.27549395983361,1.2358695711060463,-329.5792451237702,-366.4112451446277,0.6730960629447966,0.11726104831146544,0.6730960629447966,0.0,0.0,5.889758029373213,0.0,0.6730960629447966
constant_input,30,1.7205838708164223,1.6919439743257791,2.1336284301493276,2.1225125066283614,1.4871239024978242,1.448579151719972,-395.6615462559374,-439.18968499986147,0.6730960629447966,0.14390804778318966,0.6730960629447966,0.0,0.0,5.889758029373213,0.0,0.6730960629447966
constant_input,31,1.3109907384848838,1.2572106554341795,1.348932870508621,1.3041365707109493,1.2895451856019016,1.2306873120168749,-277.6669696759944,-300.6486193209502,0.6730960629447966,0.11536638868275371,0.6730960629447966,0.0,0.0,5.889758029373213,0.0,0.6730960629447966
white_input,0,0.948357570237192,0.8429231241697166,1.0001549400506913,0.8976829934343952,0.9190807959947795,0.8119718937157677,-173.20050341064942,-168.62322907664839,0.6730960629447966,0.13367844514852134,0.6730960629447966,1.3461921258895932,2.6923842517791865,5.889758029373213,0.0,0.6730960629447966
white_input,1,0.9977567889615128,0.8937260187689618,1.0879327577283335,0.9835974103394507,0.9467877631367878,0.8429291452725984,-187.43130816945128,-184.8131249311868,0.6730960629447966,0.13280881353199164,0.6730960629447966,1.3461921258895932,2.6923842517791865,5.889758029373213,0.0,0.6730960629447966
white_input,2,1.1786775441373156,1.0540741383458798,1.2330262260794116,1.1098229049683732,1.147958723909174,1.0225639659070793,-239.55051187771286,-235.91295648409096,0.6730960629447966,0.13278531082513542,0.6730960629447966,1.3461921258895932,2.6923842517791865,5.889758029373213,0.0,0.6730960629447966
white_input,3,1.0417325916941418,0.9244460124475311,1.093481324687834,0.9815027090107667,1.0124833078281419,0.8921965752596155,-200.09974866224644,-194.6029902967619,0.6730960629447966,0.1330530893482139,0.6730960629447966,1.3461921258895932,2.6923842517791865,5.889758029373213,0.0,0.6730960629447966
white_input,4,1.1307146757005762,1.0095210205236307,1.2113061221286325,1.090258859971431,1.085162988589066,0.9638865895313955,-225.73348735745867,-221.71474311008546,0.6730960629447966,0.13345833009493582,0.6730960629447966,1.3461921258895932,2.6923842517791865,5.889758029373213,0.0,0.6730960629447966
white_input,5,1.0123417632273553,0.8979706734356555,1.1131955933738273,0.9983260026907307,0.9553374244489139,0.8412480960306128,-191.63291148523749,-186.16581393708591,0.6730960629447966,0.1321064811310343,0.6730960629447966,1.3461921258895932,2.6923842517791865,5.889758029373213,0.0,0.6730960629447966
white_input,6,1.1290321339504061,1.0072840579190772,1.2343992613842532,1.1143980695606872,1.0694768010530142,0.9467413556868626,-225.24878489123498,-221.00186657255927,0.6730960629447966,0.1335761036324596,0.6730960629447966,1.3461921258895932,2.6923842517791865,5.889758029373213,0.0,0.6730960629447966
white_input,7,0.9148485381614316,0.8028101669562157,0.9517730151397756,0.8405642822346843,0.8939781816084549,0.7814708844075161,-163.5473043228711,-155.84000865531073,0.6730960629447966,0.13343433566249768,0.6730960629447966,1.3461921258895932,2.6923842517791865,5.889758029373213,0.0,0.6730960629447966
white_input,8,0.9907271292378032,0.8824843797309981,1.0821695281814487,0.9726982674784789,0.9390422950522642,0.831493921438944,-185.40622118159428,-181.23063289614336,0.6730960629447966,0.1329732123230871,0.6730960629447966,1.3461921258895932,2.6923842517791865,5.889758029373213,0.0,0.6730960629447966
white_input,9,0.9727084682000778,0.8588192463596355,1.0745593430524814,0.9583941910149153,0.9151405824139367,0.8025377559023035,-180.21544987256027,-173.6890144964742,0.6730960629447966,0.13290488665470346,0.6730960629447966,1.3461921258895932,2.6923842517791865,5.889758029373213,0.0,0.6730960629447966
white_input,10,0.9010201943246532,0.7964276411575344,0.9963896881654265,0.8916289168384129,0.8471156978059554,0.7426182244683422,-159.56366922983486,-153.80602163971474,0.6730960629447966,0.13197743346098248,0.6730960629447966,1.3461921258895932,2.6923842517791865,5.889758029373213,0.0,0.6730960629447966
white_input,11,1.1223521053478511,0.9999554723564249,1.2171085471755911,1.0964220185597535,1.0687941164886943,0.9454309027632393,-223.32441877207265,-218.6663886838215,0.6730960629447966,0.1324049470463185,0.6730960629447966,1.3461921258895932,2.6923842517791865,5.889758029373213,0.0,0.6730960629447966
white_input,12,1.183909427498127,1.0614436055702126,1.2764021414636046,1.1520715535703994,1.131630936995901,1.0102191132222813,-241.05769989710302,-238.26146256443454,0.6730960629447966,0.13201858712717388,0.6730960629447966,1.3461921258895932,2.6923842517791865,5.889758029373213,0.0,0.6730960629447966
white_input,13,1.0171267093773686,0.9018728770953776,1.118679614894586,0.9984300611835775,0.9597272410415504,0.8472970773933518,-193.01134693828033,-187.40937045787987,0.6730960629447966,0.13382744404350821,0.6730960629447966,1.3461921258895932,2.6923842517791865,5.889758029373213,0.0,0.6730960629447966
white_input,14,1.142193053974824,1.018319348314821,1.2338667941347004,1.109289563392131,1.0903774617105462,0.966901400662428,-229.0401501830404,-224.51859930286977,0.6730960629447966,0.133784376182312,0.6730960629447966,1.3461921258895932,2.6923842517791865,5.889758029373213,0.0,0.6730960629447966
white_input,15,1.0278224092440422,0.9160356454510544,1.0833385906586313,0.977356794999597,0.9964436980097094,0.8813758652714434,-196.0925377038832,-191.92276967458054,0.6730960629447966,0.13258631764859635,0.6730960629447966,1.3461921258895932,2.6923842517791865,5.889758029373213,0.0,0.6730960629447966
white_input,16,0.9154413005033545,0.8066441981122399,0.9603609548716274,0.8566825362844342,0.8900519306430262,0.7783616591453474,-163.71806583234658,-157.0618399231694,0.6730960629447966,0.13367844514852134,0.6730960629447966,1.3461921258895932,2.6923842517791865,5.889758029373213,0.0,0.6730960629447966
white_input,17,0.9703439473370281,0.849570760613221,1.0638843935079485,0.941925163525487,0.9174732603708553,0.7973704459236796,-179.53428455012963,-170.74170170597705,0.6730960629447966,0.13280881353199164,0.6730960629447966,1.3461921258895932,2.6923842517791865,5.889758029373213,0.0,0.6730960629447966
white_input,18,1.115469476148281,1.0018895721899082,1.168206287056753,1.057457175842772,1.085661713460884,0.9704817962122027,-221.34168797398232,-219.28274873817236,0.6730960629447966,0.13278531082513542,0.6730960629447966,1.3461921258895932,2.6923842517791865,5.889758029373213,0.0,0.6730960629447966
white_input,19,1.1168747527146226,1.0014201297420227,1.1662117544617057,1.0567853242036318,1.0889886212923583,0.9701267589593737,-221.74651657176497,-219.13314654717678,0.6730960629447966,0.1330530893482139,0.6730960629447966,1.3461921258895932,2.6923842517791865,5.889758029373213,0.0,0.6730960629447966
white_input,20,1.1655199150641509,1.049177752317153,1.241787521792399,1.1260752518819734,1.1224121373481848,1.0057139482152977,-235.7600946350054,-234.35257335053063,0.6730960629447966,0.13345833009493582,0.6730960629447966,1.3461921258895932,2.6923842517791865,5.889758029373213,0.0,0.6730960629447966
white_input,21,1.0481437545040506,0.9291128870365486,1.1368644401680659,1.0204198991634739,0.9979972799983026,0.8775045758343735,-201.94666058880665,-196.09023259187924,0.6730960629447966,0.1321064811310343,0.6730960629447966,1.3461921258895932,2.6923842517791865,5.889758029373213,0.0,0.6730960629447966
white_input,22,1.0998069025900787,0.9782230100129681,1.2025405280158235,1.0833699271727955,1.0417400708277011,0.9187921437921962,-216.82965251910957,-211.7406750059148,0.6730960629447966,0.1335761036324596,0.6730960629447966,1.3461921258895932,2.6923842517791865,5.889758029373213,0.0,0.6730960629447966
white_input,23,0.91465561198642,0.8068805186344022,0.9310930013221275,0.8324401758979741,0.9053649136662376,0.792433755833253,-163.49172662750763,-157.13715068394944,0.6730960629447966,0.13343433566249768,0.6730960629447966,1.3461921258895932,2.6923842517791865,5.889758029373213,0.0,0.6730960629447966
white_input,24,0.9921325211757883,0.8783554785381773,1.0780310927161207,0.9667241312640051,0.9435811546529914,0.8284079791714049,-185.8110830153547,-179.91483227429376,0.6730960629447966,0.1329732123230871,0.6730960629447966,1.3461921258895932,2.6923842517791865,5.889758029373213,0.0,0.6730960629447966
white_input,25,0.9689515240935241,0.8599276226461903,1.0747942199249692,0.962827429544528,0.9091273916670551,0.801766862225391,-179.13315870580192,-174.0422324929784,0.6730960629447966,0.13290488665470346,0.6730960629447966,1.3461921258895932,2.6923842517791865,5.889758029373213,0.0,0.6730960629447966
white_input,26,0.9146081430769782,0.8051949276355661,1.0152754584946613,0.9070762587698181,0.8577092256669837,0.7476098274292496,-163.47805190147304,-156.59998556885563,0.6730960629447966,0.13197743346098248,0.6730960629447966,1.3461921258895932,2.6923842517791865,5.889758029373213,0.0,0.6730960629447966
white_input,27,1.060209711996903,0.950357994240582,1.154853427758689,1.04470324414949,1.0067154378706764,0.8970324182051124,-205.42259178251695,-202.8606356518835,0.6730960629447966,0.1324049470463185,0.6730960629447966,1.3461921258895932,2.6923842517791865,5.889758029373213,0.0,0.6730960629447966
white_input,28,1.1831728645955406,1.0675957828397094,1.263766960638334,1.1508278322960375,1.1376196798757012,1.0205515809730892,-240.84551267775086,-240.22204197742906,0.6730960629447966,0.13201858712717388,0.6730960629447966,1.3461921258895932,2.6923842517791865,5.889758029373213,0.0,0.6730960629447966
white_input,29,1.0324292519843694,0.9205305469847386,1.1341964681290435,1.0247901612236563,0.974908651554771,0.8616011998062202,-197.41966556713874,-193.35520749688985,0.6730960629447966,0.13382744404350821,0.6730960629447966,1.3461921258895932,2.6923842517791865,5.889758029373213,0.0,0.6730960629447966
white_input,30,1.1378481915566965,1.0196610248196736,1.213825084981725,1.0983319691716997,1.0949047300555939,0.9751948388815713,-227.78849296308957,-224.94616554797048,0.6730960629447966,0.133784376182312,0.6730960629447966,1.3461921258895932,2.6923842517791865,5.889758029373213,0.0,0.6730960629447966
white_input,31,1.0073464371739977,0.8908832974391212,1.0682849886344732,0.9550861385117702,0.972902908087642,0.854594735093711,-190.19387030993875,-183.90720485248565,0.6730960629447966,0.13258631764859635,0.6730960629447966,1.3461921258895932,2.6923842517791865,5.889758029373213,0.0,0.6730960629447966
