channel_index,channel,group,old_display_actuator_rms,new_display_actuator_rms,new_display_peak,new_display_active
1,EEG RG 02-Ref,old23,0.24163873888893042,0.24163930669279832,0.8540995060708129,True
13,EEG RG 14-Ref,old23,0.22690481297226817,0.22663405907945808,0.7675740900477828,True
14,EEG RG 15-Ref,new9,0.0,0.012517394459357284,0.0710336540709571,True
19,EEG RG 20-Ref,new9,0.0,0.00805963971106525,0.047946701145696234,True
20,EEG RG 21-Ref,old23,0.28610215057731425,0.28627174959602975,0.9370677827444891,True
21,EEG RG 22-Ref,old23,0.2577546426394724,0.25712997229868667,0.8554874593624007,True
25,EEG RG 26-Ref,new9,0.0,0.015050102010864042,0.12280805169886073,True
26,EEG RG 27-Ref,old23,0.3519159974175263,0.34805676466589885,1.2162733715022616,True
27,EEG RG 28-Ref,old23,0.23154812282727014,0.2314438017959642,0.8168784006460175,True
28,EEG RG 29-Ref,old23,0.20096312023348836,0.2008809967839891,0.7026842489854134,True
29,EEG RG 30-Ref,new9,0.0,0.008956303743623863,0.05233595737276034,True
30,EEG RG 31-Ref,new9,0.0,0.013522296264835254,0.08308637597902005,True
33,EEG RG 34-Ref,new9,0.0,0.009750290007605432,0.0754998922607703,True
34,EEG RG 35-Ref,old23,0.16028036473754126,0.15951068677751043,0.5257656691585784,True
35,EEG RG 36-Ref,old23,0.19680586768766814,0.19629786817048125,0.6610813969535654,True
36,EEG RG 37-Ref,old23,0.24246077506919372,0.24252457887580092,0.7422213606280987,True
37,EEG RG 38-Ref,old23,0.20946346667406918,0.20959780521223578,0.6959677937731925,True
38,EEG RG 39-Ref,old23,0.3541034335190188,0.3526000982463479,1.2210596439598596,True
41,EEG RG 42-Ref,old23,0.24338782897706462,0.2435421543794393,0.8396851727205377,True
42,EEG RG 43-Ref,old23,0.300544076402015,0.2993837586177704,0.9628651848233118,True
43,EEG RG 44-Ref,old23,0.18432422084565137,0.18379975975728455,0.6431505634165098,True
44,EEG RG 45-Ref,old23,0.194859798296621,0.19493976652462464,0.6029809236975797,True
45,EEG RG 46-Ref,old23,0.21308130076600923,0.2119785888038781,0.7009099531077132,True
46,EEG RG 47-Ref,old23,0.2197031144953241,0.21955041977114445,0.7341113989743656,True
48,EEG RG 49-Ref,new9,0.0,0.009341383858489634,0.06075309804959933,True
49,EEG RG 50-Ref,old23,0.33977917570047045,0.3395003801856706,1.1458623280315727,True
50,EEG RG 51-Ref,old23,0.28178524499973634,0.28167006501991887,1.040544090752457,True
51,EEG RG 52-Ref,old23,0.12890566603658687,0.12852352393985128,0.42464794340035517,True
52,EEG RG 53-Ref,old23,0.18652675261879548,0.18568548290483716,0.594896284689993,True
53,EEG RG 54-Ref,old23,0.19395062730973486,0.19255961123970605,0.7363737156281767,True
54,EEG RG 55-Ref,new9,0.0,0.009362997607380146,0.03198809871132771,True
58,EEG RG 59-Ref,new9,0.0,0.007851899967706343,0.04492471828185477,True
