gain,mean_time_w1,mean_occupation_w1,selected_time_w1,selected_occupation_w1,unselected_time_w1,unselected_occupation_w1,mean_time_w1_reduction_percent,mean_occupation_w1_reduction_percent,control_rms,effective_electrode_rms,control_peak,maximum_first_difference,maximum_second_difference,control_energy,saturation_fraction
0.0,0.3471287784604517,0.31379383200296457,0.3534296738463423,0.32286822412646854,0.34356740280755704,0.30866482775924503,0.0,0.0,0.0,0.0,0.0,0.0,0.0,0.0,0.0
0.025,0.3158816046754761,0.28162549227433215,0.31315176273747,0.2817235704206792,0.3174245588143492,0.2815700568003097,9.001608545266604,10.251425123081614,0.014050162452212581,0.0032627662976474894,0.06159746847313707,0.023008564198333956,0.01238070315087307,0.0025662918441363355,0.0
0.05,0.2941998760025387,0.2592922336780004,0.286253578330704,0.25383307068967953,0.298691261643141,0.2623778475409645,15.247627319364753,17.368600898582752,0.026322061909517084,0.006115764602943912,0.11971834193719331,0.04620591781698753,0.025565708309434283,0.00900706226118985,0.0
0.075,0.2787123332371971,0.24310032401615622,0.26771545129514135,0.23402813018265534,0.2849279621609678,0.24822808574813504,19.709240336306287,22.528648041157318,0.03765923520445412,0.008756173539840099,0.17334530706464824,0.07268425833561937,0.04005910097352615,0.018436833950397157,0.0
0.1,0.2680275894237132,0.23178741975948233,0.2555639280025488,0.22080987588463025,0.27507226761828424,0.2379921184713552,22.78727490920217,26.133850917346102,0.04865468822266827,0.011322640291401974,0.23112888700379275,0.1005983794342259,0.057611427419869715,0.030774622918585702,0.0
0.15,0.2587401843894437,0.22191434314945777,0.2483770913459072,0.2124994458254666,0.2645975848053555,0.22723580685432232,25.462767582399714,29.280208685758602,0.0718532936840907,0.016763236627251446,0.3497852019309714,0.16082806675317987,0.09917025697296453,0.06711764557227845,0.0
0.2,0.2694583517226026,0.23382266435669022,0.2726562080585631,0.23844964276657357,0.2676508677066249,0.2312074156902345,22.375104444616966,25.485257991150956,0.10343622508653212,0.02423548187185903,0.4908049707800278,0.26227669882095067,0.1701363003657655,0.1390876845819726,0.0
0.3,1.2746585701308661,1.2390249971659573,1.7598171227315005,1.7267649163921714,1.0004385186609424,0.9633459123859227,-267.2004884711936,-294.85320321855517,0.7511909940149439,0.17838356640939074,1.8,1.9386917166973308,1.9160410282402904,7.335742823359073,0.060575045072115384
0.4,2.3127192964970584,2.2704017068905262,3.041566345980269,3.000917168899808,1.9007622685282874,1.8575016631461492,-566.24245525081,-623.5329300128107,1.222508511082998,0.28749079826321455,1.8,2.9918030173814314,2.959344440766093,19.428851775714797,0.30740121694711536
0.55,3.075030133456087,3.030756659446414,3.913059859116226,3.869161735968615,2.6013611580829665,2.5568755292382126,-785.8470758587433,-865.8432863708363,1.4562945271154748,0.34003177687078195,1.8,3.6,3.6,27.5703187461843,0.5554480919471154
0.7,5.261943512193657,5.212862761224717,6.454605973632851,6.405934736752899,4.587829947032374,4.538517731578355,-1415.8476734573446,-1561.2381218428375,1.549100654919481,0.36070583774147524,1.8,3.6,3.6,31.19626690793554,0.6641845703125
0.9,221.20131179016082,221.14463154752403,239.80284040340712,239.7464782495088,210.68740431310863,210.63054428118488,-63623.1268381749,-70374.4991754442,1.6108505186404751,0.3741654095670606,1.8,3.6,3.6,33.732912114255726,0.7428166316105769
1.2,7431.969058748561,7431.918298948845,8496.855029756627,8496.804485939922,6830.076988178784,6830.026106301717,-2140883.2661267766,-2368308.0249476135,1.655868902133542,0.3837873896252929,1.8,3.6,7.2,35.64472367368823,0.8020958533653846
1.6,7400.928462033642,7400.875168161271,8572.315669497117,8572.262923593858,6738.840040423852,6738.78643682981,-2131941.1677929573,-2358415.1820611157,1.6866489967521323,0.39029476909583966,1.8,3.6,7.2,36.982202897184656,0.8427077073317307
2.2,6975.384999629146,6975.331927066698,8035.942904074134,8035.889984073762,6375.939227551543,6375.886068758355,-2009351.6595730337,-2222802.815693585,1.7105733468945445,0.3954253778792629,1.8,3.6,7.2,38.03879527637804,0.8738356370192307
0.25,0.37111005171947375,0.3393913624501748,0.44525206119748173,0.4166404392415019,0.3292036985362519,0.2957288407855118,-6.908465891356297,-8.157435818231251,0.19769368768916196,0.0467563500278968,1.2616478444071908,0.7226907595282839,0.4239584289434698,0.5080763239778188,0.0
0.275,0.7716338373880335,0.7378670192311858,1.0461768181607973,1.0153746679683964,0.6164573699947323,0.5810148699449362,-122.29036751441384,-135.14388875056497,0.4789826361618278,0.11389588474409242,1.8,1.5732697150994648,1.39460953200244,2.9825167546789406,0.01434795673076923
0.2875,1.0552954263449388,1.0200240498417827,1.452675320247747,1.420087130578262,0.8306893993563943,0.7939014389907293,-204.0068965256271,-225.06185457212752,0.637546972142486,0.15153991491827562,1.8,1.7667940139293354,1.5970182740465237,5.284059841944673,0.0369873046875
0.29374999999999996,1.1746677748796266,1.1392560449257607,1.6209155293797068,1.5881294802214674,0.922440783205668,0.8855449728021005,-238.39538746668802,-263.0587757744701,0.6998603642776016,0.166278382674955,1.8,1.844991486201185,1.6604282881169683,6.367458883328104,0.049025315504807696
0.29062499999999997,1.1176038980328815,1.0822440703519471,1.5407208503507883,1.5079938983973553,0.8784508380271078,0.8416028631958465,-221.95656695176882,-244.8901667199509,0.6702464400737425,0.15927844086968804,1.8,1.8052984720647693,1.6708448924325228,5.839993775609823,0.042978140024038464
0.29218749999999993,1.1468550297350641,1.1114688461538684,1.5819057804350307,1.5491426176144132,0.9009567793394306,0.864088018806604,-230.3831606303207,-254.2035351871951,0.6854551724928505,0.16287442044421294,1.8,1.8223181335484964,1.6636075263189627,6.108034315463644,0.045992337740384616
0.29140625,1.1323811070360037,1.0970039842005554,1.5615468380130335,1.528790265821962,0.8898091721359439,0.8529508685014996,-226.21354877524672,-249.5938646079543,0.6779314665664102,0.16109573218676318,1.8,1.8140395005842493,1.6498411904242052,5.974683953691489,0.04459322415865385
0.291015625,1.1250342347685542,1.0896646715073404,1.551198970255094,1.51845219780513,0.8841585147109449,0.8473065044694593,-224.0970799823009,-247.2549681910401,0.6741090230454977,0.16019191643234806,1.8,1.809670764941349,1.665066846060755,5.907498674367619,0.043729341947115384
0.2851953125,1.0068885506783536,0.9717202241978978,1.3839831602225172,1.3515566169660305,0.7937481191968702,0.7570300891550402,-190.06196350069206,-209.66836345869206,0.6118203662124524,0.145445602281911,1.8,1.7358166667934838,1.5610348164911134,4.8662140866604116,0.033212515024038464
0.28810546875,1.0677512486518361,1.0324681990528388,1.4703258994296073,1.4377058407882013,0.8402090547339653,0.8034208363328519,-207.59513901077628,-229.02756324511967,0.6441297046642923,0.15309843354954916,1.8,1.7748757340051236,1.6053722969819528,5.393739993601809,0.038217397836538464
0.29392578125,1.1777333261138787,1.142316960276811,1.6252006772879928,1.5924125531877538,0.9248169971893793,0.8879151034141045,-239.27850388470674,-264.03423005013656,0.7014439170662845,0.16665238706321267,1.8,1.8476583570291478,1.6574062128534306,6.396306394260806,0.04931640625
0.2968359375,1.2262024017511293,1.1906645853016824,1.6926468192957889,1.6597044689531921,0.9625599048780609,0.9255550858464813,-253.24135532336172,-279.44167917565494,0.7263929204015696,0.17254033293134666,1.8,1.879905100823648,1.8074152010905133,6.859406772523773,0.05507249098557692
