channel,free_to_reference_w1,mean_aligned_residual_w1,sd_aligned_residual_w1,mean_sd_aligned_shape_residual_w1,shapley_location_contribution,shapley_scale_contribution,shape_residual_contribution,reference_sd,observed_ictal_sd,free_model_sd,full_controlled_sd,reference_to_observed_sd_ratio,reference_to_free_sd_ratio,absolute_full_reference_sd_difference,absolute_free_reference_sd_difference
LAF1,0.47615322028825446,0.4761674327668989,0.002528263727068263,0.0025069925998318144,3.529324296016635e-06,0.47364269836412665,0.0025069925998318144,0.07905870017497946,0.39006111224805196,0.6735893802458386,0.07622363068844455,0.2026828558205607,0.11736927940598701,0.002835069486534905,0.5945306800708592
LAF2,0.4758480998133116,0.47588330271038826,0.002297933661999074,0.0018127939090106775,0.0002249684279558746,0.47381033747634504,0.0018127939090106775,0.07640633860147242,0.44132631968290714,0.6721447704538218,0.07476297927516197,0.17312889622438643,0.11367541928487226,0.001643359326310448,0.5957384318523494
LAF3,0.40314974938538706,0.40323880622067676,0.0053520938150509526,0.005189798484887429,3.661924743691069e-05,0.3979233316530627,0.005189798484887429,0.14003206088112854,0.5385748350839545,0.6367979734535366,0.20046251501417706,0.26000483453576134,0.2199002929008942,0.06043045413304851,0.4967659125724081
LAF4,0.34681909857053234,0.34681913959472854,0.0031759157160271573,0.003192948429816448,-8.536868992748813e-06,0.3436346870097087,0.003192948429816448,0.1648721877156112,0.789785029004588,0.597562120732983,0.25877119969467327,0.2087557774087073,0.27590803030382066,0.09389901197906206,0.4326899330173718
RA2,0.24623021643199164,0.2450009780530593,0.024124368989305978,0.010462866678999885,0.007445370344619222,0.2283219794083725,0.010462866678999885,0.3399798197329004,0.42303050518869345,0.6423148108672337,0.32516552298907625,0.8036768402346112,0.5293040328213359,0.014814296743824173,0.3023349911343333
RA3,0.22054036788860593,0.217548843311864,0.03661941730910075,0.027040773686088107,0.006285084099877287,0.1872145101026405,0.027040773686088107,0.3786700734124153,0.48467275482920835,0.6396023996737193,0.39508671027365816,0.7812901997056821,0.5920397947312056,0.01641663686124284,0.260932326261304
RAFa1,0.32688775349661325,0.3268683252548671,0.005638997436023941,0.006139384984056492,-0.00024047965314319235,0.32098884816569995,0.006139384984056492,0.1837609314292611,0.7821620074402679,0.5954054514770571,0.22185035083974633,0.23493973074790972,0.30863159041186905,0.03808941941048524,0.41164452004779606
RAFa2,0.3536571238998143,0.3535651276284034,0.010902108024359503,0.008440615778930044,0.0012767442584201679,0.34393976386246405,0.008440615778930044,0.16805641059001655,0.6555603306499252,0.6075820520699404,0.1793289325252529,0.25635536918990315,0.27659870797281405,0.01127252193523634,0.4395256414799239
RAFa3,0.36361952166736866,0.3636565498291112,0.009401788201527074,0.00931422959604535,2.526522186958261e-05,0.3542800268494537,0.00931422959604535,0.1619084251924898,0.5851798429081974,0.6130445509373815,0.21877423259113973,0.2766814803255106,0.26410547968320114,0.05686580739864994,0.4511361257448917
RAFa4,0.30254355395101973,0.302599205248474,0.012447186776945713,0.012681804637540938,-0.00014513457902474904,0.2900068838925035,0.012681804637540938,0.22922447480907726,0.6542570626051377,0.6019446702640001,0.26553890538936487,0.3503584262374567,0.380806552716123,0.036314430580287604,0.37272019545492285
RAFb1,0.3317978197702297,0.3316436678965938,0.009953977481115144,0.0064359929337901795,0.0018360682104804483,0.3235257586259591,0.0064359929337901795,0.19396514128983533,0.6267391156511418,0.6106539666168389,0.22466444746706993,0.3094830631215956,0.31763511234430536,0.030699306177234598,0.4166888253270036
RAFb2,0.3261911593094481,0.32586047250110406,0.011418379793671723,0.006884482655773064,0.002432291973121343,0.3168743846805537,0.006884482655773064,0.20224903648470535,0.7275739779244106,0.613670214507762,0.25951846595557815,0.2779772815153066,0.3295728417370454,0.057269429470872796,0.41142117802305667
RAFb3,0.30409180423358717,0.30420461026147216,0.011652752248079672,0.006395281514626209,0.002572332352784235,0.29512419036617676,0.006395281514626209,0.2306558452516904,0.7183081293070805,0.6138140272901386,0.28104569266278245,0.32110989120253125,0.37577480311094885,0.050389847411092065,0.3831581820384482
RAFb4,0.2438422513155678,0.2437598348116048,0.012732664121824363,0.010646515953848879,0.0010842823359692479,0.23211145302574968,0.010646515953848879,0.28531876510125936,0.6572708169509918,0.5965433505332465,0.304535052875191,0.4340962016613217,0.4782867244203035,0.01921628777393164,0.3112245854319871
RAFc1,0.28445760595483144,0.28464737398280837,0.01339963403845562,0.014098089989930502,-0.00044411198972590764,0.27080362795462687,0.014098089989930502,0.2799079764585051,0.669956070927475,0.6361710743355407,0.3116919105597923,0.4178004926069341,0.4399885309951566,0.03178393410128716,0.35626309787703553
RAFc2,0.2596847582929813,0.25955349259433597,0.017775414216110903,0.015861014684079227,0.0010228326153385158,0.2428009109935636,0.015861014684079227,0.31773461399787073,0.6071505828609571,0.6388755376423992,0.31632088652168194,0.5233209404175682,0.49733413674028915,0.0014137274761887864,0.3211409236445285
RAFc3,0.23554248005849654,0.2355597574224703,0.008757370521366326,0.007955661584317724,0.0003922157865374259,0.22719460268764138,0.007955661584317724,0.32436277664937524,0.5793218678148059,0.6201788124873744,0.3246909710170477,0.5599007989683993,0.5230149274987987,0.0003281943676724519,0.29581603583799915
RAFc4,0.24932083574051012,0.24932779577960854,0.008109244192978872,0.008097160700679161,2.5617266006458528e-06,0.24122111331323032,0.008097160700679161,0.2925590584899078,0.5669411752483232,0.6050426376260627,0.32334164656271897,0.5160307122899751,0.4835346144162479,0.030782588072811146,0.3124835791361549
RAFd1,0.2975595139842428,0.2972010354747878,0.01520333015016053,0.011773022425862378,0.0018943931168765634,0.28389209844150387,0.011773022425862378,0.25463517999094415,0.6275312155919573,0.6279413135440621,0.29470623993536055,0.4057729299581438,0.40550792645541806,0.0400710599444164,0.373306133553118
RAFd2,0.1520201300552314,0.1522749765986204,0.034620730703430094,0.034558097454845595,-9.610664740225192e-05,0.11755813924778807,0.034558097454845595,0.4559665231503801,0.7038415048413061,0.6259076835957728,0.3125575242032611,0.6478255687026955,0.7284884578040346,0.143408998947119,0.16994116044539265
RAFd3,0.09475042331929205,0.09468611910372003,0.05930005999477749,0.059200508163210604,8.192802356945389e-05,0.035467987132511994,0.059200508163210604,0.4491652790519754,0.592719398190033,0.5159002459235643,0.4508832860997193,0.757804250077821,0.8706436614463713,0.0017180070477438858,0.06673496687158892
RAFd4,0.11724198753105532,0.11720181863497066,0.03476232510973363,0.03468452541351159,5.898429615334988e-05,0.08249847782139037,0.03468452541351159,0.4088771687473364,0.5642759791036724,0.5328305872990924,0.37407087786089493,0.7246049519896625,0.7673680499836291,0.03480629088644144,0.12395341855175601
RH1,0.38451619024911965,0.3845196097005742,0.005639122723514956,0.006665067226839113,-0.0005146819773893508,0.3783658049996699,0.006665067226839113,0.14204404188814435,0.5977435229476465,0.6282393259135621,0.22225153747373413,0.23763376169713057,0.2260986156534999,0.08020749558558979,0.4861952840254178
RH2,0.37475096013230297,0.37472294410397183,0.005237342344612447,0.004308227764844171,0.00047856530404970536,0.36996416706340907,0.004308227764844171,0.14947793584705155,0.3891169478307593,0.6219947334388424,0.18016600197114094,0.38414655717351276,0.2403202596598014,0.03068806612408939,0.4725167975917908
RH3,0.322962798188113,0.32290842792644087,0.013206146457225332,0.005011261413662631,0.004124627652617428,0.313826909121833,0.005011261413662631,0.18099039330351419,0.8277558682977109,0.5842530777340285,0.39497831824328056,0.2186518999565934,0.30978081280370606,0.21398792493976637,0.4032626844305143
RH4,0.325392035205749,0.32429386650848135,0.020602104566550983,0.010057481994004452,0.005821395634907087,0.30951315757683745,0.010057481994004452,0.16371248756079024,0.7202851092213077,0.5712668249501002,0.32252183439675824,0.22728845212110244,0.2865779709421958,0.158809346835968,0.4075543373893099
RPFa1,0.3688487451902785,0.36864070209156025,0.008711900778062172,0.005368163074363415,0.0017758904012085018,0.36170469171470654,0.005368163074363415,0.1381893608420836,0.5533641584838874,0.5976933413649977,0.19319380990285406,0.24972589699465933,0.23120445097562917,0.055004449060770455,0.45950398052291413
RPFa2,0.3868074304784178,0.38660704877099933,0.008421653119509646,0.004049660920345,0.0022861869532915654,0.38047158260478126,0.004049660920345,0.10951594306979508,0.5695965083527682,0.5904720080312938,0.13515192309830817,0.19226933709005212,0.1854718624764867,0.025635980028513097,0.4809560649614988
RPFa3,0.38167741901134133,0.3814366080537212,0.006685573638767562,0.004005845903008794,0.001460269346689449,0.37621130376164313,0.004005845903008794,0.1039511666706793,0.5354078126507038,0.5805147328123742,0.13468948049455703,0.1941532495688409,0.17906723256974932,0.030738313823877733,0.4765635661416949
RPFa4,0.43015677684443626,0.4301195056092244,0.0036877070028985257,0.002153462757275353,0.000785757740417514,0.4272175563467434,0.002153462757275353,0.10493826194825155,0.4586295401242269,0.6468112859879998,0.2193407999527433,0.22880833606973375,0.16223937989572815,0.11440253800449175,0.5418730240397482
RPFb1,0.41249941661985146,0.4123675984367598,0.011685359262595323,0.005084571378189293,0.0033663030337488446,0.4040485422079133,0.005084571378189293,0.10618302100286536,0.6042349210588864,0.6196447223084786,0.12294905162258354,0.17573135431627457,0.1713611319197263,0.01676603061971818,0.5134617013056132
RPFb2,0.4131486885763779,0.41297267938041116,0.012521836080145834,0.004956300930740998,0.003870772172685778,0.4043216154729511,0.004956300930740998,0.12189635080949633,0.5804772080778965,0.6361070867208866,0.15411303051022274,0.20999334532552152,0.1916286634029947,0.032216679700726406,0.5142107359113902
RPFb3,0.38812357048071966,0.3879775349995207,0.0094649438936587,0.004205136434361196,0.0027029214702482315,0.3812155125761102,0.004205136434361196,0.10706098758736252,0.5254429836657494,0.5877584690328285,0.15529660845347026,0.20375376761233402,0.18215133124926997,0.04823562086610775,0.480697481445466
RPFc1,0.1734019497302653,0.1733795243534509,0.00843760736547273,0.0075656417767125325,0.0004471954827873015,0.16538911247076546,0.0075656417767125325,0.38278460967669586,0.6403882751143389,0.6000935866836014,0.3225299687757817,0.5977383168177948,0.6378748551407509,0.06025464090091415,0.2173089770069055
RPFc2,0.2563247932027124,0.25642127084505184,0.011787822695530577,0.012047211595502306,-0.00017793327115558574,0.24445551487836567,0.012047211595502306,0.2820781572978797,0.55190479764836,0.5959705224222316,0.36429059513585577,0.5110993028141834,0.47330890821817145,0.08221243783797605,0.31389236512435187
RPFc3,0.26601770323866214,0.26598245991517006,0.009509905395130051,0.007177264761070138,0.0011839419787759986,0.25765649649881606,0.007177264761070138,0.24838883040449783,0.46024366719816123,0.5783135271712344,0.31225805575093396,0.5396898384645284,0.4295054822934337,0.06386922534643613,0.3299246967667366
