stage,step,critic_loss,critic_estimate,critic_gp,critic_mean_gradient_norm,critic_parameter_gradient_norm,epoch,validation_law,validation_mean_time_w1,validation_mean_occupation_w1,validation_distribution_score,validation_selection_score,validation_critic_estimate,eligible_updated_checkpoint,selected_checkpoint,train_total,train_law,train_adversarial,train_signed_critic_estimate,train_action_anchor,actor_parameter_gradient_norm,train_law_loss,train_law_mean,train_law_log_variance,train_law_worst_log_variance,train_law_quantile,train_law_worst_quantile,train_law_no_harm_mean,train_law_no_harm_quantile,train_law_occupancy,train_law_tube,train_law_joint,train_law_energy,train_law_smoothness,train_law_curvature,train_law_slew_excess,train_law_curvature_excess,train_law_saturation,train_law_gain_regularization,validation_law_noninferior
critic_pretrain,1.0,4.566484497700624,-0.019898472865447495,0.45465693717540334,0.3263443455424426,25.704159090735107,,,,,,,,,,,,,,,,,,,,,,,,,,,,,,,,,,
critic_pretrain,2.0,4.371846683009782,-0.02046343899469571,0.4351366234946215,0.3410948907643832,25.716062430821193,,,,,,,,,,,,,,,,,,,,,,,,,,,,,,,,,,
critic_pretrain,3.0,4.186528076699396,-0.024373027575341363,0.41621375364554297,0.35564029147625353,25.677734970166142,,,,,,,,,,,,,,,,,,,,,,,,,,,,,,,,,,
critic_pretrain,4.0,4.005628273454121,-0.01954804960078229,0.3986062838974852,0.3694136511791777,25.510124020208373,,,,,,,,,,,,,,,,,,,,,,,,,,,,,,,,,,
critic_pretrain,5.0,3.780263831701984,-0.019924782063337886,0.37603212743906766,0.38775036752625425,25.265223246538376,,,,,,,,,,,,,,,,,,,,,,,,,,,,,,,,,,
critic_pretrain,6.0,3.6214330076548857,-0.024257788181728194,0.35971570180864376,0.40122161427950026,25.07817109771857,,,,,,,,,,,,,,,,,,,,,,,,,,,,,,,,,,
critic_pretrain,7.0,3.421479715508043,-0.01908485511419497,0.3402376670181386,0.4177023120941673,24.87856142671,,,,,,,,,,,,,,,,,,,,,,,,,,,,,,,,,,
critic_pretrain,8.0,3.260433314464598,-0.01921130087652773,0.3241203374363898,0.4317993334295628,24.499258844462204,,,,,,,,,,,,,,,,,,,,,,,,,,,,,,,,,,
critic_pretrain,9.0,3.077822553248438,-0.023999859540719034,0.3053803718410202,0.4484550457164626,24.21321753613581,,,,,,,,,,,,,,,,,,,,,,,,,,,,,,,,,,
critic_pretrain,10.0,2.8907767003277165,-0.018479279303783736,0.28722783416765124,0.46516883834812883,23.936779686033553,,,,,,,,,,,,,,,,,,,,,,,,,,,,,,,,,,
critic_pretrain,11.0,2.7239776773792306,-0.018280440279787754,0.2705677656476186,0.48120958528012775,23.442237919380975,,,,,,,,,,,,,,,,,,,,,,,,,,,,,,,,,,
critic_pretrain,12.0,2.526886458317144,-0.023520989076153537,0.25033456807654464,0.5010500901901479,22.930105712523986,,,,,,,,,,,,,,,,,,,,,,,,,,,,,,,,,,
critic_pretrain,13.0,2.394633995927862,-0.017664102392187117,0.2376949830680151,0.5138490503039059,22.527566189718673,,,,,,,,,,,,,,,,,,,,,,,,,,,,,,,,,,
critic_pretrain,14.0,2.2097264861102826,-0.017272886020832334,0.21924329354901465,0.5332969809834457,21.965333451644856,,,,,,,,,,,,,,,,,,,,,,,,,,,,,,,,,,
critic_pretrain,15.0,2.05222658397251,-0.022908920567424954,0.20292969415872975,0.5512505754030064,21.38153862482065,,,,,,,,,,,,,,,,,,,,,,,,,,,,,,,,,,
critic_pretrain,16.0,1.906815230404233,-0.01671804869596913,0.1890075995261861,0.567016360162518,20.893864011744466,,,,,,,,,,,,,,,,,,,,,,,,,,,,,,,,,,
critic_pretrain,17.0,1.7561402426779862,-0.01602022308220368,0.17400981262931353,0.5845302207772485,20.299805070261,,,,,,,,,,,,,,,,,,,,,,,,,,,,,,,,,,
critic_pretrain,18.0,1.6030282676465506,-0.022107224786089827,0.15808992647277492,0.6041617903953564,19.611540484392563,,,,,,,,,,,,,,,,,,,,,,,,,,,,,,,,,,
critic_pretrain,19.0,1.4806677871333491,-0.015566936724544997,0.14650783765617087,0.619236517024925,19.109224488990126,,,,,,,,,,,,,,,,,,,,,,,,,,,,,,,,,,
critic_pretrain,20.0,1.3505779678558445,-0.014587121964852887,0.133596757401914,0.6369543736841319,18.3709352989741,,,,,,,,,,,,,,,,,,,,,,,,,,,,,,,,,,
critic_pretrain,21.0,1.2312527956238306,-0.021109950495267673,0.1210119897357689,0.6546074449251947,17.66495674599859,,,,,,,,,,,,,,,,,,,,,,,,,,,,,,,,,,
critic_pretrain,22.0,1.090821119222179,-0.014228419400017366,0.10765687904430571,0.6743837516173552,16.924366559359083,,,,,,,,,,,,,,,,,,,,,,,,,,,,,,,,,,
critic_pretrain,23.0,0.9694677667747024,-0.012935779196711312,0.09565071633914168,0.6943727309018181,16.003791667168787,,,,,,,,,,,,,,,,,,,,,,,,,,,,,,,,,,
critic_pretrain,24.0,0.8735951632659174,-0.019852912160547482,0.08537179795720834,0.711061234402924,15.313643616000961,,,,,,,,,,,,,,,,,,,,,,,,,,,,,,,,,,
actor_wgan,,,,,,,0.0,42.00938594274198,0.13898649001196028,0.09988099216465006,0.23886748217661036,1.0,-0.02203260970379916,0.0,0.0,,,,,,,,,,,,,,,,,,,,,,,,,
actor_wgan,,0.5548404873776759,-0.013895030803870091,0.05409175113506039,0.7720173496317831,,1.0,41.925730780466324,0.13844144874869202,0.09886449813576732,0.23730594688445933,0.995479679444656,-0.020293115008362755,1.0,0.0,39.509711023664835,39.51630704367795,-0.013192040026222708,-0.013192040026222708,0.0,400.2784709599292,39.51630704367795,0.28049163583122566,0.640747197748541,2.7818058179218426,0.5697624555821597,1.8155748286175195,0.00558188145467799,0.0,0.4196244693038299,0.6619407921191883,0.9122097684361072,0.049289944557851836,0.06069636625806382,0.15388574343042188,0.016778564925694062,0.048128380264920584,0.0,0.02204732830552141,1.0
actor_wgan,,0.3305429520113407,-0.015455336725616218,0.031505926211379334,0.8285480470158735,,2.0,,,,,,,1.0,0.0,42.02941340864869,42.03478990617832,-0.01075314613541637,-0.01075314613541637,3.7769040988759724e-07,91.06132542930044,42.03478990617832,0.28084586074890905,0.7037007803114719,2.96083386916605,0.6019408630204288,1.933141515030227,0.006104318395734027,0.0,0.44702943827721325,0.7023079899068474,0.9123631274086205,0.0491426596582203,0.05892058679806118,0.14679290719750893,0.01611060199904228,0.04486956392754622,0.0,0.022047766636242288,
actor_wgan,,0.1616389953197406,-0.01192618189897602,0.01496807858815352,0.888035445059331,,3.0,,,,,,,1.0,0.0,42.80656141281725,42.813140019357036,-0.0131575341021207,-0.0131575341021207,8.025563931693499e-07,279.7876770546636,42.813140019357036,0.26971265234139685,0.7023219320763551,3.072173550118528,0.5888614885526943,2.007693995277621,0.009929860049945146,0.0,0.43801560845634574,0.7041042781408073,0.9442103972677185,0.04964322765307697,0.06003533011683563,0.15096820471482802,0.016603271697159177,0.04696971503088614,0.0,0.022048178760655655,
actor_wgan,,0.06509712799545893,-0.009807483614677164,0.005525714146834641,0.946389338487437,,4.0,41.854587607161115,0.13739112473063816,0.09691657060438773,0.23430769533502588,0.9878680493341341,-0.007891029274854681,1.0,0.0,39.36957456354467,39.37186626915883,-0.004584038038687723,-0.004584038038687723,1.5670258937644648e-06,192.81304736502534,39.37186626915883,0.2706183924639046,0.664117345442553,2.7521780629308488,0.559553378326387,1.8034852463330358,0.007083402331279122,0.0,0.40619058795682295,0.6682499631584677,0.8997357916995641,0.049752451499018455,0.06312102049271548,0.1620449526127031,0.01774622096992365,0.051462470334897766,0.0,0.022048582991676117,1.0
actor_wgan,,0.027944878064750732,0.0024568976792765894,0.003036989740835042,0.9763945648988052,,5.0,,,,,,,1.0,0.0,40.62475538493559,40.6220182251996,0.005473385897331587,0.005473385897331587,2.3339366192483507e-06,206.98504374229694,40.6220182251996,0.27099736525146084,0.674425037178755,2.8734732062159876,0.5705584343198509,1.8771438012081212,0.00860558407791366,0.0,0.4262419291765742,0.6800721527485302,0.8767327993563625,0.0492059016977967,0.05935417298846327,0.14750501536843488,0.016377275754269716,0.044967177962612896,0.0,0.022048979915309512,
actor_wgan,,0.017875783614799422,0.00874244946907396,0.002658434452270606,0.9912975378286752,,6.0,,,,,,,1.0,0.0,38.850838286998155,38.84450616826096,0.012662992971836165,0.012662992971836165,3.11125634923907e-06,120.71195163247629,38.84450616826096,0.26278958629462706,0.6553467052098869,2.756231731340786,0.5455939459252375,1.7405056731987893,0.011781743799879707,0.0,0.4020486790475915,0.6534363439570602,0.8799615607931062,0.04920830898659348,0.06095483096991165,0.15413862057417307,0.016838083672102835,0.047934625182909654,0.0,0.022049371321007018,
actor_wgan,,0.005303102012451839,0.022796101338924506,0.002806373195411092,0.9980138607240845,,7.0,,,,,,,1.0,0.0,42.009573709669134,41.99697143254157,0.025202877274098184,0.025202877274098184,4.192452583701203e-06,104.33594981245098,41.99697143254157,0.26314319783579854,0.7147138936046857,3.0428187474724773,0.5766977361642996,1.8956086542521293,0.007613969855460536,0.0,0.4266938208809277,0.7206681180945826,0.8764248174429294,0.0495606355928685,0.0599605125971082,0.14956177762052544,0.01659571620330043,0.04629275490291206,0.0,0.02204978020896242,
actor_wgan,,-0.008792988318037806,0.030010862670233042,0.0021181938311210236,0.9990824065784744,,8.0,41.877994485604034,0.13705640316945797,0.09653534498976164,0.23359174815921963,0.9865903650673682,0.022686218560404883,1.0,0.0,39.46493903640535,39.449646342875,0.030583300061751136,0.030583300061751136,5.217497364172789e-06,140.2857276818914,39.449646342875,0.2594386932300923,0.6544285834241594,2.7800931162353395,0.5574056729448799,1.8334718783941506,0.009275079155780939,0.0,0.4106773197488759,0.6482791531775515,0.904897163964336,0.049003944877484176,0.06056234142546672,0.15415550740501405,0.016753850669150375,0.04835211553853047,0.0,0.02205020099098233,1.0
actor_wgan,,-0.025682297476941163,0.04530085345535579,0.001958106080053581,0.9985439867107487,,9.0,,,,,,,1.0,0.0,40.72633199049102,40.70320503983759,0.04625165117414197,0.04625165117414197,5.6253317586958295e-06,132.30345089849448,40.70320503983759,0.26112735520967556,0.6850474664273456,2.94779003172875,0.5638189361152656,1.8499307308023352,0.0020265056670461475,0.0,0.42115384807900563,0.6778197711391006,0.9518797259999916,0.050012832366010555,0.060927795945355086,0.15176568973227367,0.01694098188478515,0.04690998364336907,0.0,0.022050626749199973,
actor_wgan,,-0.029081839443999655,0.047282952010160466,0.001816297152269896,1.0008768665354943,,10.0,,,,,,,1.0,0.0,40.098805559910886,40.07371432405775,0.05018002236184452,0.05018002236184452,6.123361101995358e-06,128.45906205186972,40.07371432405775,0.2618411975436503,0.6837474915905576,2.8513065754585227,0.5644121580738723,1.8162449846955835,0.003809409669510001,0.0,0.4183169241038971,0.6861735260925806,0.9036402332053577,0.04952606882943793,0.06044606550480562,0.15176632116364044,0.01676191267953606,0.046699210198810945,0.0,0.02205106269629228,
actor_wgan,,-0.035441778985440084,0.05239966061420645,0.0016919622859654744,1.002571302809682,,11.0,,,,,,,1.0,0.0,41.503107042011315,41.4782661722558,0.04967859329885339,0.04967859329885339,7.865530460210739e-06,124.59634090817048,41.4782661722558,0.26260134421595394,0.7006856510353603,2.972963175739375,0.5749873670222998,1.8950206974668027,0.008147976083592967,0.0,0.42554655051179097,0.7045943732820715,0.9094083523450863,0.0497612410828182,0.06024276534235822,0.15064155119923717,0.016510873797303264,0.04657200368784796,0.0,0.02205150202492649,
actor_wgan,,-0.03479302823199712,0.055370635145957185,0.0020541956478897037,1.0016581619589189,,12.0,41.913647742042436,0.13775071378679696,0.09792416400467607,0.23567487779147303,0.9917397797214335,0.058566227174030816,1.0,0.0,41.327554146605536,41.29483713897635,0.06543072468361019,0.06543072468361019,8.226436901917845e-06,349.8931761183234,41.29483713897635,0.2671586064589784,0.7035178207782509,2.9402174555620983,0.5715436910780887,1.8472341901662466,0.01822928628215161,0.0,0.43050767358120196,0.691040917222934,0.8858271652280065,0.05041616663991865,0.06087401259359719,0.1516760334030788,0.017004044425653078,0.04695301501317418,0.0,0.022051946875842308,1.0
actor_wgan,,-0.05291854576124928,0.07110594694126787,0.00181500516789198,1.0013557918266116,,13.0,,,,,,,1.0,0.0,40.24378542602744,40.20693642315843,0.07369410267899017,0.07369410267899017,9.757647578859909e-06,131.5008926973867,40.20693642315843,0.26880300157443043,0.6651172709804696,2.844124874071796,0.5630357997643511,1.8004989308050163,0.023292308644143236,0.0,0.42325797616440874,0.6698013506249443,0.921826612636407,0.04991458421220562,0.05974914916803163,0.14979114280049513,0.016322536986578682,0.0460517294950599,0.0,0.022052375012178826,
actor_wgan,,-0.06577148391292816,0.08278610016797307,0.0016968798543515234,1.0014973006326342,,14.0,,,,,,,1.0,0.0,40.94148614279556,40.89719265185568,0.08858287699231422,0.08858287699231422,1.0262218592178405e-05,375.6366571428083,40.89719265185568,0.2713106316362621,0.6775451736064354,2.885024737629484,0.5759709948777012,1.8537032565781313,0.019357700469002693,0.0,0.43273110025127237,0.6818836432789926,0.9252294457267375,0.050182624737968945,0.061190616421901683,0.154664477164124,0.017104058311062816,0.04841693443219948,0.0,0.02205281688520336,
actor_wgan,,-0.08363367081373804,0.09906572946374756,0.0015398293885137923,1.0036760508771625,,15.0,,,,,,,1.0,0.0,40.712093508663386,40.66079961643899,0.10258341161508179,0.10258341161508179,1.0932084239277395e-05,391.5271077165347,40.66079961643899,0.2725335692549588,0.6760761372369158,2.8379841273385917,0.5692252470062541,1.821534800953422,0.031499628817829,0.0,0.4278659362849465,0.6739208110206498,0.9242271006714238,0.04990914493999505,0.060317472326984145,0.15041673551049964,0.016568619877470183,0.04613286137564375,0.0,0.02205324081168328,
actor_wgan,,-0.07997503748384718,0.09763554324754112,0.0017622656343688602,1.0032224765664681,,16.0,41.814369338424186,0.13783626473525276,0.09808067879078444,0.2359169435260372,0.991103794777945,0.10185641941159956,1.0,0.0,40.508133121839066,40.45367194618789,0.10891775313490715,0.10891775313490715,1.1495418640697777e-05,107.61621205086614,40.45367194618789,0.2683501949825422,0.6745927164411298,2.9180894805210364,0.5675125686292425,1.8162692335654889,0.006639044384515543,0.0,0.42280088769392504,0.682160361963481,0.8838716718296424,0.050359594710276914,0.060515007363571904,0.15080838498547994,0.0167881662833778,0.04707181376411871,0.0,0.022053646295937174,1.0
actor_wgan,,-0.10703013857933437,0.12210768517122926,0.0015037941485217454,1.002890056839069,,17.0,,,,,,,1.0,0.0,42.105175637067674,42.043687112346944,0.12297211759060231,0.12297211759060231,1.232962711848914e-05,116.9210912955618,42.043687112346944,0.2731223329052035,0.6937605491468823,3.0011685788402818,0.5806362358528617,1.8860992083951609,0.02611950775764537,0.0,0.4399287400827075,0.69234532022641,0.9572581050586066,0.049950338848273206,0.060551030042710355,0.1523037705981247,0.01678050225788066,0.046962694692259145,0.0,0.02205406870308716,
actor_wgan,,-0.11256346961076004,0.12670752561293205,0.0014105264927087877,1.0046598031449399,,18.0,,,,,,,1.0,0.0,38.83220053713981,38.765013983929194,0.13436791542349605,0.13436791542349605,1.2977494347930763e-05,87.71250741749526,38.765013983929194,0.2698171966033468,0.6418710219223551,2.717012855167202,0.5559685017458492,1.764985041789748,0.010443481366562812,0.0,0.40432021342566504,0.647613748127292,0.8986302760781073,0.05010301111881472,0.061723571119800015,0.15473812607881193,0.017238977488201666,0.04844586957552565,0.0,0.022054501378407157,
actor_wgan,,-0.13845945879532232,0.1530239197281527,0.0014520190780877825,1.0071653825638613,,19.0,,,,,,,1.0,0.0,39.048712714385324,38.97457975401829,0.14826052134714796,0.14826052134714796,1.349846726503238e-05,91.83461096632426,38.97457975401829,0.26938162627758433,0.6632770944642685,2.7443664542271646,0.5562010185514692,1.7436529988227372,0.007359399930346875,0.0,0.41210731113933435,0.6655783558964846,0.8540981729730163,0.04974247187941457,0.0621897924986976,0.15721275609122448,0.017636800386374586,0.050037642141805554,0.0,0.02205494576852089,
actor_wgan,,-0.1407150556434069,0.15481998729994614,0.0014059927818437124,0.9970626481244121,,20.0,41.729195626926135,0.13794663509008673,0.09821859448080882,0.23616522957089553,0.9906337757370434,0.15180504713816145,1.0,0.0,39.2837075249826,39.204763515055,0.1578822572060082,0.1578822572060082,1.4406622987114579e-05,171.48797168654067,39.204763515055,0.2718769044195273,0.6732673439881196,2.732538243531531,0.5608175658703174,1.7677621693087882,0.005993685769086218,0.0,0.42009878563790737,0.6609056254903086,0.9100758510536409,0.049790712559846254,0.06147360764797437,0.15543292592353422,0.017040052286940967,0.048676194417513655,0.0,0.022055401880853153,1.0
actor_wgan,,-0.14881338084392695,0.162919912994908,0.0014058010352405504,1.0115334487560572,,21.0,,,,,,,1.0,0.0,38.826261940842095,38.74033380678677,0.17184976734713672,0.17184976734713672,1.6251908759520232e-05,305.1302695964164,38.74033380678677,0.27187860498750205,0.6332268101885874,2.6971741183452864,0.5555821110193835,1.7800447691439605,0.013824856030142867,0.0,0.4122327568983874,0.6375087469222626,0.9088169360991039,0.05001705728121056,0.06139670099889983,0.15338166514957816,0.01708241537914409,0.047797214883095164,0.0,0.022055843324725977,
actor_wgan,,-0.16591892307186562,0.17718960604850503,0.0011219653529828523,1.0004548523735808,,22.0,,,,,,,1.0,0.0,40.98838782305814,40.894696830003156,0.18737535560387675,0.18737535560387675,1.657626523674116e-05,150.3526706889203,40.894696830003156,0.27089878258779354,0.6680215751384804,2.861191402643379,0.5805987290856665,1.9456463508605015,0.006756552204938673,0.0,0.4308306333767151,0.6741669551025185,0.9066706808798899,0.050415638740340156,0.06105080423727369,0.153167175386369,0.017102380593134642,0.04778456090147758,0.0,0.02205626501996427,
actor_wgan,,-0.17203051690478371,0.18761239712687006,0.001553779363119694,1.0141203148556992,,23.0,,,,,,,1.0,0.0,40.6685155554568,40.57201798095844,0.1929880176790929,0.1929880176790929,1.7828294044146148e-05,131.63239002610553,40.57201798095844,0.2742786188818763,0.6644464332430365,2.8871966261730457,0.5737549543960242,1.8769750630592732,0.003287029071776996,0.0,0.42945910318909836,0.67245191337256,0.9525515608453202,0.050230153943709194,0.06099293164834111,0.15308038844476948,0.016962351318388504,0.04775041520710334,0.0,0.022056684425895916,
actor_wgan,,-0.20067994705954906,0.2120369058127422,0.0011300325731621766,1.0013050255965017,,24.0,41.681912080218744,0.1379097986386805,0.09814449966762183,0.2360542983063023,0.9898192853445646,0.20413483977755736,1.0,0.0,41.54003542995199,41.43058025931041,0.21890291172845097,0.21890291172845097,1.8573886767855997e-05,78.16856993282249,41.43058025931041,0.2701238545294457,0.6864665937173567,2.9601364684969513,0.5773744702801913,1.8856167015085532,0.015113006807855234,0.0,0.4331341707619269,0.6873557055540946,0.891154199126811,0.049823769995288855,0.06079970685714531,0.154169400479776,0.0167821756669336,0.04798799318308067,0.0,0.022057101420789375,1.0
actor_wgan,,-0.21261069125653756,0.22470710223944007,0.0012034714375784817,1.0076871407333887,,25.0,,,,,,,1.0,0.0,39.84397003407046,39.73036173325663,0.22720843458711282,0.22720843458711282,2.0417601372674014e-05,90.72075115981643,39.73036173325663,0.27774716029126434,0.6493528330594317,2.7778789378894024,0.5671757152008766,1.8204470774870647,0.012431630451300343,0.0,0.4209540061865089,0.6686810815480312,0.9480242535938561,0.05037475083659052,0.0617306510706192,0.15539154703047056,0.017342643225832774,0.04887564455916929,0.0,0.022057542766999255,
actor_wgan,,-0.22068151776318248,0.23342553129387672,0.0012680434334652003,1.010691012486506,,26.0,,,,,,,1.0,0.0,40.70342011574884,40.5824158471704,0.24200014572638362,0.24200014572638362,2.0978576252663867e-05,327.13197749707524,40.5824158471704,0.2691543854125687,0.6828922412140348,2.923442993332201,0.5545229007731673,1.7569840909348464,0.025942683956166727,0.0,0.42604752402559765,0.6904861727652734,0.8872213191494572,0.05052917017962212,0.061350446385691516,0.15301782130402902,0.01704767270788023,0.04746166857568245,0.0,0.022057994652564233,
actor_wgan,,-0.23737713877465705,0.24813295625880896,0.0010686740302097949,0.9964307017959996,,27.0,,,,,,,1.0,0.0,40.14566687923279,40.01908386245054,0.2531575106628094,0.2531575106628094,2.130725424858847e-05,80.83172326062414,40.01908386245054,0.27393881168877665,0.6450718884891106,2.831939270209392,0.5602748385915948,1.8710309677850403,0.01102174085336096,0.0,0.4190874750608421,0.6525419918414459,0.8802341516428851,0.05038706847668144,0.06111126563184923,0.15367953035547455,0.01686732920353345,0.04805390582624209,0.0,0.022058426826543957,
actor_wgan,,-0.24600967687477557,0.25842104921111153,0.0012339027329001388,1.0137850698762383,,28.0,41.612769733021466,0.13765670990270276,0.09770715692317586,0.23536386682587862,0.9874464466631013,0.25495974957272993,1.0,0.0,39.42438667478713,39.29103896889326,0.26668627141997747,0.26668627141997747,2.2850919409166387e-05,97.72963150238219,39.29103896889326,0.26838899825168167,0.6663706686055151,2.776130365985843,0.555617855244671,1.7744295441952784,0.005842617275596644,0.0,0.4166026291300906,0.6524745591537492,0.922857703350696,0.05025267415079575,0.0629495443826947,0.1614983920764726,0.017826957872259217,0.05179960174365056,0.0,0.022058877670055394,1.0
actor_wgan,,-0.2634408577849991,0.2731944195346551,0.0009676952497868106,1.0012990523901641,,29.0,,,,,,,1.0,0.0,39.81123016905139,39.67265911453406,0.27713245111869866,0.27713245111869866,2.414478986932349e-05,349.1589624087124,39.67265911453406,0.2649627798640882,0.6571712204990471,2.807846787495319,0.5503453331523895,1.7596107778489947,0.028875102618033333,0.0,0.4138549993464723,0.6674705472497219,0.8851678116700848,0.050807929147706384,0.06231278169520635,0.1553887260869638,0.01750717055789705,0.04889056580840888,0.0,0.022059334720654078,
actor_wgan,,-0.28846904297820447,0.3000860365443347,0.0011529870212091842,1.010582862067959,,30.0,,,,,,,1.0,0.0,43.37706935948042,43.22525318580858,0.3036227824274181,0.3036227824274181,2.3912290632329744e-05,136.07296707301356,43.22525318580858,0.2623615732454889,0.7369422747220415,3.081871453217385,0.5968505042080197,1.9857524176159225,0.012906244299502673,0.0,0.45185360498670646,0.7286384837571614,0.9462981491425443,0.05074442122690703,0.059525585990628446,0.1459855907488847,0.0163993694505471,0.04446431242803694,0.0,0.022059768237765093,
actor_wgan,,-0.29159370383942546,0.3005223147716413,0.0008841782372534851,1.0073321144460974,,31.0,,,,,,,1.0,0.0,40.755627644895334,40.6038387371111,0.30356716060056155,0.30356716060056155,2.6637419777256618e-05,116.592375077856,40.6038387371111,0.2630205838766018,0.6907284790389404,2.854367271403012,0.5747509437553319,1.8810221925191555,0.005153140793746216,0.0,0.42664226283321494,0.6805728757735443,0.8911281033224937,0.05045347110728487,0.0617617477634263,0.15457149083303431,0.01711246777687641,0.04812362196921708,0.0,0.022060205438995423,
actor_wgan,,-0.30413788712722684,0.31518104584502277,0.0010952475136877466,1.006213381894399,,32.0,41.55167388983332,0.13737632098687702,0.09715909155830332,0.23453541254518034,0.9848431361130324,0.3081877858290715,1.0,1.0,40.504408346194026,40.3426964821649,0.3234121243188883,0.3234121243188883,2.9009348400310452e-05,325.65511571075103,40.3426964821649,0.26589625413022566,0.6746931085519683,2.828210585958308,0.5664318833189865,1.8586996971595742,0.015105328745827923,0.0,0.4216158072501578,0.6721171921476464,0.9052769357162113,0.050844541486664556,0.062150953026255985,0.1562463496629292,0.017468322776758194,0.049003210324658986,0.0,0.022060644973464032,1.0
actor_wgan,,-0.31433594248922087,0.3293209047938546,0.0014879155193734761,1.0198984790997323,,33.0,,,,,,,1.0,0.0,43.16018893437598,42.99511085502668,0.3301444608760517,0.3301444608760517,2.9244556344687025e-05,136.37730892696058,42.99511085502668,0.2609739954601926,0.7223286008090649,3.1179929955287427,0.5884628247316733,1.9878528065289816,0.0039061272888351226,0.0,0.4427177527443293,0.7237064680719283,0.9732215577190126,0.050750502239289154,0.06038391685668182,0.14965168461107684,0.016576909213956124,0.04599822024887082,0.0,0.022061068532943224,
actor_wgan,,-0.3180169863651684,0.32992756966930037,0.0011812238361714506,1.0004437337180412,,34.0,,,,,,,1.0,0.0,38.04135672460019,37.871332713492464,0.340036764523425,0.340036764523425,2.8144230082201376e-05,138.7296497123341,37.871332713492464,0.2645904072497139,0.6549578610535005,2.6412797502927168,0.5398339204001055,1.6854429192828384,0.007663874844067619,0.0,0.40327704991462254,0.6477408846882663,0.8792713447795363,0.05033512550977907,0.062015814505511926,0.15687705247556696,0.017231296339729904,0.04900438291154623,0.0,0.022061501056777226,
actor_wgan,,-0.33532507965216846,0.3471780016748408,0.0011747518353514208,1.0130512834983536,,35.0,,,,,,,1.0,0.0,40.09777927143281,39.9226812495037,0.3501838565150888,0.3501838565150888,3.046835786606137e-05,156.20535975334425,39.9226812495037,0.26373073988615225,0.6693292100641269,2.8405564534755112,0.5566522545091925,1.8174846109030478,0.01003932612684682,0.0,0.4082271912376422,0.6684608605996852,0.9314810254775817,0.05068743065663524,0.0627138957713599,0.15683537693722446,0.017732639484519436,0.04940542745444636,0.0,0.022061929624825363,
actor_wgan,,-0.35971763305985344,0.3702580203304572,0.0010426778832519654,1.0044599905298828,,36.0,41.50833717562099,0.1376366917374938,0.0976322862756547,0.2352689780131485,0.9859800726709438,0.3601850072587822,1.0,0.0,40.106752525243515,39.92025946762432,0.37297317650355083,0.37297317650355083,3.234683708502888e-05,92.90345457762278,39.92025946762432,0.2674750529675704,0.6639614776197017,2.80374466076127,0.566821568710594,1.868066937759712,0.003524813895055075,0.0,0.4134238717789869,0.6705210916875459,0.8902116272868206,0.05073045492194643,0.06257767038557227,0.1572670000889641,0.01765462499440545,0.04991092720636205,0.0,0.022062349126400163,1.0
actor_wgan,,-0.36418476445135056,0.3774483397593764,0.0013149646105538619,1.0165159566061355,,37.0,,,,,,,1.0,0.0,40.79331612192658,40.60216582120167,0.38228653492348447,0.38228653492348447,3.5166315824597786e-05,274.99063407198406,40.60216582120167,0.2683757096157689,0.6667033010684469,2.89773041510527,0.5636384070110929,1.8586282037640538,0.013801786736925205,0.0,0.41962096270598176,0.6816883993315727,0.905682822632385,0.05054097018014096,0.06284492415519077,0.15883036483022372,0.017821652120271054,0.05060565317697712,0.0,0.022062778478439293,
actor_wgan,,-0.3715156682521634,0.38223091242654017,0.0010594209650965725,1.0072320183910195,,38.0,,,,,,,1.0,0.0,41.23359033824222,41.03815259675162,0.3908602727839303,0.3908602727839303,3.802549318631686e-05,165.77459265105455,41.03815259675162,0.2684353650746949,0.6873424068220632,2.855043999760427,0.5872522326854844,1.936064802505384,0.005994796193793398,0.0,0.43242398380766395,0.6845261321222055,0.8885095605098878,0.05045775589493979,0.06224944277172499,0.1578553967248738,0.017404639825984485,0.049790457656010145,0.0,0.02206319478476546,
actor_wgan,,-0.4130885821490479,0.4227691834332753,0.0009544115394292331,1.0102400753159797,,39.0,,,,,,,1.0,0.0,39.32269632105694,39.11371984266784,0.4179380093320439,0.4179380093320439,3.736861535995796e-05,103.35845209296572,39.11371984266784,0.26450592113449545,0.6455107069099488,2.747321567162423,0.5559699247398038,1.8235372037369175,0.005701734230046408,0.0,0.4072879999786627,0.6491475665531707,0.9107354058912964,0.05092684216644131,0.06333517770816387,0.16028421631771508,0.017941636900114175,0.05099002825952999,0.0,0.02206360294172564,
actor_wgan,,-0.40486366680505437,0.418849479577603,0.0013845185550596245,1.0205694463457131,,40.0,41.49179865981465,0.13789415511764064,0.09815846597741028,0.23605262109505093,0.987563354819647,0.40892190870497297,1.0,0.0,40.00508215517017,39.79758762329496,0.41497436107079366,0.41497436107079366,3.675669907438006e-05,316.20892342434485,39.79758762329496,0.2718371915062965,0.6626136577900253,2.7924231650274605,0.570990273948522,1.8171848270486328,0.009691937609689493,0.0,0.4172351775773234,0.6616675073001892,0.9137783599554873,0.051429435415632024,0.062396250450374814,0.15568067970384092,0.017450086006920967,0.048574307895656366,0.0,0.022064021920148155,1.0
