kappa_sigma,numerical_kappa_sigma,mean_time_w1,mean_occupation_w1,selected_time_w1,selected_occupation_w1,unselected_time_w1,unselected_occupation_w1,mean_time_w1_reduction_percent,mean_occupation_w1_reduction_percent,mean_time_w1_to_observed_ictal,mean_occupation_w1_to_observed_ictal,control_rms
0.0,1e-10,0.21261470424851084,0.09060089846542126,0.210415049180295,0.08924163827841979,0.2138579875479372,0.09136917596242214,38.75048182652077,71.12725323913781,0.5060611525697797,0.37861931016766553,0.0
0.05,0.05,0.19599522782624057,0.0875288978317667,0.19418868508555692,0.08622013747439954,0.19701631720140958,0.08826863194680035,43.53817949191722,72.10624017908044,0.5065659535873489,0.3753727487341403,0.0
0.1,0.1,0.1814506019470186,0.08126196710221292,0.18015727171779572,0.08068618748917075,0.18218161468527497,0.08158740775306286,47.72815934427309,74.10338929114286,0.508140867978029,0.3663218329726001,0.0
0.2,0.2,0.16160061460098746,0.07303324936510286,0.16167766379395226,0.07500691981622008,0.1615570650571378,0.07191769650142789,53.446494607073156,76.72572182221451,0.5145092753168785,0.3380324342137615,0.0
0.3,0.3,0.15594036528912458,0.07585227000101975,0.15705033910529087,0.078095780745715,0.15531298878433497,0.07458419871053983,55.07708523023227,75.82735469437043,0.5250184022163138,0.30294361864184194,0.0
0.4,0.4,0.1628039757896963,0.0869802735711252,0.16482058238396138,0.08990051418730578,0.16166415467119866,0.0853297027880666,53.09983329191345,72.28107607599392,0.5393730644803495,0.2647050855653914,0.0
0.5,0.5,0.1795050767419276,0.10994450720789202,0.1824029326245592,0.11140513771927542,0.17786715819957055,0.10911893344058841,48.28862143379491,64.9628208094118,0.557285044458361,0.22522547387403657,0.0
0.6,0.6,0.20386006072614743,0.1421341933420575,0.20752968756921392,0.14400022100683815,0.20178592381484903,0.1410794820532684,41.27249788096346,54.70459300146005,0.57839939918724,0.18765476289084881,0.0
0.75,0.75,0.2509495589744092,0.20216165796031624,0.2555523879047223,0.20873889250217828,0.24834796001379741,0.19844409061056806,27.707071684637118,35.575005834274556,0.6155147558377417,0.14156118810043516,0.0
0.9,0.9,0.3066991695794937,0.26822450897144157,0.3122799340383312,0.2767033426854167,0.30354482445058556,0.26343212469832505,11.646861738247994,14.522058238255141,0.6583178349196604,0.11371760659850011,0.0
1.0,1.0,0.3471287784604517,0.31379383200296457,0.3534296738463423,0.32286822412646854,0.34356740280755704,0.30866482775924503,0.0,0.0,0.6896082115405365,0.1099650678260369,0.0
1.25,1.25,0.4558560829431837,0.4310247153043954,0.46403876584483217,0.4409075408514544,0.4512310882596433,0.4254387704299708,-31.32189297728285,-37.35920574127898,0.7763116940983665,0.16111345654717407,0.0
1.5,1.5,0.5723889766158129,0.5522705353828168,0.5820769847302834,0.5628345525493622,0.5669131459424164,0.5462995691582477,-64.89240078405803,-75.99789385841058,0.8735723297857487,0.2581358420470915,0.0
