channel,direct_actuator,occupation_w1_free_to_reference,occupation_w1_wgangp_full_to_reference,reference_mean,free_mean,full_mean,reference_sd,free_sd,full_sd
LAF1,False,0.47615322028825435,0.004719748113733536,-0.0013522897579913735,-0.0006990215984110084,-0.004643099728768455,0.07904840540311799,0.6735482663580323,0.0762189782252493
LAF2,True,0.47584809981331166,0.008629825252198783,-0.0016317894055405925,-2.409414667416121e-05,0.006654143517360286,0.0763963892116781,0.6721037447406909,0.07475841596577479
LAF3,False,0.40314974938538695,0.04999457599103996,-0.003430087635686328,-0.0012147112651166693,-0.010573133974194944,0.14001382635264692,0.6367591052035262,0.20045027937983756
LAF4,False,0.3468190985705323,0.07846991987225582,-0.0020430601682071437,-0.0019639642270799073,-0.02737535509464251,0.16485071858501488,0.5975256473224608,0.2587554050720386
RA2,False,0.2462302164319916,0.07203129262605418,0.00471085226190741,-0.018701771187405226,-0.06731323889406263,0.33993554864478603,0.6422756058859131,0.32514567585486853
RA3,True,0.2205403678886059,0.07942920302235283,0.005034082742644895,-0.022135225361848546,-0.07365006996258303,0.3786207642028291,0.6395633602498924,0.395062595358613
RAFa1,True,0.32688775349661325,0.12076885947606361,0.001131373876668625,0.002597164617967958,0.12188263367287011,0.18373700266668433,0.5953691097031973,0.22183680975566503
RAFa2,False,0.35365712389981424,0.08636715354488808,0.00018626677290121987,0.006470860988025082,0.08646064621538986,0.16803452682007028,0.6075449670726788,0.1793179868217895
RAFa3,False,0.3636195216673688,0.09145427305344418,0.00014223967299872655,0.007041723036871445,0.0908691363593783,0.1618873419935994,0.6130071325254728,0.21876087926414642
RAFa4,False,0.30254355395101973,0.09577788895721757,0.0002537238093628868,0.007353569846373125,0.09580290913688844,0.22919462592884016,0.6019079293557189,0.26552269768614906
RAFb1,True,0.3317978197702297,0.05136814411501327,-0.00021678825331193058,0.005882284352814405,0.05024632303455956,0.19393988376758622,0.6106166941190707,0.22465073461891927
RAFb2,True,0.3261911593094481,0.10942487290108743,-0.00029398163920567034,0.009646140703284586,-0.10780557896868691,0.2022227002600368,0.6136327579072139,0.25950262572203847
RAFb3,False,0.30409180423358706,0.10510971441530814,-0.0009845927200610761,0.00949481639180871,-0.103350942294449,0.23062580998295812,0.613776561911687,0.28102853847149706
RAFb4,False,0.24384225131556775,0.133008863737842,-0.00207971059161866,0.00822752283136479,-0.13448950750049585,0.28528161180139466,0.5965069393054204,0.3045164649633798
RAFc1,False,0.28445760595483144,0.031151535372149944,0.002091283504971282,-0.006983513379891911,-0.015818856932495025,0.2798715277342854,0.6361322443495836,0.3116728858147225
RAFc2,True,0.2596847582929813,0.07860882063608933,0.003540591599852038,-0.005923732911066251,0.0821002661038624,0.3176932396095193,0.638836542584064,0.3163015792377184
RAFc3,True,0.23554248005849654,0.03170061977962247,0.002281981208175077,-0.002299706849494208,-0.027841414232968258,0.32432053916281695,0.6201409586214077,0.32467115284807774
RAFc4,False,0.24932083574051003,0.08226446603318645,0.000804335382718754,0.0018399903989874625,0.08210702279267351,0.29252096238212344,0.6050057076270887,0.32332191075249134
RAFd1,True,0.29755951398424274,0.07925634004524262,0.002074371061463858,-0.006177909682696784,-0.07598353695255246,0.25460202220969924,0.627902985878171,0.2946882519449916
RAFd2,False,0.1520201300552314,0.09804442229003883,0.006089689455106901,-0.006664531801411668,-0.03598284361094915,0.45590714864356546,0.6258694800565914,0.312538446623715
RAFd3,False,0.09475042331929204,0.08683607404717719,-0.0019711856836104103,-0.0036748563343357906,0.07444474958282195,0.4491067901814817,0.5158687569104473,0.4508557655280149
RAFd4,False,0.1172419875310553,0.09113360226390918,-0.0027862774800883135,-0.0033730100815731767,0.07908222515063842,0.4088239260661096,0.5327980649084069,0.37404804568961225
RH1,False,0.38451619024911965,0.0691344439055382,0.001518920253299303,0.004785557862986166,-0.02792624477506453,0.14202554536591108,0.6282009800578843,0.22223797190241662
RH2,False,0.37475096013230297,0.02770298145007812,0.0008450887153417396,-0.0016400586262530943,-0.014005128500761523,0.1494584713068496,0.6219567687344741,0.18015500517545388
RH3,False,0.3229627981881131,0.17617982826668607,0.005164633163066817,-0.00804151329415851,0.026438143582199418,0.18096682531157843,0.5842174166678169,0.39495420994416186
RH4,False,0.325392035205749,0.13328427029620538,0.004129734727321341,-0.013740347487363023,-0.005228264801113551,0.1636911694426504,0.5712319565260465,0.3225021486254214
RPFa1,True,0.3688487451902784,0.06929507778154116,-0.002021528641842791,0.005568343561193718,-0.0619151334087788,0.13817136626412568,0.5976568599451594,0.19318201792860665
RPFa2,True,0.38680743047841776,0.022680517274199712,-0.002506319616534979,0.0045668871056401585,0.00715702485721363,0.10950168225287549,0.5904359673801154,0.13514367382780892
RPFa3,True,0.38167741901134133,0.06648722346995653,-0.0025965390562376314,0.0025992261024910695,-0.06908201251106341,0.10393763048119935,0.5804792999235926,0.13468125945017578
RPFa4,False,0.4301567768444364,0.08839525595914707,-0.001891995722886107,0.0013125632673495567,-0.0006293208497513045,0.10492459722237184,0.6467718065552418,0.21932741204416717
RPFb1,True,0.41249941661985146,0.04439458097273127,-0.0015871633850172869,0.00909390798055391,0.042696003301481426,0.10616919418843043,0.6196069010417843,0.12294154717898255
RPFb2,False,0.41314868857637793,0.06861094273383378,-0.0013714893325604866,0.010119370504149709,0.06616563121516268,0.12188047785535527,0.6360682606405427,0.15410362391024998
RPFb3,False,0.38812357048071966,0.05469954159196529,-0.001495084413392897,0.0072937684048721765,0.0441221246688399,0.10704704644691831,0.5877225940079815,0.1552871296114281
RPFc1,True,0.1734019497302653,0.1272066478794544,0.0022836920305193313,-0.00033371274996885775,0.1268244998393465,0.38273476468531625,0.6000569587599439,0.3225102825079466
RPFc2,False,0.25632479320271245,0.0918990182448512,-9.792176140855831e-05,0.0053211166485888015,0.0754094648223104,0.28204142597963067,0.5959341461581258,0.3642683599238757
RPFc3,False,0.26601770323866214,0.13295484572132724,-0.0008567377515598824,-0.006686410354953927,-0.1332362449829856,0.24835648600297983,0.5782782286374835,0.31223899645004943
