channel_index,time_relative_reduction_pass,occupation_relative_reduction_pass,time_absolute_pass,occupation_absolute_pass,mean_absolute_error_pass,symmetric_sd_ratio_pass,full_gate_b_pass,both_time_and_occupation_improved,safety_gate_pass,full_gate_pass
0,False,False,True,True,True,True,False,False,True,False
1,False,False,True,True,True,True,False,False,True,False
2,False,False,True,True,True,True,False,False,True,False
3,True,True,True,True,True,True,True,True,True,True
4,True,True,True,True,True,True,True,True,True,True
5,False,False,True,True,True,True,False,False,True,False
6,False,False,True,True,True,True,False,False,True,False
7,False,False,True,True,True,True,False,False,True,False
8,True,True,True,True,True,True,True,True,True,True
9,False,False,True,True,True,True,False,True,True,False
10,True,True,True,True,True,True,True,True,True,True
11,True,True,True,True,True,False,False,True,True,False
12,True,True,True,True,True,True,True,True,True,True
13,False,False,True,False,True,False,False,False,True,False
14,False,False,True,False,True,True,False,False,True,False
15,False,False,True,True,True,True,False,False,True,False
16,True,True,True,True,True,True,True,True,True,True
17,True,True,True,True,True,True,True,True,True,True
18,True,True,True,True,True,True,True,True,True,True
19,True,True,True,True,True,True,True,True,True,True
20,True,True,True,True,True,True,True,True,True,True
21,False,False,True,True,True,True,False,False,True,False
22,False,False,True,False,True,True,False,False,True,False
23,False,False,True,True,True,True,False,False,True,False
24,True,True,True,True,True,False,False,True,True,False
25,True,True,True,True,True,False,False,True,True,False
26,True,True,True,True,True,True,True,True,True,True
27,True,True,True,True,True,True,True,True,True,True
28,True,True,True,True,True,True,True,True,True,True
29,False,False,True,True,True,True,False,False,True,False
30,False,False,False,False,True,True,False,False,True,False
31,False,False,False,False,True,True,False,False,True,False
32,False,False,True,True,True,True,False,False,True,False
33,True,True,True,True,True,True,True,True,True,True
34,True,True,True,True,True,True,True,True,True,True
35,True,True,True,True,True,True,True,True,True,True
36,True,True,True,True,True,True,True,True,True,True
37,False,False,True,True,True,True,False,True,True,False
38,False,False,True,True,True,True,False,False,True,False
39,False,False,False,False,True,True,False,False,True,False
40,False,True,True,True,True,True,False,True,True,False
41,True,False,True,True,True,True,False,True,True,False
42,True,True,True,True,True,True,True,True,True,True
43,True,True,True,True,True,True,True,True,True,True
44,True,True,True,True,True,True,True,True,True,True
45,True,True,True,True,True,True,True,True,True,True
46,False,False,True,True,True,True,False,False,True,False
47,False,False,True,True,True,True,False,False,True,False
48,False,False,True,True,True,True,False,False,True,False
49,False,False,True,True,True,True,False,False,True,False
50,False,False,True,True,True,True,False,False,True,False
51,False,False,True,True,True,True,False,False,True,False
52,False,False,True,True,True,True,False,False,True,False
53,False,False,True,True,True,True,False,False,True,False
54,False,False,True,True,True,True,False,False,True,False
55,False,False,True,True,True,True,False,False,True,False
56,False,False,True,True,True,True,False,False,True,False
57,False,False,True,True,True,True,False,False,True,False
58,False,False,True,True,True,True,False,False,True,False
59,False,False,True,True,True,True,False,False,True,False
60,False,False,True,True,True,True,False,False,True,False
61,False,False,True,True,True,True,False,False,True,False
62,False,False,True,True,True,True,False,False,True,False
63,True,False,False,True,True,True,False,False,True,False
