channel_index,time_w1_free,time_w1_controlled,occupation_w1_free,occupation_w1_controlled,symmetric_sd_ratio,mean_abs_error,channel,direct_actuated,mean_abs_log_sd_ratio,time_relative_reduction,occupation_relative_reduction,mean_channel_score_ratio,adopted32_time_w1_controlled,cold_minus_adopted32_time_w1_controlled,adopted32_occupation_w1_controlled,cold_minus_adopted32_occupation_w1_controlled,adopted32_mean_channel_score_ratio,cold_minus_adopted32_mean_channel_score_ratio,adopted32_mean_abs_error,cold_minus_adopted32_mean_abs_error,adopted32_mean_abs_log_sd_ratio,cold_minus_adopted32_mean_abs_log_sd_ratio,adopted32_symmetric_sd_ratio,cold_minus_adopted32_symmetric_sd_ratio,both_endpoints_better_than_adopted32,both_endpoints_worse_than_adopted32
0,0.3055492426099886,0.21855473765379146,0.08400611284462885,0.06388971190346225,1.0839958844686175,0.0204792916717879,EEG RG 01-Ref,False,0.08060356906818691,0.2847151713193389,0.23946353735438664,0.744503346593169,0.20596763934840956,0.012587098305381905,0.052505445486514146,0.011384266416948105,0.6545546035247171,0.08994874306845191,0.01753655535771095,0.00294273631407695,0.06481503065604091,0.015788538412146003,1.0670697285976756,0.016926155870941928,False,True
1,0.3258263038019431,0.2308336423907179,0.03942348565793685,0.02440227873057715,1.0095527510646725,0.017258957655890948,EEG RG 02-Ref,True,0.009480688215859193,0.2915438695488731,0.3810217862949312,0.6745244951365419,0.2311290421896715,-0.00029539979895359947,0.035892831247041304,-0.011490552516464154,0.8186223688733257,-0.14409787373678384,0.0250501837001623,-0.007791226044271352,0.012359004121751619,-0.0028783159058924264,1.0124596486479105,-0.002906897583238033,True,False
2,0.2727879130670474,0.21156982301228755,0.0245964340560111,0.0228574980819578,1.013373719179421,0.01655640912343455,EEG RG 03-Ref,False,0.013277767858423186,0.22441643167567082,0.07069870250676946,0.8616034553849898,0.20312694619031424,0.00844287682197331,0.02740136730655255,-0.0045438692245947515,0.9353331852318674,-0.07372972984687753,0.0247294917622592,-0.008173082638824651,0.01726718511081546,-0.003989417252392272,1.0174181107542175,-0.004044391574796524,False,False
3,0.2684291084037975,0.164863625549102,0.18036370627372164,0.031452585379116,1.0743747659388379,0.017283454988222,EEG RG 04-Ref,False,0.0694524823985869,0.3858206118946762,0.8256157736557971,0.3983909321074744,0.17068592578714908,-0.0058223002380470845,0.03907279066782195,-0.007620205288705946,0.4340402556865692,-0.03564932357909478,0.032500508558953,-0.015217053570730998,0.07678576427704342,-0.007333281878456527,1.081575924496888,-0.007201158558050258,True,False
4,0.21841239798592588,0.1728145156342727,0.0862802677262487,0.028286732330316304,1.0375275584803172,0.01718514903930645,EEG RG 05-Ref,False,0.036467507239208725,0.20876966130188013,0.6721529374472404,0.568860238633302,0.16778370983073515,0.005030805803537541,0.0221032336952215,0.006183498635094806,0.5286509636654918,0.04020927496781024,0.01094828179403085,0.0062368672452756,0.02736169453329773,0.009105812705910994,1.0277696711122966,0.009757887368020635,False,True
5,0.22415837814734996,0.20689817030315216,0.03900081532361465,0.03760788980858435,1.0161091799575988,0.0237722238896922,EEG RG 06-Ref,False,0.015907010461129637,0.07700005677615962,0.03571529219254288,0.9396448343461736,0.2034749546149712,0.003423215688180964,0.03634156244494845,0.0012663273636359038,0.930799073085392,0.008845761260781626,0.01630594895101445,0.007466274938677752,0.011032588502418538,0.004874421958711099,1.011103629993296,0.005005549964302691,False,True
6,0.30800123756666065,0.2932517181851193,0.11686520267484304,0.0594504670686045,1.1325029979760437,0.014612538563160549,EEG RG 07-Ref,False,0.12439868101505935,0.047887857523134514,0.4912902582814578,0.733318475965876,0.2750098418279173,0.01824187635720198,0.0638911601323908,-0.004440693063786298,0.7235468048846759,0.009771671081200028,0.0203037073051806,-0.005691168742020051,0.12987961484495572,-0.005480933829896367,1.138701002550929,-0.006198004574885285,False,False
7,0.3053817539436339,0.2724309482759296,0.11572220745177884,0.05603795373625385,1.0628621785390329,0.036947014400491446,EEG RG 08-Ref,False,0.06072668568037984,0.10790037466935964,0.515754538647176,0.6873279198390339,0.261161943367189,0.01126900490874061,0.0387417047949995,0.017296248941254352,0.5926272696898669,0.09470065014916695,0.02082324043112455,0.016123773969366897,0.04501900276890121,0.01570768291147863,1.0460995628096441,0.016762615729388752,False,True
8,0.2779149458286648,0.21909410427168705,0.0650871378153492,0.04028470228796005,1.003183072575452,0.02034952845572085,EEG RG 09-Ref,False,0.0031736731223440872,0.21165051552585779,0.3810650822863515,0.7080976118096709,0.2034717933809547,0.01562231089073235,0.03808718559629525,0.0021975166916647984,0.656683767399923,0.051413844409747944,0.01725095203159165,0.0030985764241291992,0.07258877523633647,-0.06941510211399239,1.0753729704796493,-0.07218989790419728,False,True
9,0.26633787686243593,0.21531770780043494,0.042978316896914746,0.0378887659524806,1.0897859548031352,0.0123789485022291,EEG RG 10-Ref,False,0.08598121557932656,0.19156182238530428,0.11842136481616172,1.0195772612595042,0.2182264227122935,-0.0029087149118585676,0.03287578057861395,0.0050129853738666505,0.9589303653584618,0.06064689590104244,0.009262575793019,0.0031163727092100996,0.0761353698878942,0.009845845691432362,1.0791549741242052,0.01063098067892998,False,False
10,0.2428319506445125,0.1616361556746658,0.14495577446404584,0.015822011776963,1.0308980951807398,0.00850409931297725,EEG RG 11-Ref,False,0.03041021279754525,0.3343703114616542,0.890849386059557,0.39178787957901595,0.15841155684573066,0.003224598828935138,0.0144457778482066,0.001376233928756401,0.3790231250522361,0.012764754526779831,0.00815529985282645,0.00034879946015079974,0.028209884570710154,0.0022003282268350972,1.0286304309803638,0.0022676642003760517,False,True
11,0.3081580975043503,0.1462332885576397,0.24577068440393385,0.02147627119001905,1.1110437226396397,0.01635641428564545,EEG RG 12-Ref,False,0.1007362605888283,0.5254601785838995,0.9126166278044702,0.27905676667870577,0.1408294521694552,0.0054038363881845075,0.02969576026009355,-0.008219489070074498,0.28635863352652025,-0.0073018668478144755,0.0256687976667467,-0.009312383381101248,0.10240691902815191,-0.0016706584393236107,1.112826550964571,-0.0017828283249312626,False,False
12,0.2494116361912972,0.18328882390053194,0.12108695292260904,0.04094175403327875,1.0467576366771543,0.025234514888495,EEG RG 13-Ref,False,0.04561290188691822,0.2651151858851103,0.6618813749533686,0.5362576177290648,0.17724082506020383,0.0060479988403281115,0.02050768804267295,0.0204340659906058,0.4398178146745796,0.09643980305448518,0.008598398890886049,0.01663611599760895,0.009257759611079604,0.03635514227583861,1.0093008542329946,0.03745678244415962,False,True
13,0.2697299708906392,0.2451252646807241,0.05026546866287475,0.07442311900593855,1.0854270080212132,0.051130060422577506,EEG RG 14-Ref,True,0.08196779796136497,0.09121977112395485,-0.4806013150914128,1.204955777090147,0.23258744358234262,0.012537821098381474,0.0521492256194353,0.02227389338650325,0.957206782345444,0.2477489947447029,0.03155496616386265,0.019575094258714856,0.04788710368069057,0.0340806942806744,1.049052536722205,0.03637447129900817,False,True
14,0.29964451330316266,0.2978901767410306,0.0862014817077079,0.05716854512963425,1.0257642921753436,0.012065593342409451,EEG RG 15-Ref,True,0.025437884388143598,0.005854726131284571,0.336803219653678,0.8297203407574283,0.27720743799218434,0.02068273874884624,0.06845278981369365,-0.011284244684059405,0.858314748291163,-0.028594407533734767,0.01976138713275145,-0.0076957937903419996,0.11618969333847234,-0.09075180895032875,1.1232130476790432,-0.09744875550369958,False,False
15,0.25544104431486175,0.26732848117193675,0.064016563656108,0.05966086526938075,1.0256001704446849,0.03379799022311655,EEG RG 16-Ref,False,0.025229296265944806,-0.046536909872723076,0.06804017800964335,0.9898356376773484,0.247046669386335,0.02028181178560176,0.03644897287140465,0.023211892397976094,0.7669003958749196,0.22293524180242874,0.021874045205775648,0.011923945017340905,0.007065074024094817,0.01816422224184999,1.0071035912872723,0.01849657915741254,False,True
16,0.25332266087464483,0.2017320216829787,0.1281781450458938,0.0285590208658421,1.0382908748666095,0.02493271904032455,EEG RG 17-Ref,False,0.03751599316848333,0.2036558396060565,0.7771927433056811,0.5099538170779641,0.1901348618821963,0.011597159800782408,0.03314078804619115,-0.004581767180349052,0.5032455928205045,0.0067082242574595385,0.02182282741415615,0.0031098916261683984,0.014393970648569907,0.023122022519913424,1.0145543295405164,0.02373654532609315,False,False
17,0.29931355046599517,0.12598600019550654,0.2432652991433659,0.030982633266623753,1.1047558924621916,0.00397695374710485,EEG RG 18-Ref,False,0.09665256033823631,0.5790835396547818,0.872638500535317,0.2743053192398097,0.12455453191845225,0.0014314682770542875,0.0215587647218164,0.009423868544807354,0.2518181772862964,0.022487141953513312,0.01459436682307235,-0.0106174130759675,0.081129726282533,0.015522834055703316,1.084828730547727,0.01992716191446453,False,True
18,0.33228735966106,0.10940523736739555,0.2908205514976308,0.012305232656824351,1.037850708410827,0.009762281919100701,EEG RG 19-Ref,False,0.0371504533128202,0.670751130951863,0.9576878848710779,0.18527433030686458,0.1080045744504869,0.0014006629169086432,0.011732819653731848,0.0005724130030925027,0.18207500498968482,0.0031993253171797575,0.010823939843872251,-0.0010616579247715498,0.034543657019012436,0.0026067962938077643,1.0352863322276464,0.0025643761831806167,False,True
19,0.3363398206321806,0.12024773015679835,0.28760750570642996,0.01610061127756795,1.0507801500745504,0.01272820097793715,EEG RG 20-Ref,True,0.049453469925235645,0.6424814346074692,0.9440188070265372,0.20586137027228632,0.11914467906357121,0.001103051093227142,0.0173794391998077,-0.001278827922239753,0.20704104580229832,-0.0011796755300119977,0.01292247279299795,-0.00019427181506079944,0.053666574364461414,-0.004213104439225769,1.0556296563593852,-0.004849506284834826,False,False
20,0.28540463052218523,0.1617011098126458,0.19096684252455443,0.0242941829974818,1.0291705964923135,0.0100619524320756,EEG RG 21-Ref,True,0.02875279226596124,0.4334320732050059,0.8727832398739165,0.3469467137141004,0.15612929407973658,0.005571815732909213,0.026060155409791452,-0.0017659724123096528,0.34160030893704846,0.00534640477705195,0.01687530775479015,-0.00681335532271455,0.0061171170522732275,0.022635675213688013,1.006139342777784,0.02303125371452941,False,False
21,0.2815822310311076,0.23428907774458674,0.0417776813552301,0.0570925905213152,1.046408759604691,0.04706481832027105,EEG RG 22-Ref,True,0.04536330791968519,0.16795503435476422,-0.3665811186567405,1.106511710102421,0.2281474471773867,0.006141630567200046,0.0555341044888346,0.0015584860324805994,1.0739536252411517,0.03255808486126943,0.0348676506965453,0.012197167623725746,0.03475588269956056,0.01060742522012463,1.035374104918544,0.011034654686146839,False,True
22,0.2935733371255884,0.2796910884228542,0.1228611235580106,0.0486868008786515,1.01973106577113,0.02238684163818205,EEG RG 23-Ref,False,0.01953829247917855,0.04728715774619385,0.6037249256013572,0.6756181152249559,0.2689693546530124,0.010721733769841757,0.04075602192118295,0.007930778957468548,0.6254605780688969,0.05015753715605897,0.02127961056816335,0.0011072310700186994,0.009822162193308746,0.009716130285869803,1.0098722008744832,0.00985886489664689,False,True
23,0.2741956349984173,0.27066554933114484,0.11298088789643515,0.0519021208499687,1.105585707616827,0.01719336676340635,EEG RG 24-Ref,False,0.1003724262836661,0.012874332107047803,0.5406114979593256,0.7235809868597006,0.2580882425381098,0.012577306793035037,0.04528037681187775,0.006621744038090953,0.6710634306789702,0.052517556180730396,0.02634613725334575,-0.009152770489939399,0.053169255127836074,0.04720317115583003,1.0546085386625754,0.05097716895425153,False,True
24,0.2845896480543013,0.1188293397706537,0.23913896577916793,0.0180109809849733,1.0538112110654536,0.0010146207451752778,EEG RG 25-Ref,False,0.05224972245163131,0.582453751979129,0.9246840391473238,0.24724075331030687,0.12311548493436665,-0.004286145163712951,0.0196998268183871,-0.001688845833413801,0.2579920839230068,-0.01075133061269995,0.009708954855142851,-0.008694334109967573,0.0591190299131854,-0.006869307461554092,1.0609267375995075,-0.007115526534053895,True,False
25,0.3329416363006057,0.08374680531030795,0.30552719140103757,0.016757251141011398,1.152637843991959,0.01112810413968805,EEG RG 26-Ref,True,0.14164361557219454,0.7484640063620795,0.9451529958293772,0.15200675189152607,0.0905855980940565,-0.0068387927837485485,0.0194699340265265,-0.002712682885515103,0.16593929152077833,-0.013932539629252255,0.00494221050849395,0.006185893631194101,0.15194934390484982,-0.010305728332655278,1.165590383952936,-0.012952539960977116,True,False
26,0.35618904930612544,0.08401147327125835,0.3207593184486315,0.015298804060736599,1.0832693687953456,0.0011617958757688,EEG RG 27-Ref,True,0.07924923223060859,0.7641379670854087,0.952304412745575,0.1433698412069883,0.08788350435353806,-0.003872031082279709,0.013131167083085649,0.0021676369776509503,0.14521106106988071,-0.0018412198628924015,0.0050816985048326505,-0.003919902629063851,0.05623465046859821,0.023014581762010378,1.058587911892653,0.024681456902692522,False,False
27,0.337251560106093,0.11563130449469686,0.2838798329955617,0.019647042850500798,1.0628740019866216,0.008128009720518501,EEG RG 28-Ref,True,0.06063358099670224,0.6571363392408875,0.9307909877106065,0.20899081943714254,0.11529099933533915,0.00034030515935770667,0.02060993223199825,-0.0009628893814974532,0.21008297945546073,-0.001092160018318189,0.0076897116836814,0.00043829803683710124,0.045695313250563446,0.014938267746138795,1.0469577336383638,0.015916268348257878,False,False
28,0.28397768403556867,0.15762610932704757,0.1769828649066788,0.02200250154693835,1.0425736731389406,0.0108286685556742,EEG RG 29-Ref,True,0.04160654694409411,0.44493487274406873,0.8756800464353426,0.3433798007596971,0.16348944497174311,-0.005863335644695544,0.0368598650783529,-0.01485736353141455,0.3984708891347222,-0.05509108837502508,0.02330996649157725,-0.012481297935903048,0.04365535216590169,-0.00204880522180758,1.0446235074848036,-0.002049834345863033,True,False
29,0.2724904752168985,0.2121040009281669,0.043830318754776,0.0528775614781673,1.0489368211602774,0.019046519751045703,EEG RG 30-Ref,True,0.04776767074511776,0.22160948649916978,-0.20641517060392056,1.0291344535811182,0.20584413154956938,0.006259869378597516,0.035751031877973405,0.017126529600193896,0.81498674844129,0.21414770513982817,0.0069277304758979495,0.012118789275147753,0.060813531318014355,-0.013045860572896598,1.0627017171993525,-0.013764896039075047,False,True
30,0.32391179114542074,0.2701462057225933,0.1818295440796292,0.0577029450646486,1.0697859828348297,0.015407545751961849,EEG RG 31-Ref,True,0.0674570458946931,0.1659883551404564,0.6826536338925286,0.5757187127953372,0.26148138220449524,0.008664823518098053,0.0468190525796754,0.0108838924849732,0.5324909269638578,0.04322778583147935,0.0164957840728301,-0.0010882383208682504,0.06272036004989526,0.004736685844797847,1.0647313567292978,0.0050546261055319786,False,True
31,0.3509196850275784,0.30301068192713043,0.23691440142347553,0.08410111721696051,1.1620432311860873,0.01890035802257315,EEG RG 32-Ref,False,0.15015803223529817,0.13652412544677528,0.6450147533807666,0.609325826550426,0.2943055996669966,0.008705082260133834,0.0603164074440772,0.023784709772883307,0.5465842330025293,0.06274159354789666,0.03176641165642295,-0.012866053633849801,0.08682206405610071,0.06333596817919745,1.0907110642291982,0.07133216695688915,False,True
32,0.2138667697904937,0.19119284236177692,0.03558251951146105,0.0411574141073208,1.0203969644048765,0.039719618788966696,EEG RG 33-Ref,False,0.02006044377058948,0.10601893623272296,-0.1566750941867423,1.1233630491595958,0.1865307025863088,0.004662139775468116,0.030139948981731397,0.011017465125589404,0.9921388648032547,0.1312241843563411,0.0234132624111903,0.016306356377776395,0.03746446830756459,-0.017404024536975114,1.0384856420218518,-0.0180886776169753,False,True
33,0.2995504016574391,0.14621142147052404,0.21387231063570716,0.025414699270401603,1.04015488504092,0.0136407999328138,EEG RG 34-Ref,True,0.03934638396814551,0.5118970942401573,0.8811688189328494,0.31089601284208224,0.14270310059971425,0.0035083208708097946,0.021221559494455297,0.004193139775946306,0.29667311877216895,0.014222894069913283,0.00655295820198095,0.00708784173083285,0.046848819870771205,-0.007502435902625698,1.048013578037788,-0.007858692996868033,False,True
34,0.3451600730295169,0.11777753702609445,0.28764146809770136,0.0190137220421474,1.0718640820808836,0.004174814391822899,EEG RG 35-Ref,True,0.06836628781263218,0.6587741566040795,0.9338978410592413,0.20948201701026994,0.11711111417475431,0.0006664228513401371,0.01611519687653155,0.00289852516561585,0.20196841797567738,0.007513599034592561,0.00303923339122615,0.0011355810005967493,0.06678389978803036,0.0015823880246018246,1.069832369676465,0.002031712404418684,False,True
35,0.32445425646831744,0.137054803973929,0.2528023268639956,0.03217378202017705,1.0758323564471266,0.0052326964076472,EEG RG 36-Ref,True,0.07163745635165215,0.5775835846144548,0.872731464068026,0.28182624227259656,0.1372149223650844,-0.0001601183911554005,0.028308228277928803,0.0038655537422482497,0.27499887080979424,0.006827371462802323,0.007399416609004049,-0.002166720201356849,0.06453771415796856,0.007099742193683589,1.0679597622381205,0.0078725942090061,False,False
36,0.26697033628262923,0.17198052337093228,0.1355510825976651,0.04093881261761945,1.100577929756604,0.01059948948391135,EEG RG 37-Ref,True,0.09541497153846155,0.35580661969551397,0.6979824001912869,0.493658224748458,0.17368376188445334,-0.0017032385135210548,0.0400131242390734,0.0009256883785460496,0.4937520039134993,-9.377916504132999e-05,0.0162955551467277,-0.005696065662816349,0.07563355075192629,0.01978142078653526,1.0787911752211818,0.021786754535422226,False,False
37,0.2578270927085332,0.20121460220209375,0.035273368210189754,0.04555955930203725,1.1210350099529967,0.0130952578089725,EEG RG 38-Ref,True,0.11417454823295248,0.21957541355220722,-0.29161352073193925,1.0485737008594354,0.1968852688475637,0.004329333354530063,0.050626298160890953,-0.005066738858853705,1.1082858211140962,-0.05971212025466088,0.01648511237225145,-0.0033898545632789524,0.10972885096748683,0.004445697265465648,1.1159784037759277,0.005056606177068934,False,False
38,0.28971950685363246,0.22860832519773888,0.11287893917206396,0.0563142403063832,1.0827782309955536,0.01167730689285925,EEG RG 39-Ref,True,0.07951312010605979,0.21093223000261152,0.5011094122656299,0.647192282858706,0.2138126904544536,0.014795634743285269,0.0396010148947995,0.016713225411583696,0.5457141324211667,0.10147815043753927,0.02041858286804055,-0.0087412759751813,0.07862972460231421,0.0008833955037455821,1.0818102184379375,0.000968012557616138,False,True
39,0.4184320175186178,0.3082509268100533,0.3198732999777591,0.1475689432409018,1.2393825473310045,0.0163382913922802,EEG RG 40-Ref,False,0.21461170145448513,0.26331897678853433,0.5386643922729333,0.5989630184585955,0.2943626543663119,0.013888272443741356,0.1226507865689598,0.024918156671942013,0.5434867076798997,0.05547631077869575,0.0178147301705067,-0.0014764387782265007,0.19534586381356228,0.01926583764092285,1.2157355828156893,0.023646964515315227,False,True
40,0.19940615393325525,0.18345334965579652,0.055372276974483756,0.03314905699105805,1.041918555668531,0.0218422388457642,EEG RG 41-Ref,False,0.040742037203125366,0.08000156445923134,0.4013419927388293,0.8222887994381973,0.1879933433454534,-0.004539993689656879,0.03520077262160875,-0.0020517156305506976,0.8193026065029932,0.0029861929352040795,0.0183140767022349,0.003528162143529301,0.05161883445632621,-0.010876797253200843,1.05344545429167,-0.011526898623138937,True,False
41,0.2676275268853364,0.20406251206974485,0.0731940943268075,0.040893122767871146,1.0856318466470387,0.01620253321855365,EEG RG 42-Ref,True,0.0820091376846588,0.23751299261090453,0.44130570718881146,0.672717937239033,0.20288611312857335,0.001176398941171497,0.03091505591743915,0.009978066850431996,0.6016095680919995,0.07110836914703345,0.02084660179498085,-0.004644068576427202,0.059933441159804215,0.022075696524854582,1.0619491666359608,0.023682680011077872,False,True
42,0.2807288822420917,0.17405572602766,0.15029150179291945,0.020883792772913398,1.0415325768362695,0.006701373046818251,EEG RG 43-Ref,True,0.04022958385360236,0.3799863959934131,0.8610447528717338,0.38765235562803707,0.17984738955762924,-0.005791663529969238,0.0273663266959777,-0.006482533923064301,0.4132579034024579,-0.02560554777442081,0.0198774903855609,-0.01317611733874265,0.037753090476848786,0.002476493376753576,1.038516131952687,0.0030164448835825475,True,False
43,0.27122784293255287,0.17542984156790514,0.1396133537878153,0.03820614018457755,1.0774439583795519,0.012172000828004601,EEG RG 44-Ref,True,0.07313335965676307,0.35320120651650844,0.7263432247129933,0.48341271315900985,0.1793986591196264,-0.003968817551721265,0.041564730151253504,-0.0033585899666759567,0.5003388271140636,-0.01692611395505378,0.02396206376867365,-0.01179006294066905,0.0742176326129856,-0.001084272956222529,1.0782859723746028,-0.0008420139950509054,True,False
44,0.2541817117179332,0.19398125901261987,0.08088432295092225,0.0598479656392929,1.0915467357068422,0.0358006562440737,EEG RG 45-Ref,True,0.08668902540690207,0.23684022071626498,0.26007953759337854,0.8411300313235384,0.18474539220203245,0.009235866810587412,0.04948718029375605,0.010360785345536846,0.7319994537528285,0.10913057757070987,0.04257387934916425,-0.006773223105090549,0.05248832286282702,0.03420070254407505,1.0545541433238736,0.03699259238296859,False,True
45,0.25139099063439224,0.2068022331740199,0.0399701750496348,0.051729361783055955,1.1245895014679141,0.00291903824849855,EEG RG 46-Ref,True,0.11722641715809817,0.17736816004364897,-0.294199030122301,1.1357854758047536,0.20125124855479898,0.005550984619220933,0.04565100761448215,0.006078354168573802,1.0418200188647297,0.0939654569400239,0.01601145737379495,-0.0130924191252964,0.08621110540149002,0.031015311756608155,1.0901342501882805,0.03445525127963367,False,True
46,0.25355379270226397,0.2166870733451853,0.03272449780064225,0.03437891176517765,1.016979892838516,0.00471060104482105,EEG RG 47-Ref,True,0.016819298414574208,0.14539999171051443,-0.05055582440452078,0.9591840496005142,0.21360094660699885,0.003086126738186451,0.0204997984322564,0.013879113332921248,0.7397499465613201,0.21943410303919408,0.00965015713300035,-0.0049395560881793,0.039270901240740355,-0.022451602826166147,1.0400528883011364,-0.023072995462620316,False,True
47,0.3080478654106932,0.27064294825766766,0.1668675024469091,0.0371746531672192,1.0630452387551812,0.00905666971478795,EEG RG 48-Ref,False,0.061128697535876256,0.12142566579111602,0.7772205335245144,0.5511373130407367,0.27633528016779335,-0.005692331910125692,0.05295712706911115,-0.015782473901891948,0.6068186002076319,-0.055681287166895244,0.013993884176589049,-0.0049372144618011,0.09922174954756305,-0.03809305201168679,1.1043115480236456,-0.04126630926846442,True,False
48,0.30936419545172955,0.2558533998086398,0.08769058995425169,0.0328190632347667,1.0453933409919638,0.0287423940895997,EEG RG 49-Ref,True,0.04439318152274934,0.1729702287136169,0.6257401934245344,0.6143881808121494,0.27181012145740024,-0.01595672164876044,0.02648981831688775,0.006329244917878951,0.6076608232148573,0.0067273575972921495,0.0056908556084926,0.023051538481107102,0.05540489104844335,-0.01101170952569401,1.0569688809902034,-0.01157553999823957,False,False
49,0.28437537789832423,0.24844209472785173,0.04017225949010405,0.03024883603451715,1.0275004754879768,0.0254008155697127,EEG RG 50-Ref,True,0.027124567220794517,0.12635863004750048,0.24702179019906545,0.8434967561153027,0.2559325581801821,-0.007490463452330398,0.0315608811264165,-0.0013120450918993505,0.8793195247213457,-0.03582276860604294,0.010418641898402251,0.01498217367131045,0.030605053060051818,-0.003480485839257301,1.0310798529110832,-0.0035793774231063225,True,False
50,0.2745238778408211,0.2303424761449252,0.03625679733799175,0.03258207883845815,1.0749529597268062,0.01082004068658775,EEG RG 51-Ref,True,0.07213275920068483,0.16093828355985074,0.10135253991899174,0.8924937438532559,0.23177405489965225,-0.0014315787547270475,0.02237923496623625,0.010202843872221902,0.773472142332319,0.11902160152093688,0.00665551425355355,0.0041645264330342,0.04610221737853272,0.026030541822152115,1.0472229487279487,0.027730010998857413,False,False
51,0.2677247817375702,0.2257097197016196,0.038132279007480646,0.050832527070067246,1.120966262688484,0.0013048250136555501,EEG RG 52-Ref,True,0.11364426756426813,0.1569337801426791,-0.33305767169318967,1.0830137327033058,0.22709910262482605,-0.0013893829232064503,0.0583022365056308,-0.007469709435563555,1.1879906193272327,-0.1049768866239269,0.01080640032568115,-0.0095015753120256,0.13779529348970837,-0.024151025925440245,1.1479983713680932,-0.027032108679609257,True,False
52,0.25791889175186966,0.20714216866827406,0.0493224170900387,0.0365314275042109,1.0959660484534721,0.01617632358521285,EEG RG 53-Ref,True,0.09117928959716498,0.19687089510467204,0.2593342001564458,0.8016922784690025,0.207679649142481,-0.0005374804742069306,0.04194755089888935,-0.0054161233946784515,0.847751423343172,-0.04605914487416951,0.02665599253912405,-0.010479668953911201,0.08735995778621528,0.0038193318109497054,1.0915383847413143,0.004427663712157859,True,False
53,0.2553057486779574,0.21596790045095648,0.04032618619354375,0.02819634934825875,1.074068652075931,0.0072675775125286505,EEG RG 54-Ref,True,0.07137123783769372,0.15408132574649414,0.300793057569798,0.7937478592011311,0.20733473623845625,0.008633164212500238,0.02565377602001845,0.0025425733282403024,0.7461633697384882,0.04758448946264293,0.021009407949906002,-0.013741830437377351,0.007671688740187175,0.06369954909750655,1.0077031936124605,0.06636545846347053,False,True
54,0.2485446226912104,0.22706510853316064,0.049421633241895496,0.03588214032658025,1.051734423439611,0.0112958255192816,EEG RG 55-Ref,True,0.0504330305967061,0.08642115820278962,0.2739588319359225,0.8204962757194628,0.2301746594038848,-0.003109550870724148,0.03651144357870425,-0.000629303252124,0.8325878213273542,-0.012091545607891385,0.00582133700450165,0.005474488514779949,0.050249036846971684,0.0001839937497344138,1.0515331133748074,0.00020131006480372804,True,False
55,0.2947421111577928,0.243912771855467,0.17332776171148015,0.0490017105453259,1.058377290110991,0.00600655644795485,EEG RG 56-Ref,False,0.05673607023292371,0.17245360394095122,0.717288736313957,0.5559377919422086,0.2446278193562776,-0.0007150475008105839,0.03784848534169505,0.011153225203630851,0.5242631734418692,0.03167461850033937,0.00580729708819125,0.00019925935976360023,0.0531767326213084,0.0035593376116153097,1.054622085405974,0.00375520470501689,False,False
56,0.3112100965344604,0.26815901339676695,0.09785258756481036,0.0467825630389017,1.0395253495147139,0.03011730309877555,EEG RG 57-Ref,False,0.03873470183746447,0.13833446799154991,0.5219077573404345,0.7036644783319144,0.2847217697859749,-0.016562756389207955,0.024645605164392702,0.022136957874509,0.6046185094408192,0.09904596889109518,0.00542749182114105,0.024689811277634498,0.007106793064043221,0.03162790877342125,1.0071528120660431,0.032372537448670746,False,False
57,0.30267816502093176,0.2730039692216234,0.09993864083745076,0.0333559926567042,1.0276635461566321,0.0185721376043908,EEG RG 58-Ref,False,0.027243617272072508,0.09803877262588878,0.6662352781947736,0.6403471824597342,0.2911121254281053,-0.018108156206481874,0.0345445879191969,-0.0011885952624927018,0.6792714622545706,-0.03892427979483637,0.02231500045648525,-0.00374286285209445,0.015798789488453785,0.011444827783618723,1.0159504213570363,0.011713124799595853,True,False
58,0.2829198456272787,0.27484791259770136,0.056326643838424395,0.0496953341851083,1.0509018188161647,0.02460346081884375,EEG RG 59-Ref,True,0.049648608539932707,0.0285308123637652,0.11772953617365023,0.9519137201997866,0.28040960634079415,-0.005561693743092788,0.035722482378584455,0.013972851806523842,0.8366170352046065,0.11529668499518009,0.01260292456489045,0.0120005362539533,0.024342386165462505,0.0253062223744702,1.0246539522763136,0.026247866539851117,False,False
59,0.2682691131218599,0.2464610594572492,0.06456277563072435,0.0389026096792011,1.0078299296377446,0.01343612771369025,EEG RG 60-Ref,False,0.007799108010305542,0.08129170522401707,0.3974452105078333,0.7788471584134711,0.2434327822715596,0.0030282771856895985,0.03798929569600925,0.0009133139831918533,0.7579392346300116,0.020907923783459514,0.01379529558682725,-0.0003591678731370007,0.019153840647014465,-0.011354732636708923,1.0194481062160976,-0.011618176578352957,False,True
60,0.26059175864239903,0.242135944549688,0.0478837261407517,0.0608003412874505,1.0267572695748708,0.0334022293818832,EEG RG 61-Ref,False,0.02615853442912042,0.07082270824242487,-0.2697495827440639,1.1032838371500158,0.23720456208888235,0.0049313824608056556,0.0457804235976983,0.0150199176897522,0.9345937572043437,0.1686900799456721,0.03230630739266295,0.001095921989220247,0.05737983474637455,-0.03122130031725413,1.0592909423116064,-0.032533672736735575,False,True
61,0.2578547114749408,0.24232406884236485,0.07789518000781401,0.06897707636427891,1.1366547898244592,0.030562027910706998,EEG RG 62-Ref,False,0.12806678169749408,0.06023020693994685,0.114488517038416,0.9259369242180446,0.24183712598246732,0.0004869428598975323,0.052880294614841006,0.016096781749437905,0.8120505989250033,0.11388632529304132,0.0307038332492753,-0.00014180533856830366,0.0872830486787179,0.04078373301877618,1.091221627520365,0.04543316230409422,False,True
62,0.2711990990651221,0.24686902371400865,0.12467637170131224,0.0561839982580356,1.1044750299778068,0.0035044185394033003,EEG RG 63-Ref,False,0.09936768708283106,0.08971296525314465,0.549361298445259,0.6806515308400034,0.2424326776658897,0.004436346048118961,0.0206927694668657,0.0354912287911699,0.5302584423474472,0.15039308849255617,0.00502632793933455,-0.0015219093999312497,0.038352307994147745,0.06101537908868331,1.0390986021385693,0.06537642783923747,False,True
63,0.3875783920818976,0.2721881270121521,0.2886501126310489,0.07484451899932805,1.121071478043891,0.008534251850307751,EEG RG 64-Ref,False,0.11428391241541644,0.2977210995946411,0.7407085058200067,0.4813197681231478,0.28942580274392554,-0.017237675731773427,0.0423329285430891,0.03251159045623895,0.44684808348824523,0.03447168463490258,0.01127209953857365,-0.002737847688265899,0.00483531410004915,0.1094485983153673,1.0048477355960377,0.11622374244785338,False,False
