subject,channel_index,channel,direct_actuated,display_context,crn_bank,display_role,time_w1_free,time_w1_controlled,occupation_w1_free,occupation_w1_controlled,reference_mean,reference_sd,free_mean,free_sd,controlled_mean,controlled_sd
HUP065,0,EEG RG 01-Ref,False,5,0,development_only_failed_improvement_preview,0.2915704431249191,0.2099236053927589,0.07325193247071614,0.029717123162675923,0.0012633580243090637,0.5883151141074179,0.029543142899674725,0.6566430017704199,0.011862951792161876,0.5983856630941767
HUP065,1,EEG RG 02-Ref,True,5,0,development_only_failed_improvement_preview,0.30733676249753983,0.22995100474882904,0.04215785160659908,0.03607285892276628,-0.000501519686630899,0.6930483569528585,0.014259223766213311,0.6352074051358758,-0.01170182326670588,0.642967296970309
HUP065,2,EEG RG 03-Ref,False,5,0,development_only_failed_improvement_preview,0.277312340361655,0.21167372796205752,0.018876120201421594,0.03256108201411993,-0.0028984068948665945,0.6209752384634152,0.0050850268224706344,0.6394980369889626,-0.023304679823335995,0.6208138128307776
HUP065,3,EEG RG 04-Ref,False,5,0,development_only_failed_improvement_preview,0.32331877928212227,0.19095375397294218,0.21641802877999378,0.029728320032965928,-0.0007818936083515376,0.43920769152067984,0.015266466444604134,0.7256091743563872,0.012905466708409719,0.4891610991451668
HUP065,4,EEG RG 05-Ref,False,5,0,development_only_failed_improvement_preview,0.2581341019228307,0.1925708278044051,0.10752716580778499,0.027785837397446552,0.0017278422363019316,0.5060331333374057,-0.002956230339766523,0.6318623885005107,-0.018480516236805713,0.5066798924587647
HUP065,5,EEG RG 06-Ref,False,5,0,development_only_failed_improvement_preview,0.24766659711025216,0.22002401840593996,0.04473300221099382,0.04692265318586581,0.004239114215897787,0.596524264834628,-0.009227006171782718,0.6095897730871157,-0.023518893194621745,0.582985069437659
HUP065,6,EEG RG 07-Ref,False,5,0,development_only_failed_improvement_preview,0.3444784428021768,0.3035090245907578,0.10747433052644094,0.054813644978516124,0.005321037731762624,0.8054247650303856,0.00834717779366024,0.6564294930436698,0.013486788485016114,0.7150933048389578
HUP065,7,EEG RG 08-Ref,False,5,0,development_only_failed_improvement_preview,0.3411894927379361,0.2857044489113678,0.09641330729687336,0.04210067227471296,0.003148597508904382,0.8060361528599564,0.02394769364162647,0.6736903131443321,0.0367250806865344,0.768750685543554
HUP065,8,EEG RG 09-Ref,False,5,0,development_only_failed_improvement_preview,0.2676858885303475,0.22230882284936904,0.06118825375520584,0.022679666685736753,0.0013598490475040797,0.5814262839451573,0.03930497638475823,0.6346925906135572,0.013993663656884845,0.5714673622917404
HUP065,9,EEG RG 10-Ref,False,5,0,development_only_failed_improvement_preview,0.3037040955899093,0.22674539289433254,0.0639055567513099,0.03636327714425621,0.0004271077734475023,0.6409508348277082,0.03179750310546635,0.6841289583709554,0.009608770160340008,0.5820200987336291
HUP065,10,EEG RG 11-Ref,False,5,0,development_only_failed_improvement_preview,0.2801208976569717,0.16711520756771575,0.168289692077059,0.010921077486959902,-0.003408838613875444,0.4504825780290158,0.02513326981855337,0.6595993070419115,0.0025571193031625828,0.45473706032215316
HUP065,11,EEG RG 12-Ref,False,5,0,development_only_failed_improvement_preview,0.3574801752980239,0.1609005021877652,0.28160129394699956,0.03041850948261138,-0.001794891632902389,0.34912550540986564,0.02726315352560185,0.7182417813604017,0.02544580686860214,0.4161937634685339
HUP065,12,EEG RG 13-Ref,False,5,0,development_only_failed_improvement_preview,0.2591679183048934,0.18683102457215087,0.12321244022142111,0.04305144638971517,0.001994851950191965,0.4692818053413174,-0.0031961684723686183,0.6264385591726361,-0.017742645633805672,0.47547654034057196
HUP065,13,EEG RG 14-Ref,True,5,0,development_only_failed_improvement_preview,0.24705731268061654,0.24224680958508588,0.04722891291100294,0.07321749344977901,0.004730399348323011,0.5869238175592022,-0.02818206047687805,0.5846962803514464,-0.0538446705706801,0.5961739199855667
HUP065,14,EEG RG 15-Ref,True,5,0,development_only_failed_improvement_preview,0.3007547113540999,0.29627042518955315,0.09216965860061946,0.03710669441858973,0.004671739246148371,0.7141415473536422,-0.010693482322522093,0.592471075448478,-0.0010885720772251754,0.6990940780147401
HUP065,15,EEG RG 16-Ref,False,5,0,development_only_failed_improvement_preview,0.2732872709650177,0.2794448158916275,0.061787979179778504,0.06632354788335999,0.0017826690902281912,0.6697554825258626,0.018062885283311136,0.5799088927475871,0.02600426167244452,0.7120067253274619
HUP065,16,EEG RG 17-Ref,False,5,0,development_only_failed_improvement_preview,0.25567176104502487,0.20455158827501904,0.12151787701790384,0.0206718103867342,0.0009515645087138576,0.45650401383498207,0.03758933326369837,0.6058582854657597,0.009473071166967023,0.4817486221573901
HUP065,17,EEG RG 18-Ref,False,5,0,development_only_failed_improvement_preview,0.3279588499303286,0.1431029873683568,0.2597446779855951,0.024067313823564175,-0.0010049798822455444,0.3201117827179057,-0.0020897799524138474,0.6465993082294278,-0.014665781467789824,0.33497381663401
HUP065,18,EEG RG 19-Ref,False,5,0,development_only_failed_improvement_preview,0.34776948280991427,0.11403496188245625,0.30322610837272385,0.017443055153046724,-0.0016349689326217536,0.2834787918399177,0.01461486441739645,0.6616523120690339,0.014888205071025949,0.2915974176032383
HUP065,19,EEG RG 20-Ref,True,5,0,development_only_failed_improvement_preview,0.36042356632738454,0.12770839326529346,0.3027804857473268,0.027843678716184032,-0.0009166205729656181,0.30177502085815733,0.02032564913082395,0.6802668372021579,0.026151578285396375,0.3299963559097261
HUP065,20,EEG RG 21-Ref,True,5,0,development_only_failed_improvement_preview,0.29011909928681784,0.16524659306309472,0.18792087747708164,0.02560966310545458,0.0012187879357279446,0.41497401278021206,-0.00437813093298838,0.6385738656657742,0.0019604939375091977,0.4305573525407803
HUP065,21,EEG RG 22-Ref,True,5,0,development_only_failed_improvement_preview,0.2617617351464072,0.22610106182101888,0.03989978082990514,0.0602150017101424,0.0033519000515697026,0.6294478055031245,-0.03498240340988496,0.6103790248254325,-0.05114042214905395,0.6146894021942648
HUP065,22,EEG RG 23-Ref,False,5,0,development_only_failed_improvement_preview,0.2792820728858144,0.2862055053681747,0.1254447985613804,0.04237440594371037,0.001908150204123361,0.7248886763578009,-0.019774148473380545,0.5609182719983432,-0.01776749892754015,0.7030048955524338
HUP065,23,EEG RG 24-Ref,False,5,0,development_only_failed_improvement_preview,0.267358971216743,0.27320249730431956,0.11294368086176207,0.04491716957408814,0.0019768443475671155,0.7017941364182776,0.00019682016738209115,0.5359465232689029,0.005459995410280942,0.6566149112300826
HUP065,24,EEG RG 25-Ref,False,5,0,development_only_failed_improvement_preview,0.30488657430433386,0.11821155576915549,0.2442517766587906,0.01590885242101507,-0.00013626688765279153,0.2953193800113905,-0.021935102141320953,0.597433088155041,-0.0013528376204818499,0.3133842140402816
HUP065,25,EEG RG 26-Ref,True,5,0,development_only_failed_improvement_preview,0.3687302320462641,0.10139472007814784,0.33479424271852926,0.01937212888657784,-0.00039459823904922266,0.22710221476816464,-0.02649871953316836,0.6440366006745023,-0.017017840161395632,0.2645635584769207
HUP065,26,EEG RG 27-Ref,True,5,0,development_only_failed_improvement_preview,0.3970033346462369,0.08977461414101191,0.35226827116406534,0.017458347791803257,-7.553867395867237e-05,0.2535372626355141,-0.01207867519297927,0.6903025835777011,0.0003322238030834271,0.23943633750841026
HUP065,27,EEG RG 28-Ref,True,5,0,development_only_failed_improvement_preview,0.38076956617092766,0.12145860678996813,0.31363611174020206,0.014085356609573933,0.0006117018287829734,0.3226697446905232,-0.010996313487724082,0.7082589896786318,0.0035785425273467284,0.3118572069855749
HUP065,28,EEG RG 29-Ref,True,5,0,development_only_failed_improvement_preview,0.3171718068385809,0.15783483699095058,0.19568933839935473,0.02121179252417786,0.0012956125929899727,0.4600394000271349,-0.02068402660880308,0.6915443187481276,-0.006852212641265991,0.43630951647662447
HUP065,29,EEG RG 30-Ref,True,5,0,development_only_failed_improvement_preview,0.2848566568767132,0.21472029383662983,0.03374751530123957,0.043021777584614514,0.0018440330010378327,0.6809498264639651,-0.030979658944315664,0.6459011844953416,-0.015794317886465736,0.6184111193403642
HUP065,30,EEG RG 31-Ref,True,5,0,development_only_failed_improvement_preview,0.32482081322145734,0.2757996680994551,0.17960221384723174,0.05611208320754103,0.0013427867046512906,0.8246700101110065,-0.023351713265730083,0.5870703351316543,-0.008720135704292416,0.7401866824029526
HUP065,31,EEG RG 32-Ref,False,5,0,development_only_failed_improvement_preview,0.3465019000402426,0.30755008572899134,0.23867423756225353,0.07323906281861428,0.0006833920495095121,0.8668573292885297,-0.008551717783379102,0.5464354888337788,-0.0007373098701896914,0.7606548575097103
HUP065,32,EEG RG 33-Ref,False,5,0,development_only_failed_improvement_preview,0.26158082235181473,0.19943193609236665,0.05454781928664494,0.04826841268123457,-0.0013338746020237515,0.5456743928943903,-0.02370806016876581,0.6095470361631655,-0.04935948923214513,0.5330622740158429
HUP065,33,EEG RG 34-Ref,True,5,0,development_only_failed_improvement_preview,0.3657838149485885,0.15323371516218387,0.2616599708439939,0.022914541718727654,-0.00028203377215046065,0.41815836379727744,-0.03300750130386394,0.7287439438547755,-0.016000225074392072,0.4301927552910068
HUP065,34,EEG RG 35-Ref,True,5,0,development_only_failed_improvement_preview,0.41198735903399525,0.1286928127204101,0.33981759631364333,0.016913731345337087,0.00019970905948910983,0.3418845363007303,-0.0242731630258576,0.7560180871398946,-0.00792195730476955,0.3441519388352998
HUP065,35,EEG RG 36-Ref,True,5,0,development_only_failed_improvement_preview,0.3805172154980264,0.1490806257771431,0.2978026032798048,0.026638326368569096,0.00030068347557306074,0.3779721311650579,-0.019276094009815066,0.743514165628046,0.00013758779655631981,0.3670751349397116
HUP065,36,EEG RG 37-Ref,True,5,0,development_only_failed_improvement_preview,0.31439312517071627,0.18033769419343926,0.16731693373265177,0.03948855261858346,0.0006593311172643638,0.5193962720629144,-0.023048555542088178,0.725513280894941,-0.008796651890584069,0.4825367341138183
HUP065,37,EEG RG 38-Ref,True,5,0,development_only_failed_improvement_preview,0.2931618704487037,0.20657409981316627,0.03755365772118881,0.05784848463943201,0.0008109055333704998,0.6637759441436923,-0.027136355831446236,0.6879775879743375,0.017877725887819548,0.5878260734022953
HUP065,38,EEG RG 39-Ref,True,5,0,development_only_failed_improvement_preview,0.3090518842024942,0.23068682063966398,0.10495022945167712,0.048871119822917655,0.000440693990359867,0.7848647984488178,-0.028355061455218777,0.6461926023462984,0.00597000283950672,0.6988757443680393
HUP065,39,EEG RG 40-Ref,False,5,0,development_only_failed_improvement_preview,0.42418755658558177,0.3171492269361791,0.319753627355904,0.13569641589391537,-5.540253685941259e-05,0.9921422406286801,-0.02211030194309069,0.5660188562659849,-0.01139214901218365,0.7839822488505642
HUP065,40,EEG RG 41-Ref,False,5,0,development_only_failed_improvement_preview,0.228367882680537,0.20661011062639237,0.07310556986917564,0.024317528207998887,-0.0026879922319422486,0.48099726519810243,0.00820306745273245,0.5646112559921077,-0.02002749342956376,0.4910114704536239
HUP065,41,EEG RG 42-Ref,True,5,0,development_only_failed_improvement_preview,0.2945342578895833,0.20814246372653325,0.08728185113808268,0.02799242954024133,-0.0015132882414994981,0.6093421033219782,-0.017628436759392775,0.699938585251296,-0.02374515317525612,0.579398740746595
HUP065,42,EEG RG 43-Ref,True,5,0,development_only_failed_improvement_preview,0.32470449572822224,0.1877622540687256,0.18269161480912752,0.011189037486360817,-0.0011532000827799112,0.5246294893512722,-0.016437728555991786,0.7474813773750332,0.0004158900435278527,0.5338060255253072
HUP065,43,EEG RG 44-Ref,True,5,0,development_only_failed_improvement_preview,0.31887652982922987,0.19273851399000652,0.17573505509108822,0.027092479052391153,-0.0013100426649638593,0.5196127880609439,-0.014815552787271076,0.7379814183177393,0.004999642508921148,0.5007572605677449
HUP065,44,EEG RG 45-Ref,True,5,0,development_only_failed_improvement_preview,0.29967433068575383,0.20871681202814238,0.11148868032086512,0.045081663542889845,-0.0011375026435518423,0.582574658860269,-0.017213429917336424,0.7222020648385673,0.03353650017522841,0.5516162820296581
HUP065,45,EEG RG 46-Ref,True,5,0,development_only_failed_improvement_preview,0.2915116582802472,0.20866765100600582,0.05070733839659743,0.03552843781069918,-0.00048704994259357213,0.6481669153600379,-0.017887370506971544,0.6956752744058767,0.002204466074352353,0.5952875501988946
HUP065,46,EEG RG 47-Ref,True,5,0,development_only_failed_improvement_preview,0.2683732184834318,0.21199637517002867,0.030262106344235547,0.036256348417513344,5.3937735606797435e-05,0.6833753297878764,-0.019277392513856583,0.6556479018773562,0.001661943725900038,0.6600571594247079
HUP065,47,EEG RG 48-Ref,False,5,0,development_only_failed_improvement_preview,0.3032484278459634,0.272367159127286,0.17279900371220108,0.04761114428733089,-0.0007922664336085592,0.8184313164997925,-0.024114524546816965,0.5911541937602075,-0.005837206649139757,0.7449255703502519
HUP065,48,EEG RG 49-Ref,True,5,0,development_only_failed_improvement_preview,0.2826197062951239,0.2613405225538423,0.11117919148916791,0.05207889752900577,-0.002189408728156,0.7540805849626682,0.0037436950438614848,0.6017483969583065,0.02978276286204685,0.7016825167517633
HUP065,49,EEG RG 50-Ref,True,5,0,development_only_failed_improvement_preview,0.27230037427130027,0.2600943183231603,0.030553932242046587,0.03225208453157185,-0.002737111364819758,0.705222746220513,-0.006485663487550468,0.6612377405120008,0.0182901578557033,0.6959537151359702
HUP065,50,EEG RG 51-Ref,True,5,0,development_only_failed_improvement_preview,0.27651830605423694,0.24324373861788717,0.02396633611701046,0.01671144336981442,-0.0024996488169164084,0.6712818675114123,-0.00897728347832853,0.6865995062715429,-0.004589925658246374,0.6506078329068375
HUP065,51,EEG RG 52-Ref,True,5,0,development_only_failed_improvement_preview,0.28006872613790434,0.24072180641175644,0.03500052159157957,0.0448007375988544,-0.0032023097415952956,0.6619417630689706,-0.01028538535346298,0.6861160003386071,-0.02236970020846802,0.613079198097223
HUP065,52,EEG RG 53-Ref,True,5,0,development_only_failed_improvement_preview,0.2885240645439144,0.22470225256907322,0.05630272479160238,0.03554552572412093,-0.002538396576667067,0.6342101282077716,-0.01333393895764792,0.6868285496516694,0.0023322527022931728,0.5922205488661378
HUP065,53,EEG RG 54-Ref,True,5,0,development_only_failed_improvement_preview,0.28547534898600746,0.21714213889442074,0.04669455382693303,0.025675708831437462,-0.00027418091832889677,0.6457193758989471,-0.011181856951088169,0.6846217401786231,-0.0034934204187293005,0.6175697167059616
HUP065,54,EEG RG 55-Ref,True,5,0,development_only_failed_improvement_preview,0.24227747865416643,0.23151101075234126,0.05135529476128148,0.044781652702113185,0.0001753085244174232,0.6574877157541692,-0.004841623548063442,0.5873424064016325,0.021566549675957176,0.6976839043163947
HUP065,55,EEG RG 56-Ref,False,5,0,development_only_failed_improvement_preview,0.2862393699587089,0.2468953055787721,0.18146963840497982,0.0366920243681291,6.088980345258602e-06,0.7945101907415827,-0.007625703925424223,0.5563365832687044,0.005249212056417262,0.7566980528802804
HUP065,56,EEG RG 57-Ref,False,5,0,development_only_failed_improvement_preview,0.27712106091652805,0.2603633289574,0.1275222149299525,0.03739493825625091,-0.002685025888665088,0.7508819902423993,-0.0019500759347160232,0.5760051891522869,0.02596159686713046,0.7392302234755885
HUP065,57,EEG RG 58-Ref,False,5,0,development_only_failed_improvement_preview,0.27664560801303456,0.27537419955870335,0.12620837960653836,0.033119375314040855,-0.003025813221876945,0.7609979033387523,-0.013255454002645738,0.5977936931223483,0.00755006672571382,0.774395346290037
HUP065,58,EEG RG 59-Ref,True,5,0,development_only_failed_improvement_preview,0.25511876826752633,0.28265894481642617,0.0688097838728492,0.04222948778639925,-0.003037423067723642,0.7161413518549883,-0.011576887045467884,0.6251828925266705,0.007775604631678747,0.7479044507020678
HUP065,59,EEG RG 60-Ref,False,5,0,development_only_failed_improvement_preview,0.24052586187372527,0.23924680001553844,0.07601422114762466,0.030924954857200447,-0.002700728013123055,0.7107430445651494,-0.014712806161087713,0.5997136754248242,-0.014248512652908094,0.7071566462912428
HUP065,60,EEG RG 61-Ref,False,5,0,development_only_failed_improvement_preview,0.2547629124839604,0.21932432459837148,0.04482695407504613,0.04865457415145901,-0.0012240413930887407,0.6863752582270292,-0.019325524761242593,0.627325166321144,-0.03154985630351924,0.6402053711161704
HUP065,61,EEG RG 62-Ref,False,5,0,development_only_failed_improvement_preview,0.2690414598274467,0.2330459604001405,0.06471533451927694,0.059167470019284,0.0009221179765319905,0.7307376800335502,-0.01205456290987981,0.6300515036569738,-0.018561520034162463,0.6465955404167126
HUP065,62,EEG RG 63-Ref,False,5,0,development_only_failed_improvement_preview,0.2659804147016965,0.24835690298668608,0.12782305286008122,0.0337973955207307,-0.00021180899592713816,0.7498978055867753,-0.0013035817784882078,0.5803707146163555,0.010147958243266995,0.7035544635203418
HUP065,63,EEG RG 64-Ref,False,5,0,development_only_failed_improvement_preview,0.3808295992725341,0.2768629448687191,0.30089866547159005,0.07934222254498387,-0.0018928611467332556,0.9191760496364587,-0.0017418648759009246,0.5265177102701284,0.006460495285609305,0.8389432176145892
