channel,LAF1,LAF2,LAF3,LAF4,RA2,RA3,RAFa1,RAFa2,RAFa3,RAFa4,RAFb1,RAFb2,RAFb3,RAFb4,RAFc1,RAFc2,RAFc3,RAFc4,RAFd1,RAFd2,RAFd3,RAFd4,RH1,RH2,RH3,RH4,RPFa1,RPFa2,RPFa3,RPFa4,RPFb1,RPFb2,RPFb3,RPFc1,RPFc2,RPFc3
LAF1,1.6517506840846914,-0.9642811007516838,-0.6874695833330076,0.0,0.0,0.0,0.0,0.0,0.0,0.0,0.0,0.0,0.0,0.0,0.0,0.0,0.0,0.0,0.0,0.0,0.0,0.0,0.0,0.0,0.0,0.0,0.0,0.0,0.0,0.0,0.0,0.0,0.0,0.0,0.0,0.0
LAF2,-0.9642811007516838,2.1222366171555134,-0.6566068799158286,0.0,0.0,0.0,0.0,0.0,0.0,0.0,0.0,0.0,0.0,0.0,0.0,0.0,0.0,0.0,0.0,0.0,0.0,0.0,0.0,0.0,0.0,0.0,0.0,0.0,-0.5013486364880009,0.0,0.0,0.0,0.0,0.0,0.0,0.0
LAF3,-0.6874695833330076,-0.6566068799158286,2.0202785780911308,-0.6762021148422945,0.0,0.0,0.0,0.0,0.0,0.0,0.0,0.0,0.0,0.0,0.0,0.0,0.0,0.0,0.0,0.0,0.0,0.0,0.0,0.0,0.0,0.0,0.0,0.0,0.0,0.0,0.0,0.0,0.0,0.0,0.0,0.0
LAF4,0.0,0.0,-0.6762021148422945,0.6762021148422945,0.0,0.0,0.0,0.0,0.0,0.0,0.0,0.0,0.0,0.0,0.0,0.0,0.0,0.0,0.0,0.0,0.0,0.0,0.0,0.0,0.0,0.0,0.0,0.0,0.0,0.0,0.0,0.0,0.0,0.0,0.0,0.0
RA2,0.0,0.0,0.0,0.0,2.105141847728012,-0.8886164368392613,0.0,0.0,0.0,0.0,0.0,0.0,0.0,0.0,0.0,0.0,0.0,0.0,0.0,0.0,0.0,0.0,0.0,-0.6247076196610136,0.0,-0.5918177912277367,0.0,0.0,0.0,0.0,0.0,0.0,0.0,0.0,0.0,0.0
RA3,0.0,0.0,0.0,0.0,-0.8886164368392613,1.9975437030089112,0.0,0.0,0.0,0.0,0.0,0.0,0.0,0.0,0.0,0.0,0.0,0.0,0.0,0.0,0.0,0.0,0.0,0.0,0.0,-0.5955364078314151,0.0,0.0,0.0,0.0,-0.5133908583382347,0.0,0.0,0.0,0.0,0.0
RAFa1,0.0,0.0,0.0,0.0,0.0,0.0,1.8851721680794402,-0.6403624739479803,0.0,0.0,-0.7307728947946595,0.0,0.0,0.0,0.0,0.0,-0.5140367993368005,0.0,0.0,0.0,0.0,0.0,0.0,0.0,0.0,0.0,0.0,0.0,0.0,0.0,0.0,0.0,0.0,0.0,0.0,0.0
RAFa2,0.0,0.0,0.0,0.0,0.0,0.0,-0.6403624739479803,4.229064760743162,-0.8992931736139399,-0.7629980201213511,-0.6988909263565746,-0.5713730645739443,0.0,0.0,0.0,0.0,0.0,0.0,0.0,0.0,0.0,0.0,0.0,0.0,0.0,0.0,-0.6561471021293714,0.0,0.0,0.0,0.0,0.0,0.0,0.0,0.0,0.0
RAFa3,0.0,0.0,0.0,0.0,0.0,0.0,0.0,-0.8992931736139399,3.6733897341452155,-0.8829600957469437,-0.5933785192405401,0.0,0.0,0.0,0.0,0.0,0.0,0.0,0.0,0.0,0.0,0.0,0.0,0.0,0.0,0.0,-0.6688769255535385,-0.6288810199902533,0.0,0.0,0.0,0.0,0.0,0.0,0.0,0.0
RAFa4,0.0,0.0,0.0,0.0,0.0,0.0,0.0,-0.7629980201213511,-0.8829600957469437,1.6459581158682948,0.0,0.0,0.0,0.0,0.0,0.0,0.0,0.0,0.0,0.0,0.0,0.0,0.0,0.0,0.0,0.0,0.0,0.0,0.0,0.0,0.0,0.0,0.0,0.0,0.0,0.0
RAFb1,0.0,0.0,0.0,0.0,0.0,0.0,-0.7307728947946595,-0.6988909263565746,-0.5933785192405401,0.0,3.9893676046895816,-0.7672939030782968,-0.6054616083508887,0.0,0.0,0.0,0.0,0.0,0.0,0.0,0.0,0.0,0.0,0.0,0.0,0.0,-0.5935697528686218,0.0,0.0,0.0,0.0,0.0,0.0,0.0,0.0,0.0
RAFb2,0.0,0.0,0.0,0.0,0.0,0.0,0.0,-0.5713730645739443,0.0,0.0,-0.7672939030782968,3.6101696673684467,-0.9217334633519748,-0.7706226494728969,0.0,0.0,0.0,0.0,0.0,0.0,0.0,0.0,0.0,0.0,0.0,0.0,-0.5791465868913335,0.0,0.0,0.0,0.0,0.0,0.0,0.0,0.0,0.0
RAFb3,0.0,0.0,0.0,0.0,0.0,0.0,0.0,0.0,0.0,0.0,-0.6054616083508887,-0.9217334633519748,2.424919374460718,-0.8977243027578545,0.0,0.0,0.0,0.0,0.0,0.0,0.0,0.0,0.0,0.0,0.0,0.0,0.0,0.0,0.0,0.0,0.0,0.0,0.0,0.0,0.0,0.0
RAFb4,0.0,0.0,0.0,0.0,0.0,0.0,0.0,0.0,0.0,0.0,0.0,-0.7706226494728969,-0.8977243027578545,1.6683469522307515,0.0,0.0,0.0,0.0,0.0,0.0,0.0,0.0,0.0,0.0,0.0,0.0,0.0,0.0,0.0,0.0,0.0,0.0,0.0,0.0,0.0,0.0
RAFc1,0.0,0.0,0.0,0.0,0.0,0.0,0.0,0.0,0.0,0.0,0.0,0.0,0.0,0.0,4.0423133811009775,-0.9326044062299778,-0.7596685192282335,0.0,-0.8510093601101788,-0.8422987467566498,0.0,0.0,0.0,0.0,0.0,0.0,0.0,0.0,0.0,0.0,0.0,0.0,0.0,-0.656732348775937,0.0,0.0
RAFc2,0.0,0.0,0.0,0.0,0.0,0.0,0.0,0.0,0.0,0.0,0.0,0.0,0.0,0.0,-0.9326044062299778,4.801697648366068,-0.8366741386777485,-0.5994578006359796,-0.8461585566677918,-0.8785357976778855,0.0,0.0,0.0,0.0,0.0,0.0,0.0,0.0,0.0,0.0,0.0,0.0,0.0,-0.7082669484766845,0.0,0.0
RAFc3,0.0,0.0,0.0,0.0,0.0,0.0,-0.5140367993368005,0.0,0.0,0.0,0.0,0.0,0.0,0.0,-0.7596685192282335,-0.8366741386777485,5.890528495409298,-0.8153303737118772,-0.7233837048802301,-0.6862326096412348,0.0,0.0,0.0,0.0,0.0,0.0,0.0,0.0,0.0,0.0,0.0,0.0,0.0,-0.9088013790380124,-0.6464009708951624,0.0
RAFc4,0.0,0.0,0.0,0.0,0.0,0.0,0.0,0.0,0.0,0.0,0.0,0.0,0.0,0.0,0.0,-0.5994578006359796,-0.8153303737118772,3.1497695931017953,0.0,0.0,0.0,0.0,0.0,0.0,0.0,0.0,0.0,0.0,0.0,0.0,0.0,0.0,0.0,-0.8787705548685354,-0.8562108638854031,0.0
RAFd1,0.0,0.0,0.0,0.0,0.0,0.0,0.0,0.0,0.0,0.0,0.0,0.0,0.0,0.0,-0.8510093601101788,-0.8461585566677918,-0.7233837048802301,0.0,4.344358879287746,-0.8149796187669868,0.0,-0.47665906542924075,0.0,0.0,0.0,0.0,0.0,0.0,0.0,0.0,0.0,0.0,0.0,-0.632168573433318,0.0,0.0
RAFd2,0.0,0.0,0.0,0.0,0.0,0.0,0.0,0.0,0.0,0.0,0.0,0.0,0.0,0.0,-0.8422987467566498,-0.8785357976778855,-0.6862326096412348,0.0,-0.8149796187669868,3.8265170203110674,0.0,0.0,0.0,0.0,0.0,0.0,0.0,0.0,0.0,0.0,0.0,0.0,0.0,-0.6044702474683107,0.0,0.0
RAFd3,0.0,0.0,0.0,0.0,0.0,0.0,0.0,0.0,0.0,0.0,0.0,0.0,0.0,0.0,0.0,0.0,0.0,0.0,0.0,0.0,0.796481923005879,-0.796481923005879,0.0,0.0,0.0,0.0,0.0,0.0,0.0,0.0,0.0,0.0,0.0,0.0,0.0,0.0
RAFd4,0.0,0.0,0.0,0.0,0.0,0.0,0.0,0.0,0.0,0.0,0.0,0.0,0.0,0.0,0.0,0.0,0.0,0.0,-0.47665906542924075,0.0,-0.796481923005879,1.752368556508725,0.0,0.0,0.0,0.0,0.0,0.0,0.0,0.0,0.0,0.0,0.0,0.0,0.0,-0.47922756807360545
RH1,0.0,0.0,0.0,0.0,0.0,0.0,0.0,0.0,0.0,0.0,0.0,0.0,0.0,0.0,0.0,0.0,0.0,0.0,0.0,0.0,0.0,0.0,0.6715843610133716,-0.6715843610133716,0.0,0.0,0.0,0.0,0.0,0.0,0.0,0.0,0.0,0.0,0.0,0.0
RH2,0.0,0.0,0.0,0.0,-0.6247076196610136,0.0,0.0,0.0,0.0,0.0,0.0,0.0,0.0,0.0,0.0,0.0,0.0,0.0,0.0,0.0,0.0,0.0,-0.6715843610133716,1.2962919806743853,0.0,0.0,0.0,0.0,0.0,0.0,0.0,0.0,0.0,0.0,0.0,0.0
RH3,0.0,0.0,0.0,0.0,0.0,0.0,0.0,0.0,0.0,0.0,0.0,0.0,0.0,0.0,0.0,0.0,0.0,0.0,0.0,0.0,0.0,0.0,0.0,0.0,0.7300634760828016,-0.7300634760828016,0.0,0.0,0.0,0.0,0.0,0.0,0.0,0.0,0.0,0.0
RH4,0.0,0.0,0.0,0.0,-0.5918177912277367,-0.5955364078314151,0.0,0.0,0.0,0.0,0.0,0.0,0.0,0.0,0.0,0.0,0.0,0.0,0.0,0.0,0.0,0.0,0.0,0.0,-0.7300634760828016,1.9174176751419534,0.0,0.0,0.0,0.0,0.0,0.0,0.0,0.0,0.0,0.0
RPFa1,0.0,0.0,0.0,0.0,0.0,0.0,0.0,-0.6561471021293714,-0.6688769255535385,0.0,-0.5935697528686218,-0.5791465868913335,0.0,0.0,0.0,0.0,0.0,0.0,0.0,0.0,0.0,0.0,0.0,0.0,0.0,0.0,4.102983643915714,-0.8820036009358379,-0.7232396755370106,0.0,0.0,0.0,0.0,0.0,0.0,0.0
RPFa2,0.0,0.0,0.0,0.0,0.0,0.0,0.0,0.0,-0.6288810199902533,0.0,0.0,0.0,0.0,0.0,0.0,0.0,0.0,0.0,0.0,0.0,0.0,0.0,0.0,0.0,0.0,0.0,-0.8820036009358379,2.918275086240743,-0.8779017072323171,0.0,-0.5294887580823351,0.0,0.0,0.0,0.0,0.0
RPFa3,0.0,-0.5013486364880009,0.0,0.0,0.0,0.0,0.0,0.0,0.0,0.0,0.0,0.0,0.0,0.0,0.0,0.0,0.0,0.0,0.0,0.0,0.0,0.0,0.0,0.0,0.0,0.0,-0.7232396755370106,-0.8779017072323171,2.7226925954239247,-0.6202025761665961,0.0,0.0,0.0,0.0,0.0,0.0
RPFa4,0.0,0.0,0.0,0.0,0.0,0.0,0.0,0.0,0.0,0.0,0.0,0.0,0.0,0.0,0.0,0.0,0.0,0.0,0.0,0.0,0.0,0.0,0.0,0.0,0.0,0.0,0.0,0.0,-0.6202025761665961,0.6202025761665961,0.0,0.0,0.0,0.0,0.0,0.0
RPFb1,0.0,0.0,0.0,0.0,0.0,-0.5133908583382347,0.0,0.0,0.0,0.0,0.0,0.0,0.0,0.0,0.0,0.0,0.0,0.0,0.0,0.0,0.0,0.0,0.0,0.0,0.0,0.0,0.0,-0.5294887580823351,0.0,0.0,2.550378685844149,-0.8951840129307376,-0.6123150564928412,0.0,0.0,0.0
RPFb2,0.0,0.0,0.0,0.0,0.0,0.0,0.0,0.0,0.0,0.0,0.0,0.0,0.0,0.0,0.0,0.0,0.0,0.0,0.0,0.0,0.0,0.0,0.0,0.0,0.0,0.0,0.0,0.0,0.0,0.0,-0.8951840129307376,1.6380431153159036,-0.742859102385166,0.0,0.0,0.0
RPFb3,0.0,0.0,0.0,0.0,0.0,0.0,0.0,0.0,0.0,0.0,0.0,0.0,0.0,0.0,0.0,0.0,0.0,0.0,0.0,0.0,0.0,0.0,0.0,0.0,0.0,0.0,0.0,0.0,0.0,0.0,-0.6123150564928412,-0.742859102385166,1.355174158878007,0.0,0.0,0.0
RPFc1,0.0,0.0,0.0,0.0,0.0,0.0,0.0,0.0,0.0,0.0,0.0,0.0,0.0,0.0,-0.656732348775937,-0.7082669484766845,-0.9088013790380124,-0.8787705548685354,-0.632168573433318,-0.6044702474683107,0.0,0.0,0.0,0.0,0.0,0.0,0.0,0.0,0.0,0.0,0.0,0.0,0.0,5.117198820010975,-0.7279887679501771,0.0
RPFc2,0.0,0.0,0.0,0.0,0.0,0.0,0.0,0.0,0.0,0.0,0.0,0.0,0.0,0.0,0.0,0.0,-0.6464009708951624,-0.8562108638854031,0.0,0.0,0.0,0.0,0.0,0.0,0.0,0.0,0.0,0.0,0.0,0.0,0.0,0.0,0.0,-0.7279887679501771,2.2306006027307426,0.0
RPFc3,0.0,0.0,0.0,0.0,0.0,0.0,0.0,0.0,0.0,0.0,0.0,0.0,0.0,0.0,0.0,0.0,0.0,0.0,0.0,0.0,0.0,-0.47922756807360545,0.0,0.0,0.0,0.0,0.0,0.0,0.0,0.0,0.0,0.0,0.0,0.0,0.0,0.47922756807360545
