source,target,source_channel,target_channel,plv_weight
0,1,LAF1,LAF2,0.9642811007516838
0,2,LAF1,LAF3,0.6874695833330076
1,2,LAF2,LAF3,0.6566068799158286
1,28,LAF2,RPFa3,0.5013486364880009
2,3,LAF3,LAF4,0.6762021148422945
4,5,RA2,RA3,0.8886164368392613
4,23,RA2,RH2,0.6247076196610136
4,25,RA2,RH4,0.5918177912277367
5,25,RA3,RH4,0.5955364078314151
5,30,RA3,RPFb1,0.5133908583382347
6,7,RAFa1,RAFa2,0.6403624739479803
6,10,RAFa1,RAFb1,0.7307728947946595
6,16,RAFa1,RAFc3,0.5140367993368005
7,8,RAFa2,RAFa3,0.8992931736139399
7,9,RAFa2,RAFa4,0.7629980201213511
7,10,RAFa2,RAFb1,0.6988909263565746
7,11,RAFa2,RAFb2,0.5713730645739443
7,26,RAFa2,RPFa1,0.6561471021293714
8,9,RAFa3,RAFa4,0.8829600957469437
8,10,RAFa3,RAFb1,0.5933785192405401
8,26,RAFa3,RPFa1,0.6688769255535385
8,27,RAFa3,RPFa2,0.6288810199902533
10,11,RAFb1,RAFb2,0.7672939030782968
10,12,RAFb1,RAFb3,0.6054616083508887
10,26,RAFb1,RPFa1,0.5935697528686218
11,12,RAFb2,RAFb3,0.9217334633519748
11,13,RAFb2,RAFb4,0.7706226494728969
11,26,RAFb2,RPFa1,0.5791465868913335
12,13,RAFb3,RAFb4,0.8977243027578545
14,15,RAFc1,RAFc2,0.9326044062299778
14,16,RAFc1,RAFc3,0.7596685192282335
14,18,RAFc1,RAFd1,0.8510093601101788
14,19,RAFc1,RAFd2,0.8422987467566498
14,33,RAFc1,RPFc1,0.656732348775937
15,16,RAFc2,RAFc3,0.8366741386777485
15,17,RAFc2,RAFc4,0.5994578006359796
15,18,RAFc2,RAFd1,0.8461585566677918
15,19,RAFc2,RAFd2,0.8785357976778855
15,33,RAFc2,RPFc1,0.7082669484766845
16,17,RAFc3,RAFc4,0.8153303737118772
16,18,RAFc3,RAFd1,0.7233837048802301
16,19,RAFc3,RAFd2,0.6862326096412348
16,33,RAFc3,RPFc1,0.9088013790380124
16,34,RAFc3,RPFc2,0.6464009708951624
17,33,RAFc4,RPFc1,0.8787705548685354
17,34,RAFc4,RPFc2,0.8562108638854031
18,19,RAFd1,RAFd2,0.8149796187669868
18,21,RAFd1,RAFd4,0.47665906542924075
18,33,RAFd1,RPFc1,0.632168573433318
19,33,RAFd2,RPFc1,0.6044702474683107
20,21,RAFd3,RAFd4,0.796481923005879
21,35,RAFd4,RPFc3,0.47922756807360545
22,23,RH1,RH2,0.6715843610133716
24,25,RH3,RH4,0.7300634760828016
26,27,RPFa1,RPFa2,0.8820036009358379
26,28,RPFa1,RPFa3,0.7232396755370106
27,28,RPFa2,RPFa3,0.8779017072323171
27,30,RPFa2,RPFb1,0.5294887580823351
28,29,RPFa3,RPFa4,0.6202025761665961
30,31,RPFb1,RPFb2,0.8951840129307376
30,32,RPFb1,RPFb3,0.6123150564928412
31,32,RPFb2,RPFb3,0.742859102385166
33,34,RPFc1,RPFc2,0.7279887679501771
