channel,node_class,context_index,particle_index,time_s,observed,predicted,signed_error,absolute_error
RPFa3,selected SOZ,3,0,0.0,0.5677052194213668,0.5081326365470886,-0.059572582874278135,0.059572582874278135
RPFa3,selected SOZ,3,0,0.00390625,0.6884926784129916,0.5619804859161377,-0.12651219249685386,0.12651219249685386
RPFa3,selected SOZ,3,0,0.0078125,0.6547910996533699,0.6052750945091248,-0.049516005144245145,0.049516005144245145
RPFa3,selected SOZ,3,0,0.01171875,0.48087260101872586,0.5918842554092407,0.11101165439051486,0.11101165439051486
RPFa3,selected SOZ,3,0,0.015625,0.22498698711891055,0.4281631112098694,0.20317612409095884,0.20317612409095884
RPFa3,selected SOZ,3,0,0.01953125,-0.05222594846154847,0.2696573734283447,0.3218833218898932,0.3218833218898932
RPFa3,selected SOZ,3,0,0.0234375,-0.29586318097374426,0.08245758712291718,0.37832076809666143,0.37832076809666143
RPFa3,selected SOZ,3,0,0.02734375,-0.43995797224550454,-0.08405864238739014,0.3558993298581144,0.3558993298581144
RPFa3,selected SOZ,3,0,0.03125,-0.43238946318517696,-0.3295019268989563,0.10288753628622066,0.10288753628622066
RPFa3,selected SOZ,3,0,0.03515625,-0.3091467269332635,-0.534453809261322,-0.22530708232805852,0.22530708232805852
RPFa3,selected SOZ,3,0,0.0390625,-0.18427215344634784,-0.6085923910140991,-0.4243202375677513,0.4243202375677513
RPFa3,selected SOZ,3,0,0.04296875,-0.14832238274406842,-0.7137781381607056,-0.5654557554166372,0.5654557554166372
RPFa3,selected SOZ,3,0,0.046875,-0.19757189817550316,-0.7070035338401794,-0.5094316356646763,0.5094316356646763
RPFa3,selected SOZ,3,0,0.05078125,-0.24494488401537806,-0.5656735897064209,-0.32072870569104284,0.32072870569104284
RPFa3,selected SOZ,3,0,0.0546875,-0.21459455480575326,-0.279828280210495,-0.06523372540474173,0.06523372540474173
RPFa3,selected SOZ,3,0,0.05859375,-0.12130745110102407,-0.0026392205618321896,0.11866823053919189,0.11866823053919189
RPFa3,selected SOZ,3,0,0.0625,-0.03486110245568717,0.1988840401172638,0.23374514257295095,0.23374514257295095
RPFa3,selected SOZ,3,0,0.06640625,-0.027727914136837454,0.47548601031303406,0.5032139244498716,0.5032139244498716
RPFa3,selected SOZ,3,0,0.0703125,-0.11893390749951756,0.7436814904212952,0.8626153979208128,0.8626153979208128
RPFa3,selected SOZ,3,0,0.07421875,-0.22779336162592045,1.0507184267044067,1.2785117883303272,1.2785117883303272
RPFa3,selected SOZ,3,0,0.078125,-0.23756945010940908,1.2495900392532349,1.4871594893626439,1.4871594893626439
RPFa3,selected SOZ,3,0,0.08203125,-0.09902458696450339,1.4248698949813843,1.5238944819458877,1.5238944819458877
RPFa3,selected SOZ,3,0,0.0859375,0.13360948099837122,1.522570013999939,1.3889605330015677,1.3889605330015677
RPFa3,selected SOZ,3,0,0.08984375,0.3669402887146072,1.5135023593902588,1.1465620706756516,1.1465620706756516
RPFa3,selected SOZ,3,0,0.09375,0.5361724570919141,1.3790793418884277,0.8429068847965137,0.8429068847965137
RPFa3,selected SOZ,3,0,0.09765625,0.6245034385668091,1.1514177322387695,0.5269142936719604,0.5269142936719604
RPFa3,selected SOZ,3,0,0.1015625,0.6583397245068485,0.8181420564651489,0.1598023319583004,0.1598023319583004
RPFa3,selected SOZ,3,0,0.10546875,0.6489609605547091,0.452500581741333,-0.19646037881337608,0.19646037881337608
RPFa3,selected SOZ,3,0,0.109375,0.5785988072316512,0.009677126072347164,-0.5689216811593041,0.5689216811593041
RPFa3,selected SOZ,3,0,0.11328125,0.4670752874216725,-0.3807930648326874,-0.8478683522543599,0.8478683522543599
RPFa3,selected SOZ,3,0,0.1171875,0.38303237149679237,-0.7442679405212402,-1.1273003120180327,1.1273003120180327
RPFa3,selected SOZ,3,0,0.12109375,0.3422130132860124,-0.9077854156494141,-1.2499984289354265,1.2499984289354265
RPFa3,selected SOZ,3,0,0.125,0.2284677805878333,-0.9244447350502014,-1.1529125156380347,1.1529125156380347
RPFa3,selected SOZ,3,0,0.12890625,-0.06886964481736796,-0.611504852771759,-0.542635207954391,0.542635207954391
RPFa3,selected SOZ,3,0,0.1328125,-0.4821173740597455,-0.2038509100675583,0.2782664639921872,0.2782664639921872
RPFa3,selected SOZ,3,0,0.13671875,-0.8271743788654219,0.25137537717819214,1.0785497560436141,1.0785497560436141
RPFa3,selected SOZ,3,0,0.140625,-0.9920360544614925,0.6421247124671936,1.634160766928686,1.634160766928686
RPFa3,selected SOZ,3,0,0.14453125,-0.9831091914853085,0.8036318421363831,1.7867410336216916,1.7867410336216916
RPFa3,selected SOZ,3,0,0.1484375,-0.8498719530824349,0.7200155258178711,1.569887478900306,1.569887478900306
RPFa3,selected SOZ,3,0,0.15234375,-0.6118746975187861,0.33105939626693726,0.9429340937857233,0.9429340937857233
RPFa3,selected SOZ,3,0,0.15625,-0.2702639154491174,-0.20202350616455078,0.0682404092845666,0.0682404092845666
RPFa3,selected SOZ,3,0,0.16015625,0.10710135814938747,-0.7216619849205017,-0.8287633430698892,0.8287633430698892
RPFa3,selected SOZ,3,0,0.1640625,0.38351102895618094,-0.8817585706710815,-1.2652695996272625,1.2652695996272625
RPFa3,selected SOZ,3,0,0.16796875,0.5002605400320953,-0.821020781993866,-1.3212813220259614,1.3212813220259614
RPFa3,selected SOZ,3,0,0.171875,0.5060238803984987,-0.6462941765785217,-1.1523180569770204,1.1523180569770204
RPFa3,selected SOZ,3,0,0.17578125,0.452617507909829,-0.27307525277137756,-0.7256927606812066,0.7256927606812066
RPFa3,selected SOZ,3,0,0.1796875,0.37384016311808277,0.09200018644332886,-0.2818399766747539,0.2818399766747539
RPFa3,selected SOZ,3,0,0.18359375,0.2779336752075845,0.278339147567749,0.00040547236016452715,0.00040547236016452715
RPFa3,selected SOZ,3,0,0.1875,0.1361087615767483,0.23658597469329834,0.10047721311655003,0.10047721311655003
RPFa3,selected SOZ,3,0,0.19140625,-0.06301936514570816,-0.004447116982191801,0.05857224816351636,0.05857224816351636
RPFa3,selected SOZ,3,0,0.1953125,-0.28434698089113036,-0.15872594714164734,0.12562103374948302,0.12562103374948302
RPFa3,selected SOZ,3,0,0.19921875,-0.49878860524140206,-0.29827940464019775,0.2005092006012043,0.2005092006012043
RPFa3,selected SOZ,3,0,0.203125,-0.7031022224525237,-0.32164111733436584,0.3814611051181579,0.3814611051181579
RPFa3,selected SOZ,3,0,0.20703125,-0.8799081402152545,-0.38224953413009644,0.4976586060851581,0.4976586060851581
RPFa3,selected SOZ,3,0,0.2109375,-0.982157918353113,-0.49246522784233093,0.489692690510782,0.489692690510782
RPFa3,selected SOZ,3,0,0.21484375,-0.9907817055860777,-0.3740100860595703,0.6167716195265074,0.6167716195265074
RPFa3,selected SOZ,3,0,0.21875,-0.9281954548953958,-0.21274487674236298,0.7154505781530328,0.7154505781530328
RPFa3,selected SOZ,3,0,0.22265625,-0.8119552417679627,0.023543251678347588,0.8354984934463103,0.8354984934463103
RPFa3,selected SOZ,3,0,0.2265625,-0.6530819630884627,0.28736159205436707,0.9404435551428297,0.9404435551428297
RPFa3,selected SOZ,3,0,0.23046875,-0.48271097959139453,0.5994153022766113,1.082126281868006,1.082126281868006
RPFa3,selected SOZ,3,0,0.234375,-0.34019491331851287,0.9750140309333801,1.315208944251893,1.315208944251893
RPFa3,selected SOZ,3,0,0.23828125,-0.2567730221557124,1.1377639770507812,1.3945369992064935,1.3945369992064935
RPFa3,selected SOZ,3,0,0.2421875,-0.23343623616599127,1.2682702541351318,1.501706490301123,1.501706490301123
RPFa3,selected SOZ,3,0,0.24609375,-0.22849494867999598,1.0963865518569946,1.3248815005369905,1.3248815005369905
RPFa3,selected SOZ,3,0,0.25,-0.19441560413181122,0.659287691116333,0.8537032952481443,0.8537032952481443
RPFa3,selected SOZ,3,0,0.25390625,-0.12501343212824143,0.335019052028656,0.46003248415689746,0.46003248415689746
RPFa3,selected SOZ,3,0,0.2578125,-0.0459753696034113,0.19252942502498627,0.23850479462839758,0.23850479462839758
RPFa3,selected SOZ,3,0,0.26171875,0.04417377734228296,0.22214072942733765,0.1779669520850547,0.1779669520850547
RPFa3,selected SOZ,3,0,0.265625,0.1772642866424589,0.3784811496734619,0.201216863031003,0.201216863031003
RPFa3,selected SOZ,3,0,0.26953125,0.3893772646471231,0.6552570462226868,0.2658797815755637,0.2658797815755637
RPFa3,selected SOZ,3,0,0.2734375,0.7119772261577088,0.9230120182037354,0.2110347920460266,0.2110347920460266
RPFa3,selected SOZ,3,0,0.27734375,1.0784046157861442,1.2725145816802979,0.19410996589415364,0.19410996589415364
RPFa3,selected SOZ,3,0,0.28125,1.260157955297777,1.4373952150344849,0.1772372597367078,0.1772372597367078
RPFa3,selected SOZ,3,0,0.28515625,1.0974891399764353,1.5135451555252075,0.41605601554877225,0.41605601554877225
RPFa3,selected SOZ,3,0,0.2890625,0.7163033303028348,1.4147310256958008,0.698427695392966,0.698427695392966
RPFa3,selected SOZ,3,0,0.29296875,0.3651175495188893,1.2209655046463013,0.855847955127412,0.855847955127412
RPFa3,selected SOZ,3,0,0.296875,0.1597770135415342,0.8912850618362427,0.7315080482947085,0.7315080482947085
RPFa3,selected SOZ,3,0,0.30078125,0.0465247451608928,0.5730324983596802,0.5265077531987874,0.5265077531987874
RPFa3,selected SOZ,3,0,0.3046875,-0.10430795979024399,0.33384060859680176,0.43814856838704574,0.43814856838704574
RPFa3,selected SOZ,3,0,0.30859375,-0.39842463515306825,0.1686779111623764,0.5671025463154447,0.5671025463154447
RPFa3,selected SOZ,3,0,0.3125,-0.779746292548431,0.0672817975282669,0.8470280900766979,0.8470280900766979
RPFa3,selected SOZ,3,0,0.31640625,-1.039448111548777,-0.09920604526996613,0.9402420662788109,0.9402420662788109
RPFa3,selected SOZ,3,0,0.3203125,-1.0315805957035402,-0.2637802064418793,0.7678003892616609,0.7678003892616609
RPFa3,selected SOZ,3,0,0.32421875,-0.7823288480576773,-0.33208051323890686,0.45024833481877047,0.45024833481877047
RPFa3,selected SOZ,3,0,0.328125,-0.41569221533068906,-0.23260465264320374,0.18308756268748533,0.18308756268748533
RPFa3,selected SOZ,3,0,0.33203125,-0.05281855601952108,-0.11928308010101318,-0.0664645240814921,0.0664645240814921
RPFa3,selected SOZ,3,0,0.3359375,0.23347195197498471,-0.08307994902133942,-0.31655190099632413,0.31655190099632413
RPFa3,selected SOZ,3,0,0.33984375,0.42970961170380206,-0.04544961825013161,-0.47515922995393367,0.47515922995393367
RPFa3,selected SOZ,3,0,0.34375,0.5381646437408945,-0.05321453884243965,-0.5913791825833341,0.5913791825833341
RPFa3,selected SOZ,3,0,0.34765625,0.5478295294432944,-0.2611655294895172,-0.8089950589328117,0.8089950589328117
RPFa3,selected SOZ,3,0,0.3515625,0.46852497712141405,-0.4290682375431061,-0.8975932146645201,0.8975932146645201
RPFa3,selected SOZ,3,0,0.35546875,0.35142063438559357,-0.5530232191085815,-0.9044438534941751,0.9044438534941751
RPFa3,selected SOZ,3,0,0.359375,0.2520844153504202,-0.5077289342880249,-0.7598133496384452,0.7598133496384452
RPFa3,selected SOZ,3,0,0.36328125,0.17243682210010042,-0.4236574172973633,-0.5960942393974638,0.5960942393974638
RPFa3,selected SOZ,3,0,0.3671875,0.08523670278099695,-0.2514282464981079,-0.33666494927910484,0.33666494927910484
RPFa3,selected SOZ,3,0,0.37109375,-0.01300118457237456,-0.0622941218316555,-0.04929293725928094,0.04929293725928094
RPFa3,selected SOZ,3,0,0.375,-0.1132857309834669,0.17175652086734772,0.2850422518508146,0.2850422518508146
RPFa3,selected SOZ,3,0,0.37890625,-0.21252260732626235,0.34388312697410583,0.5564057343003682,0.5564057343003682
RPFa3,selected SOZ,3,0,0.3828125,-0.30344482167225445,0.5237463116645813,0.8271911333368358,0.8271911333368358
RPFa3,selected SOZ,3,0,0.38671875,-0.3749753517137053,0.5777479410171509,0.9527232927308562,0.9527232927308562
RPFa3,selected SOZ,3,0,0.390625,-0.4323589768232929,0.5820045471191406,1.0143635239424336,1.0143635239424336
RPFa3,selected SOZ,3,0,0.39453125,-0.48931665597887286,0.5607669353485107,1.0500835913273836,1.0500835913273836
RPFa3,selected SOZ,3,0,0.3984375,-0.5525749321249985,0.5228583812713623,1.0754333133963607,1.0754333133963607
RPFa3,selected SOZ,3,0,0.40234375,-0.5988367070281932,0.6022571325302124,1.2010938395584057,1.2010938395584057
RPFa3,selected SOZ,3,0,0.40625,-0.5851293112447048,0.6131631135940552,1.19829242483876,1.19829242483876
RPFa3,selected SOZ,3,0,0.41015625,-0.5060839392370013,0.559689462184906,1.0657734014219074,1.0657734014219074
RPFa3,selected SOZ,3,0,0.4140625,-0.39937778863721013,0.4735969007015228,0.8729746893387329,0.8729746893387329
RPFa3,selected SOZ,3,0,0.41796875,-0.2682521854700718,0.3030059039592743,0.5712580894293461,0.5712580894293461
RPFa3,selected SOZ,3,0,0.421875,-0.07279214374738963,0.09292984753847122,0.16572199128586085,0.16572199128586085
RPFa3,selected SOZ,3,0,0.42578125,0.20467747528646513,-0.07469399273395538,-0.2793714680204205,0.2793714680204205
RPFa3,selected SOZ,3,0,0.4296875,0.5398854432007676,-0.3061158061027527,-0.8460012493035203,0.8460012493035203
RPFa3,selected SOZ,3,0,0.43359375,0.861008311193902,-0.3090290427207947,-1.1700373539146967,1.1700373539146967
RPFa3,selected SOZ,3,0,0.4375,1.067382917439975,-0.19014309346675873,-1.2575260109067337,1.2575260109067337
RPFa3,selected SOZ,3,0,0.44140625,1.0927111965062373,0.061196427792310715,-1.0315147687139266,1.0315147687139266
RPFa3,selected SOZ,3,0,0.4453125,0.9684223988887678,0.27424103021621704,-0.6941813686725508,0.6941813686725508
RPFa3,selected SOZ,3,0,0.44921875,0.7661896839479634,0.3219425082206726,-0.4442471757272908,0.4442471757272908
RPFa3,selected SOZ,3,0,0.453125,0.5158350636474119,0.2089906483888626,-0.30684441525854933,0.30684441525854933
RPFa3,selected SOZ,3,0,0.45703125,0.206135410791873,-0.09932682663202286,-0.3054622374238959,0.3054622374238959
RPFa3,selected SOZ,3,0,0.4609375,-0.14199852795772744,-0.5849907994270325,-0.44299227146930503,0.44299227146930503
RPFa3,selected SOZ,3,0,0.46484375,-0.44751116106128574,-1.1901404857635498,-0.7426293247022641,0.7426293247022641
RPFa3,selected SOZ,3,0,0.46875,-0.6671338640088732,-1.7629369497299194,-1.0958030857210463,1.0958030857210463
RPFa3,selected SOZ,3,0,0.47265625,-0.8240611942020079,-2.2699596881866455,-1.4458984939846378,1.4458984939846378
RPFa3,selected SOZ,3,0,0.4765625,-0.9138592201003458,-2.595705986022949,-1.6818467659226033,1.6818467659226033
RPFa3,selected SOZ,3,0,0.48046875,-0.8989090658075379,-2.6585288047790527,-1.759619738971515,1.759619738971515
RPFa3,selected SOZ,3,0,0.484375,-0.7756667302863672,-2.4531993865966797,-1.6775326563103126,1.6775326563103126
RPFa3,selected SOZ,3,0,0.48828125,-0.5884216533755304,-1.9651142358779907,-1.3766925825024603,1.3766925825024603
RPFa3,selected SOZ,3,0,0.4921875,-0.39134097946591967,-1.399409532546997,-1.0080685530810773,1.0080685530810773
RPFa3,selected SOZ,3,0,0.49609375,-0.2257099008439384,-0.872591495513916,-0.6468815946699776,0.6468815946699776
RPFa3,selected SOZ,3,0,0.5,-0.11794649153687808,-0.3960290253162384,-0.2780825337793603,0.2780825337793603
RPFa3,selected SOZ,3,0,0.50390625,-0.06695406709747992,-0.005763011518865824,0.061191055578614095,0.061191055578614095
RPFa3,selected SOZ,3,0,0.5078125,-0.052340426445822326,0.2564138174057007,0.308754243851523,0.308754243851523
RPFa3,selected SOZ,3,0,0.51171875,-0.048781621490207955,0.4636198878288269,0.5124015093190348,0.5124015093190348
RPFa3,selected SOZ,3,0,0.515625,-0.03606821134163051,0.558579683303833,0.5946478946454635,0.5946478946454635
RPFa3,selected SOZ,3,0,0.51953125,-0.007397454008489879,0.575050950050354,0.5824484040588439,0.5824484040588439
RPFa3,selected SOZ,3,0,0.5234375,0.045034408263032594,0.6332733035087585,0.5882388952457259,0.5882388952457259
RPFa3,selected SOZ,3,0,0.52734375,0.11801330251023003,0.666111946105957,0.548098643595727,0.548098643595727
RPFa3,selected SOZ,3,0,0.53125,0.1897853036495763,0.5221076011657715,0.3323222975161952,0.3323222975161952
RPFa3,selected SOZ,3,0,0.53515625,0.24634222123705274,0.20390485227108002,-0.04243736896597272,0.04243736896597272
RPFa3,selected SOZ,3,0,0.5390625,0.2928959747244391,-0.11036603152751923,-0.40326200625195835,0.40326200625195835
RPFa3,selected SOZ,3,0,0.54296875,0.3402782236095579,-0.39959248900413513,-0.739870712613693,0.739870712613693
RPFa3,selected SOZ,3,0,0.546875,0.3992530580219302,-0.5287001132965088,-0.927953171318439,0.927953171318439
RPFa3,selected SOZ,3,0,0.55078125,0.5013599602373088,-0.6071788668632507,-1.1085388271005594,1.1085388271005594
RPFa3,selected SOZ,3,0,0.5546875,0.6752064814654823,-0.518997073173523,-1.1942035546390053,1.1942035546390053
RPFa3,selected SOZ,3,0,0.55859375,0.9271523727197021,-0.20041769742965698,-1.1275700701493592,1.1275700701493592
RPFa3,selected SOZ,3,0,0.5625,1.241795979461947,0.15615908801555634,-1.0856368914463908,1.0856368914463908
RPFa3,selected SOZ,3,0,0.56640625,1.5400243603162127,0.6029418110847473,-0.9370825492314654,0.9370825492314654
RPFa3,selected SOZ,3,0,0.5703125,1.685115152436138,1.1326062679290771,-0.5525088845070609,0.5525088845070609
RPFa3,selected SOZ,3,0,0.57421875,1.6163189315536355,1.6660733222961426,0.04975439074250709,0.04975439074250709
RPFa3,selected SOZ,3,0,0.578125,1.4051975771844087,1.888781189918518,0.4835836127341093,0.4835836127341093
RPFa3,selected SOZ,3,0,0.58203125,1.1259656830588152,2.0084383487701416,0.8824726657113264,0.8824726657113264
RPFa3,selected SOZ,3,0,0.5859375,0.8087399523635083,1.7059003114700317,0.8971603591065235,0.8971603591065235
RPFa3,selected SOZ,3,0,0.58984375,0.43158373691090596,1.2152068614959717,0.7836231245850658,0.7836231245850658
RPFa3,selected SOZ,3,0,0.59375,-0.058013278727988414,0.8367215991020203,0.8947348778300087,0.8947348778300087
RPFa3,selected SOZ,3,0,0.59765625,-0.5936648760634005,0.46802377700805664,1.061688653071457,1.061688653071457
RPFa3,selected SOZ,3,0,0.6015625,-0.9930973127698278,-0.08526618033647537,0.9078311324333525,0.9078311324333525
RPFa3,selected SOZ,3,0,0.60546875,-1.1111103587027964,-0.6583662629127502,0.45274409579004615,0.45274409579004615
RPFa3,selected SOZ,3,0,0.609375,-0.9445982273049107,-1.026439905166626,-0.08184167786171526,0.08184167786171526
RPFa3,selected SOZ,3,0,0.61328125,-0.6086871618898874,-1.5109655857086182,-0.9022784238187308,0.9022784238187308
RPFa3,selected SOZ,3,0,0.6171875,-0.23407492390618975,-1.8627538681030273,-1.6286789441968377,1.6286789441968377
RPFa3,selected SOZ,3,0,0.62109375,0.09626451227099181,-2.0443739891052246,-2.1406385013762166,2.1406385013762166
RPFa3,selected SOZ,3,0,0.625,0.33816014585649823,-2.123138427734375,-2.4612985735908732,2.4612985735908732
RPFa3,selected SOZ,3,0,0.62890625,0.46227585861857945,-2.119797468185425,-2.582073326804004,2.582073326804004
RPFa3,selected SOZ,3,0,0.6328125,0.48138390262092057,-1.953957200050354,-2.4353411026712743,2.4353411026712743
RPFa3,selected SOZ,3,0,0.63671875,0.44382794145116927,-1.5668466091156006,-2.01067455056677,2.01067455056677
RPFa3,selected SOZ,3,0,0.640625,0.37061619181704364,-1.0000674724578857,-1.3706836642749294,1.3706836642749294
RPFa3,selected SOZ,3,0,0.64453125,0.26003512906292187,-0.43516796827316284,-0.6952030973360848,0.6952030973360848
RPFa3,selected SOZ,3,0,0.6484375,0.1460363879318466,-0.013446273282170296,-0.15948266121401689,0.15948266121401689
RPFa3,selected SOZ,3,0,0.65234375,0.06886309123937105,0.22505491971969604,0.15619182848032498,0.15619182848032498
RPFa3,selected SOZ,3,0,0.65625,0.0052374928680153825,0.3278498947620392,0.3226124018940238,0.3226124018940238
RPFa3,selected SOZ,3,0,0.66015625,-0.10177881706517816,0.27230873703956604,0.3740875541047442,0.3740875541047442
RPFa3,selected SOZ,3,0,0.6640625,-0.264807411529826,0.129944309592247,0.394751721122073,0.394751721122073
RPFa3,selected SOZ,3,0,0.66796875,-0.433208988379362,-0.13303545117378235,0.30017353720557965,0.30017353720557965
RPFa3,selected SOZ,3,0,0.671875,-0.5408803760364584,-0.18382222950458527,0.3570581465318732,0.3570581465318732
RPFa3,selected SOZ,3,0,0.67578125,-0.5688327016565534,-0.07798460125923157,0.49084810039732185,0.49084810039732185
RPFa3,selected SOZ,3,0,0.6796875,-0.5381242732901977,0.026240777224302292,0.5643650505145,0.5643650505145
RPFa3,selected SOZ,3,0,0.68359375,-0.4605760005116369,-0.02782970666885376,0.4327462938427831,0.4327462938427831
RPFa3,selected SOZ,3,0,0.6875,-0.3438463718456469,-0.11795022338628769,0.22589614845935924,0.22589614845935924
RPFa3,selected SOZ,3,0,0.69140625,-0.2129853434449906,-0.08987095952033997,0.12311438392465063,0.12311438392465063
RPFa3,selected SOZ,3,0,0.6953125,-0.10483053579775624,0.08558303117752075,0.190413566975277,0.190413566975277
RPFa3,selected SOZ,3,0,0.69921875,-0.04518020806774403,0.23543588817119598,0.28061609623894,0.28061609623894
RPFa3,selected SOZ,3,0,0.703125,-0.011921383797535627,0.5135693550109863,0.5254907388085219,0.5254907388085219
RPFa3,selected SOZ,3,0,0.70703125,0.05361265861218217,0.7346272468566895,0.6810145882445073,0.6810145882445073
RPFa3,selected SOZ,3,0,0.7109375,0.1928630698804274,0.8618217706680298,0.6689587007876023,0.6689587007876023
RPFa3,selected SOZ,3,0,0.71484375,0.44027370636729335,0.8360552787780762,0.3957815724107828,0.3957815724107828
RPFa3,selected SOZ,3,0,0.71875,0.7810675834053251,0.7620810270309448,-0.018986556374380292,0.018986556374380292
RPFa3,selected SOZ,3,0,0.72265625,1.0181483985859483,0.6504449248313904,-0.3677034737545579,0.3677034737545579
RPFa3,selected SOZ,3,0,0.7265625,0.9066660923915801,0.590816855430603,-0.3158492369609771,0.3158492369609771
RPFa3,selected SOZ,3,0,0.73046875,0.4981265871765379,0.689841628074646,0.1917150408981081,0.1917150408981081
RPFa3,selected SOZ,3,0,0.734375,0.12962885299158228,0.8496877551078796,0.7200589021162973,0.7200589021162973
RPFa3,selected SOZ,3,0,0.73828125,0.058710897687993244,1.152031421661377,1.0933205239733836,1.0933205239733836
RPFa3,selected SOZ,3,0,0.7421875,0.22794760125841657,1.503308653831482,1.2753610525730654,1.2753610525730654
RPFa3,selected SOZ,3,0,0.74609375,0.36686371831731707,1.7713052034378052,1.404441485120488,1.404441485120488
RPFa3,selected SOZ,3,0,0.75,0.30725378732870934,1.791961431503296,1.4847076441745866,1.4847076441745866
RPFa3,selected SOZ,3,0,0.75390625,0.10646910522015286,1.4351937770843506,1.3287246718641976,1.3287246718641976
RPFa3,selected SOZ,3,0,0.7578125,-0.13023867587721474,0.7941767573356628,0.9244154332128776,0.9244154332128776
RPFa3,selected SOZ,3,0,0.76171875,-0.36214598781283047,0.005433785263448954,0.3675797730762794,0.3675797730762794
RPFa3,selected SOZ,3,0,0.765625,-0.5559977891761649,-0.865272581577301,-0.3092747924011361,0.3092747924011361
RPFa3,selected SOZ,3,0,0.76953125,-0.6604824734912897,-1.3637282848358154,-0.7032458113445257,0.7032458113445257
RPFa3,selected SOZ,3,0,0.7734375,-0.6376150510902716,-1.641371250152588,-1.0037561990623163,1.0037561990623163
RPFa3,selected SOZ,3,0,0.77734375,-0.4976652953188377,-1.6057708263397217,-1.108105531020884,1.108105531020884
RPFa3,selected SOZ,3,0,0.78125,-0.2948526305170765,-1.2506287097930908,-0.9557760792760144,0.9557760792760144
RPFa3,selected SOZ,3,0,0.78515625,-0.08597621600640354,-0.8410136699676514,-0.7550374539612479,0.7550374539612479
RPFa3,selected SOZ,3,0,0.7890625,0.09218729274250052,-0.401376336812973,-0.49356362955547356,0.49356362955547356
RPFa3,selected SOZ,3,0,0.79296875,0.2108574523234697,-0.025943662971258163,-0.23680111529472786,0.23680111529472786
RPFa3,selected SOZ,3,0,0.796875,0.25267399816192176,0.29765796661376953,0.04498396845184777,0.04498396845184777
RPFa3,selected SOZ,3,0,0.80078125,0.2365783396284944,0.5397749543190002,0.30319661469050585,0.30319661469050585
RPFa3,selected SOZ,3,0,0.8046875,0.20758010677005215,0.5948943495750427,0.3873142428049906,0.3873142428049906
RPFa3,selected SOZ,3,0,0.80859375,0.18808090332471059,0.5768734812736511,0.3887925779489405,0.3887925779489405
RPFa3,selected SOZ,3,0,0.8125,0.16310646950421864,0.5327625274658203,0.36965605796160167,0.36965605796160167
RPFa3,selected SOZ,3,0,0.81640625,0.10644375129431906,0.49580681324005127,0.3893630619457322,0.3893630619457322
RPFa3,selected SOZ,3,0,0.8203125,0.025210603283184432,0.4687482714653015,0.4435376681821171,0.4435376681821171
RPFa3,selected SOZ,3,0,0.82421875,-0.04126991601265268,0.4874001443386078,0.5286700603512605,0.5286700603512605
RPFa3,selected SOZ,3,0,0.828125,-0.07745873801565072,0.43428218364715576,0.5117409216628065,0.5117409216628065
RPFa3,selected SOZ,3,0,0.83203125,-0.10929909972189848,0.35868948698043823,0.46798858670233673,0.46798858670233673
RPFa3,selected SOZ,3,0,0.8359375,-0.15965151863346363,0.26964277029037476,0.42929428892383836,0.42929428892383836
RPFa3,selected SOZ,3,0,0.83984375,-0.22980539985938345,0.21881310641765594,0.44861850627703936,0.44861850627703936
RPFa3,selected SOZ,3,0,0.84375,-0.32349341155306444,0.24019724130630493,0.5636906528593694,0.5636906528593694
RPFa3,selected SOZ,3,0,0.84765625,-0.4364385082599149,0.41432905197143555,0.8507675602313505,0.8507675602313505
RPFa3,selected SOZ,3,0,0.8515625,-0.5094585852972813,0.5754867792129517,1.084945364510233,1.084945364510233
RPFa3,selected SOZ,3,0,0.85546875,-0.4812586080782213,0.79399174451828,1.2752503525965013,1.2752503525965013
RPFa3,selected SOZ,3,0,0.859375,-0.36591359660445294,0.8670489192008972,1.23296251580535,1.23296251580535
RPFa3,selected SOZ,3,0,0.86328125,-0.2103094793235875,0.713394820690155,0.9237043000137426,0.9237043000137426
RPFa3,selected SOZ,3,0,0.8671875,-0.024391557128382764,0.46439433097839355,0.4887858881067763,0.4887858881067763
RPFa3,selected SOZ,3,0,0.87109375,0.2130128905119221,-0.030091719701886177,-0.24310461021380828,0.24310461021380828
RPFa3,selected SOZ,3,0,0.875,0.4728196701414037,-0.35780420899391174,-0.8306238791353154,0.8306238791353154
RPFa3,selected SOZ,3,0,0.87890625,0.6233804677241038,-0.4757382273674011,-1.099118695091505,1.099118695091505
RPFa3,selected SOZ,3,0,0.8828125,0.5594665652575417,-0.29604363441467285,-0.8555101996722145,0.8555101996722145
RPFa3,selected SOZ,3,0,0.88671875,0.35025339820854506,-0.1247960701584816,-0.47504946836702666,0.47504946836702666
RPFa3,selected SOZ,3,0,0.890625,0.18299646248725981,-0.015087603591382504,-0.19808406607864232,0.19808406607864232
RPFa3,selected SOZ,3,0,0.89453125,0.16173342726537157,-0.013669914565980434,-0.175403341831352,0.175403341831352
RPFa3,selected SOZ,3,0,0.8984375,0.21882436480560744,-0.12468229234218597,-0.3435066571477934,0.3435066571477934
RPFa3,selected SOZ,3,0,0.90234375,0.22906534718874633,-0.2179533988237381,-0.4470187460124844,0.4470187460124844
RPFa3,selected SOZ,3,0,0.90625,0.10967362566745205,-0.2272290587425232,-0.33690268440997523,0.33690268440997523
RPFa3,selected SOZ,3,0,0.91015625,-0.13609881583705216,-0.16928663849830627,-0.03318782266125411,0.03318782266125411
RPFa3,selected SOZ,3,0,0.9140625,-0.41073850519167127,-0.022572973743081093,0.3881655314485902,0.3881655314485902
RPFa3,selected SOZ,3,0,0.91796875,-0.5842928937084444,0.20136280357837677,0.7856556972868212,0.7856556972868212
RPFa3,selected SOZ,3,0,0.921875,-0.5909089582697903,0.44268515706062317,1.0335941153304136,1.0335941153304136
RPFa3,selected SOZ,3,0,0.92578125,-0.4922349621995863,0.6143170595169067,1.106552021716493,1.106552021716493
RPFa3,selected SOZ,3,0,0.9296875,-0.40038331454687376,0.6453782320022583,1.0457615465491321,1.0457615465491321
RPFa3,selected SOZ,3,0,0.93359375,-0.35534891625756854,0.5002046823501587,0.8555535986077272,0.8555535986077272
RPFa3,selected SOZ,3,0,0.9375,-0.32869523567267334,0.17411625385284424,0.5028114895255176,0.5028114895255176
RPFa3,selected SOZ,3,0,0.94140625,-0.30732515910433184,-0.1406259387731552,0.16669922033117662,0.16669922033117662
RPFa3,selected SOZ,3,0,0.9453125,-0.32406146279350834,-0.5949913263320923,-0.27092986353858395,0.27092986353858395
RPFa3,selected SOZ,3,0,0.94921875,-0.41270402783354376,-1.0744825601577759,-0.6617785323242321,0.6617785323242321
RPFa3,selected SOZ,3,0,0.953125,-0.551564844049957,-1.365822434425354,-0.814257590375397,0.814257590375397
RPFa3,selected SOZ,3,0,0.95703125,-0.6730498827882306,-1.5975881814956665,-0.9245382987074359,0.9245382987074359
RPFa3,selected SOZ,3,0,0.9609375,-0.73075430827004,-1.6421034336090088,-0.9113491253389688,0.9113491253389688
RPFa3,selected SOZ,3,0,0.96484375,-0.7302106091285732,-1.474752426147461,-0.7445418170188878,0.7445418170188878
RPFa3,selected SOZ,3,0,0.96875,-0.7120471491375693,-1.18558931350708,-0.4735421643695108,0.4735421643695108
RPFa3,selected SOZ,3,0,0.97265625,-0.6994994064724606,-0.8018572926521301,-0.10235788617966957,0.10235788617966957
RPFa3,selected SOZ,3,0,0.9765625,-0.6645088310409046,-0.39724138379096985,0.2672674472499348,0.2672674472499348
RPFa3,selected SOZ,3,0,0.98046875,-0.5489594777138206,-0.10780277103185654,0.44115670668196405,0.44115670668196405
RPFa3,selected SOZ,3,0,0.984375,-0.33617727936891123,0.0814540907740593,0.4176313701429705,0.4176313701429705
RPFa3,selected SOZ,3,0,0.98828125,-0.08401274325640698,0.1196921169757843,0.20370486023219128,0.20370486023219128
RPFa3,selected SOZ,3,0,0.9921875,0.10639910834831445,0.06026725471019745,-0.046131853638117004,0.046131853638117004
RPFa3,selected SOZ,3,0,0.99609375,0.20941278717073228,-0.06471234560012817,-0.2741251327708605,0.2741251327708605
RA3,selected non-SOZ,3,0,0.0,0.25091972065477375,0.33515140414237976,0.08423168348760601,0.08423168348760601
RA3,selected non-SOZ,3,0,0.00390625,0.15054752243810332,0.3881583511829376,0.2376108287448343,0.2376108287448343
RA3,selected non-SOZ,3,0,0.0078125,0.12445686205914804,0.40544790029525757,0.28099103823610955,0.28099103823610955
RA3,selected non-SOZ,3,0,0.01171875,0.11970744075614217,0.3809848427772522,0.26127740202111005,0.26127740202111005
RA3,selected non-SOZ,3,0,0.015625,0.06577268038633094,0.3191426992416382,0.25337001885530724,0.25337001885530724
RA3,selected non-SOZ,3,0,0.01953125,0.03333429910105196,0.252261221408844,0.21892692230779204,0.21892692230779204
RA3,selected non-SOZ,3,0,0.0234375,0.12634525181297782,0.12705077230930328,0.000705520496325468,0.000705520496325468
RA3,selected non-SOZ,3,0,0.02734375,0.27717274512416773,0.12909282743930817,-0.14807991768485956,0.14807991768485956
RA3,selected non-SOZ,3,0,0.03125,0.3489763088561825,0.17903302609920502,-0.1699432827569775,0.1699432827569775
RA3,selected non-SOZ,3,0,0.03515625,0.33801821513048486,0.24578805267810822,-0.09223016245237664,0.09223016245237664
RA3,selected non-SOZ,3,0,0.0390625,0.3350484400204482,0.1573633849620819,-0.1776850550583663,0.1776850550583663
RA3,selected non-SOZ,3,0,0.04296875,0.37163572487392366,0.03290078788995743,-0.33873493698396623,0.33873493698396623
RA3,selected non-SOZ,3,0,0.046875,0.4250241715994335,-0.0296800434589386,-0.4547042150583721,0.4547042150583721
RA3,selected non-SOZ,3,0,0.05078125,0.4860016471126429,-0.14999793469905853,-0.6359995818117015,0.6359995818117015
RA3,selected non-SOZ,3,0,0.0546875,0.5558293406121242,-0.3739628493785858,-0.92979218999071,0.92979218999071
RA3,selected non-SOZ,3,0,0.05859375,0.646365746800363,-0.5317776203155518,-1.1781433671159147,1.1781433671159147
RA3,selected non-SOZ,3,0,0.0625,0.7509109422732766,-0.7110151648521423,-1.4619261071254188,1.4619261071254188
RA3,selected non-SOZ,3,0,0.06640625,0.8601124441891005,-0.8786506056785583,-1.738763049867659,1.738763049867659
RA3,selected non-SOZ,3,0,0.0703125,0.9878462850747652,-0.9455956220626831,-1.9334419071374485,1.9334419071374485
RA3,selected non-SOZ,3,0,0.07421875,1.0883169642290471,-1.0402377843856812,-2.1285547486147283,2.1285547486147283
RA3,selected non-SOZ,3,0,0.078125,1.0676534875737491,-1.1820094585418701,-2.2496629461156195,2.2496629461156195
RA3,selected non-SOZ,3,0,0.08203125,0.9227573746296145,-1.3277899026870728,-2.250547277316687,2.250547277316687
RA3,selected non-SOZ,3,0,0.0859375,0.7583753170802807,-1.3703596591949463,-2.128734976275227,2.128734976275227
RA3,selected non-SOZ,3,0,0.08984375,0.6440685826765623,-1.4990825653076172,-2.1431511479841796,2.1431511479841796
RA3,selected non-SOZ,3,0,0.09375,0.541957708268757,-1.498054027557373,-2.04001173582613,2.04001173582613
RA3,selected non-SOZ,3,0,0.09765625,0.3672543762429302,-1.3727807998657227,-1.7400351761086528,1.7400351761086528
RA3,selected non-SOZ,3,0,0.1015625,0.09122095421065872,-1.0488802194595337,-1.1401011736701925,1.1401011736701925
RA3,selected non-SOZ,3,0,0.10546875,-0.19454678732421793,-0.8711568117141724,-0.6766100243899544,0.6766100243899544
RA3,selected non-SOZ,3,0,0.109375,-0.3444591095302573,-0.7112156748771667,-0.3667565653469094,0.3667565653469094
RA3,selected non-SOZ,3,0,0.11328125,-0.27587508498625885,-0.5354296565055847,-0.25955457151932587,0.25955457151932587
RA3,selected non-SOZ,3,0,0.1171875,-0.030317917872770574,-0.45168179273605347,-0.4213638748632829,0.4213638748632829
RA3,selected non-SOZ,3,0,0.12109375,0.261324222993539,-0.49615463614463806,-0.7574788591381771,0.7574788591381771
RA3,selected non-SOZ,3,0,0.125,0.5015668135200422,-0.52302485704422,-1.0245916705642621,1.0245916705642621
RA3,selected non-SOZ,3,0,0.12890625,0.6553316037571035,-0.4986218512058258,-1.1539534549629293,1.1539534549629293
RA3,selected non-SOZ,3,0,0.1328125,0.7422104915104746,-0.39852994680404663,-1.1407404383145212,1.1407404383145212
RA3,selected non-SOZ,3,0,0.13671875,0.7885303116457812,-0.3369114100933075,-1.1254417217390889,1.1254417217390889
RA3,selected non-SOZ,3,0,0.140625,0.785344471424565,-0.380125492811203,-1.165469964235768,1.165469964235768
RA3,selected non-SOZ,3,0,0.14453125,0.7267757207867128,-0.47285667061805725,-1.1996323914047702,1.1996323914047702
RA3,selected non-SOZ,3,0,0.1484375,0.6553636392398737,-0.5937846302986145,-1.2491482695384883,1.2491482695384883
RA3,selected non-SOZ,3,0,0.15234375,0.5923196872752742,-0.5418296456336975,-1.1341493329089718,1.1341493329089718
RA3,selected non-SOZ,3,0,0.15625,0.49171469520076827,-0.3308768570423126,-0.8225915522430809,0.8225915522430809
RA3,selected non-SOZ,3,0,0.16015625,0.2930049007183728,-0.0003238479548599571,-0.2933287486732328,0.2933287486732328
RA3,selected non-SOZ,3,0,0.1640625,0.025561867845252797,0.17913128435611725,0.15356941651086445,0.15356941651086445
RA3,selected non-SOZ,3,0,0.16796875,-0.19031873411266123,0.2789279520511627,0.4692466861638239,0.4692466861638239
RA3,selected non-SOZ,3,0,0.171875,-0.2537318051343888,0.3987399935722351,0.652471798706624,0.652471798706624
RA3,selected non-SOZ,3,0,0.17578125,-0.17915642089190054,0.46847549080848694,0.6476319117003875,0.6476319117003875
RA3,selected non-SOZ,3,0,0.1796875,-0.07628913078225384,0.5368024706840515,0.6130916014663054,0.6130916014663054
RA3,selected non-SOZ,3,0,0.18359375,-0.004458895129635988,0.5919979810714722,0.5964568762011082,0.5964568762011082
RA3,selected non-SOZ,3,0,0.1875,0.04818725287014753,0.7540738582611084,0.7058866053909608,0.7058866053909608
RA3,selected non-SOZ,3,0,0.19140625,0.07327930634617624,0.7983105182647705,0.7250312119185942,0.7250312119185942
RA3,selected non-SOZ,3,0,0.1953125,0.06201511143617845,0.86378014087677,0.8017650294405916,0.8017650294405916
RA3,selected non-SOZ,3,0,0.19921875,0.02541490439728487,1.0651408433914185,1.0397259389941336,1.0397259389941336
RA3,selected non-SOZ,3,0,0.203125,-0.0053766084140096934,1.2604175806045532,1.2657941890185629,1.2657941890185629
RA3,selected non-SOZ,3,0,0.20703125,0.046272985207497105,1.315213680267334,1.268940695059837,1.268940695059837
RA3,selected non-SOZ,3,0,0.2109375,0.1991726363046472,1.4324902296066284,1.2333175933019813,1.2333175933019813
RA3,selected non-SOZ,3,0,0.21484375,0.3951654113432007,1.3335076570510864,0.9383422457078857,0.9383422457078857
RA3,selected non-SOZ,3,0,0.21875,0.5834966753020081,1.0951611995697021,0.511664524267694,0.511664524267694
RA3,selected non-SOZ,3,0,0.22265625,0.7676265957000943,0.8347644805908203,0.06713788489072603,0.06713788489072603
RA3,selected non-SOZ,3,0,0.2265625,0.9289669995310653,0.5612729787826538,-0.3676940207484115,0.3676940207484115
RA3,selected non-SOZ,3,0,0.23046875,0.9876939957948627,0.39867040514945984,-0.5890235906454029,0.5890235906454029
RA3,selected non-SOZ,3,0,0.234375,0.9369970125690251,0.28867307305336,-0.6483239395156651,0.6483239395156651
RA3,selected non-SOZ,3,0,0.23828125,0.8826093485492713,0.2147810310125351,-0.6678283175367362,0.6678283175367362
RA3,selected non-SOZ,3,0,0.2421875,0.8900125500725937,0.17796453833580017,-0.7120480117367936,0.7120480117367936
RA3,selected non-SOZ,3,0,0.24609375,0.9100239946489294,0.2232147455215454,-0.686809249127384,0.686809249127384
RA3,selected non-SOZ,3,0,0.25,0.8806248657623248,0.31287717819213867,-0.5677476875701861,0.5677476875701861
RA3,selected non-SOZ,3,0,0.25390625,0.8049726170839367,0.3231092691421509,-0.48186334794178587,0.48186334794178587
RA3,selected non-SOZ,3,0,0.2578125,0.7149699746262089,0.22392575442790985,-0.4910442201982991,0.4910442201982991
RA3,selected non-SOZ,3,0,0.26171875,0.618205323247539,0.1413186937570572,-0.4768866294904818,0.4768866294904818
RA3,selected non-SOZ,3,0,0.265625,0.5149531914736426,0.14676344394683838,-0.3681897475268042,0.3681897475268042
RA3,selected non-SOZ,3,0,0.26953125,0.41921410482981986,0.13357867300510406,-0.2856354318247158,0.2856354318247158
RA3,selected non-SOZ,3,0,0.2734375,0.2975246941492776,0.1707635223865509,-0.12676117176272672,0.12676117176272672
RA3,selected non-SOZ,3,0,0.27734375,0.12887190965694162,0.039304886013269424,-0.0895670236436722,0.0895670236436722
RA3,selected non-SOZ,3,0,0.28125,-0.026822807127721376,-0.2011032998561859,-0.17428049272846455,0.17428049272846455
RA3,selected non-SOZ,3,0,0.28515625,-0.12504146093150698,-0.5368901491165161,-0.41184868818500914,0.41184868818500914
RA3,selected non-SOZ,3,0,0.2890625,-0.213015712673014,-0.7399000525474548,-0.5268843398744408,0.5268843398744408
RA3,selected non-SOZ,3,0,0.29296875,-0.35803928337334606,-0.7656869888305664,-0.40764770545722034,0.40764770545722034
RA3,selected non-SOZ,3,0,0.296875,-0.540397673770706,-0.6333030462265015,-0.09290537245579544,0.09290537245579544
RA3,selected non-SOZ,3,0,0.30078125,-0.6556575308628064,-0.49298757314682007,0.16266995771598636,0.16266995771598636
RA3,selected non-SOZ,3,0,0.3046875,-0.6116137861666627,-0.40038830041885376,0.21122548574780897,0.21122548574780897
RA3,selected non-SOZ,3,0,0.30859375,-0.3943313534722819,-0.33882227540016174,0.05550907807212013,0.05550907807212013
RA3,selected non-SOZ,3,0,0.3125,-0.12119480167939603,-0.2927304208278656,-0.17153561914846957,0.17153561914846957
RA3,selected non-SOZ,3,0,0.31640625,0.040410837301792776,-0.23968327045440674,-0.28009410775619953,0.28009410775619953
RA3,selected non-SOZ,3,0,0.3203125,0.04127162656511765,-0.21435128152370453,-0.25562290808882215,0.25562290808882215
RA3,selected non-SOZ,3,0,0.32421875,-0.07499651649222869,-0.3337419033050537,-0.258745386812825,0.258745386812825
RA3,selected non-SOZ,3,0,0.328125,-0.2757146929293073,-0.5539650917053223,-0.278250398776015,0.278250398776015
RA3,selected non-SOZ,3,0,0.33203125,-0.5206191706193375,-0.6634472608566284,-0.14282809023729093,0.14282809023729093
RA3,selected non-SOZ,3,0,0.3359375,-0.7223580890290959,-0.5773658156394958,0.14499227338960008,0.14499227338960008
RA3,selected non-SOZ,3,0,0.33984375,-0.833370266481125,-0.45180293917655945,0.38156732730456555,0.38156732730456555
RA3,selected non-SOZ,3,0,0.34375,-0.8606151835489537,-0.34300246834754944,0.5176127152014043,0.5176127152014043
RA3,selected non-SOZ,3,0,0.34765625,-0.8205925090393831,-0.1129237487912178,0.7076687602481653,0.7076687602481653
RA3,selected non-SOZ,3,0,0.3515625,-0.7313743871144863,0.07802560925483704,0.8093999963693234,0.8093999963693234
RA3,selected non-SOZ,3,0,0.35546875,-0.6251243888147573,0.11358726769685745,0.7387116565116147,0.7387116565116147
RA3,selected non-SOZ,3,0,0.359375,-0.5512962308663643,-0.03757262974977493,0.5137236011165893,0.5137236011165893
RA3,selected non-SOZ,3,0,0.36328125,-0.5139188179290535,-0.2616065740585327,0.25231224387052076,0.25231224387052076
RA3,selected non-SOZ,3,0,0.3671875,-0.4663327108215343,-0.3652748763561249,0.10105783446540945,0.10105783446540945
RA3,selected non-SOZ,3,0,0.37109375,-0.37741085003629293,-0.46025869250297546,-0.08284784246668253,0.08284784246668253
RA3,selected non-SOZ,3,0,0.375,-0.2757979476219672,-0.4160382151603699,-0.14024026753840269,0.14024026753840269
RA3,selected non-SOZ,3,0,0.37890625,-0.19700803268326236,-0.4396825432777405,-0.24267451059447812,0.24267451059447812
RA3,selected non-SOZ,3,0,0.3828125,-0.1402175867190003,-0.42329949140548706,-0.28308190468648675,0.28308190468648675
RA3,selected non-SOZ,3,0,0.38671875,-0.09159318385772727,-0.4565396308898926,-0.3649464470321653,0.3649464470321653
RA3,selected non-SOZ,3,0,0.390625,-0.019947446526851768,-0.4645937383174896,-0.44464629179063786,0.44464629179063786
RA3,selected non-SOZ,3,0,0.39453125,0.07719762956351264,-0.5397540330886841,-0.6169516626521967,0.6169516626521967
RA3,selected non-SOZ,3,0,0.3984375,0.1692390997582297,-0.6712048053741455,-0.8404439051323752,0.8404439051323752
RA3,selected non-SOZ,3,0,0.40234375,0.24669261992197614,-0.8046922087669373,-1.0513848286889134,1.0513848286889134
RA3,selected non-SOZ,3,0,0.40625,0.30396119680810263,-0.8390017747879028,-1.1429629715960055,1.1429629715960055
RA3,selected non-SOZ,3,0,0.41015625,0.334085175445561,-0.7250188589096069,-1.0591040343551679,1.0591040343551679
RA3,selected non-SOZ,3,0,0.4140625,0.3604880744599753,-0.4892868995666504,-0.8497749740266257,0.8497749740266257
RA3,selected non-SOZ,3,0,0.41796875,0.3651695478064355,-0.28974974155426025,-0.6549192893606958,0.6549192893606958
RA3,selected non-SOZ,3,0,0.421875,0.28832943737873046,-0.047888077795505524,-0.336217515174236,0.336217515174236
RA3,selected non-SOZ,3,0,0.42578125,0.12469016569434752,0.11225300282239914,-0.012437162871948376,0.012437162871948376
RA3,selected non-SOZ,3,0,0.4296875,-0.0528831860604945,0.2084999829530716,0.26138316901356606,0.26138316901356606
RA3,selected non-SOZ,3,0,0.43359375,-0.1426432952296954,0.1432875096797943,0.28593080490948974,0.28593080490948974
RA3,selected non-SOZ,3,0,0.4375,-0.13548247942776823,-0.021602826192975044,0.11387965323479318,0.11387965323479318
RA3,selected non-SOZ,3,0,0.44140625,-0.1418656835216661,-0.30677512288093567,-0.16490943935926958,0.16490943935926958
RA3,selected non-SOZ,3,0,0.4453125,-0.20444194158516973,-0.6111003756523132,-0.4066584340671435,0.4066584340671435
RA3,selected non-SOZ,3,0,0.44921875,-0.20838217181396496,-0.6057506203651428,-0.39736844855117787,0.39736844855117787
RA3,selected non-SOZ,3,0,0.453125,-0.1039302655986661,-0.3936767876148224,-0.2897465220161563,0.2897465220161563
RA3,selected non-SOZ,3,0,0.45703125,0.0011040333765699843,0.07549913972616196,0.07439510634959197,0.07439510634959197
RA3,selected non-SOZ,3,0,0.4609375,0.026505879940152303,0.39773300290107727,0.37122712296092497,0.37122712296092497
RA3,selected non-SOZ,3,0,0.46484375,-0.017645855389100476,0.7398070693016052,0.7574529246907057,0.7574529246907057
RA3,selected non-SOZ,3,0,0.46875,-0.08847945701072849,1.1511030197143555,1.239582476725084,1.239582476725084
RA3,selected non-SOZ,3,0,0.47265625,-0.16612573338644454,1.564594030380249,1.7307197637666936,1.7307197637666936
RA3,selected non-SOZ,3,0,0.4765625,-0.27627775544305533,1.6264894008636475,1.9027671563067028,1.9027671563067028
RA3,selected non-SOZ,3,0,0.48046875,-0.43499374491291587,1.5659018754959106,2.0008956204088264,2.0008956204088264
RA3,selected non-SOZ,3,0,0.484375,-0.5818995075475467,1.3568001985549927,1.9386997061025393,1.9386997061025393
RA3,selected non-SOZ,3,0,0.48828125,-0.632520990062735,0.9837789535522461,1.616299943614981,1.616299943614981
RA3,selected non-SOZ,3,0,0.4921875,-0.5753792404186978,0.6575891375541687,1.2329683779728664,1.2329683779728664
RA3,selected non-SOZ,3,0,0.49609375,-0.46166572588436716,0.4062329828739166,0.8678987087582838,0.8678987087582838
RA3,selected non-SOZ,3,0,0.5,-0.33031512192256834,0.1142069473862648,0.44452206930883315,0.44452206930883315
RA3,selected non-SOZ,3,0,0.50390625,-0.19891273531274062,-0.04878993332386017,0.15012280198888045,0.15012280198888045
RA3,selected non-SOZ,3,0,0.5078125,-0.0907508505472588,-0.15560461580753326,-0.06485376526027446,0.06485376526027446
RA3,selected non-SOZ,3,0,0.51171875,-0.02527438521491425,-0.23207633197307587,-0.2068019467581616,0.2068019467581616
RA3,selected non-SOZ,3,0,0.515625,-0.024089726343114546,-0.38335707783699036,-0.3592673514938758,0.3592673514938758
RA3,selected non-SOZ,3,0,0.51953125,-0.09904637039311068,-0.547368049621582,-0.4483216792284713,0.4483216792284713
RA3,selected non-SOZ,3,0,0.5234375,-0.2407584541671907,-0.6302872896194458,-0.38952883545225514,0.38952883545225514
RA3,selected non-SOZ,3,0,0.52734375,-0.40009792818362877,-0.5887085199356079,-0.18861059175197914,0.18861059175197914
RA3,selected non-SOZ,3,0,0.53125,-0.5060454406937841,-0.3384423851966858,0.1676030554970983,0.1676030554970983
RA3,selected non-SOZ,3,0,0.53515625,-0.5234959247756352,-0.003905568504706025,0.5195903562709292,0.5195903562709292
RA3,selected non-SOZ,3,0,0.5390625,-0.4761465690081196,0.2312350571155548,0.7073816261236744,0.7073816261236744
RA3,selected non-SOZ,3,0,0.54296875,-0.433330395034911,0.3090403079986572,0.7423707030335682,0.7423707030335682
RA3,selected non-SOZ,3,0,0.546875,-0.4278796944765401,0.3121335208415985,0.7400132153181387,0.7400132153181387
RA3,selected non-SOZ,3,0,0.55078125,-0.44010340441476087,0.21941082179546356,0.6595142262102245,0.6595142262102245
RA3,selected non-SOZ,3,0,0.5546875,-0.4631668860694526,-0.15759685635566711,0.3055700297137855,0.3055700297137855
RA3,selected non-SOZ,3,0,0.55859375,-0.5116845442337398,-0.542359471321106,-0.03067492708736619,0.03067492708736619
RA3,selected non-SOZ,3,0,0.5625,-0.5803537552583038,-0.7627978324890137,-0.18244407723070988,0.18244407723070988
RA3,selected non-SOZ,3,0,0.56640625,-0.6609925924507086,-0.8867442011833191,-0.22575160873261046,0.22575160873261046
RA3,selected non-SOZ,3,0,0.5703125,-0.7252218572778051,-0.849330723285675,-0.12410886600786997,0.12410886600786997
RA3,selected non-SOZ,3,0,0.57421875,-0.749721596410027,-0.8295528292655945,-0.07983123285556748,0.07983123285556748
RA3,selected non-SOZ,3,0,0.578125,-0.7520899683824642,-0.7303633093833923,0.02172665899907189,0.02172665899907189
RA3,selected non-SOZ,3,0,0.58203125,-0.690258374311042,-0.6854720115661621,0.0047863627448798685,0.0047863627448798685
RA3,selected non-SOZ,3,0,0.5859375,-0.5341433494435474,-0.5540058612823486,-0.019862511838801278,0.019862511838801278
RA3,selected non-SOZ,3,0,0.58984375,-0.31868492698799866,-0.49043235182762146,-0.1717474248396228,0.1717474248396228
RA3,selected non-SOZ,3,0,0.59375,-0.05293499218511249,-0.5526575446128845,-0.499722552427772,0.499722552427772
RA3,selected non-SOZ,3,0,0.59765625,0.2585910114107927,-0.6651930809020996,-0.9237840923128924,0.9237840923128924
RA3,selected non-SOZ,3,0,0.6015625,0.5606115352335587,-0.6365883350372314,-1.19719987027079,1.19719987027079
RA3,selected non-SOZ,3,0,0.60546875,0.7415086622321643,-0.25552138686180115,-0.9970300490939654,0.9970300490939654
RA3,selected non-SOZ,3,0,0.609375,0.7099266666728486,0.09373051673173904,-0.6161961499411096,0.6161961499411096
RA3,selected non-SOZ,3,0,0.61328125,0.5513899846831833,0.6423467397689819,0.09095675508579859,0.09095675508579859
RA3,selected non-SOZ,3,0,0.6171875,0.45157868913406085,1.1774237155914307,0.7258450264573698,0.7258450264573698
RA3,selected non-SOZ,3,0,0.62109375,0.4323236468443727,1.7720845937728882,1.3397609469285154,1.3397609469285154
RA3,selected non-SOZ,3,0,0.625,0.3635735958620309,2.2786123752593994,1.9150387793973684,1.9150387793973684
RA3,selected non-SOZ,3,0,0.62890625,0.18169642188110707,2.551798105239868,2.370101683358761,2.370101683358761
RA3,selected non-SOZ,3,0,0.6328125,-0.05489041430851176,2.604933977127075,2.659824391435587,2.659824391435587
RA3,selected non-SOZ,3,0,0.63671875,-0.2776404439978418,2.6152472496032715,2.8928876936011134,2.8928876936011134
RA3,selected non-SOZ,3,0,0.640625,-0.4620762308143369,2.336427688598633,2.79850391941297,2.79850391941297
RA3,selected non-SOZ,3,0,0.64453125,-0.610902083305723,2.0113112926483154,2.6222133759540385,2.6222133759540385
RA3,selected non-SOZ,3,0,0.6484375,-0.7114400530720548,1.5836390256881714,2.295079078760226,2.295079078760226
RA3,selected non-SOZ,3,0,0.65234375,-0.729832874026481,1.2168781757354736,1.9467110497619546,1.9467110497619546
RA3,selected non-SOZ,3,0,0.65625,-0.675357635621667,0.9514802098274231,1.62683784544909,1.62683784544909
RA3,selected non-SOZ,3,0,0.66015625,-0.5909272890388213,0.715885579586029,1.3068128686248504,1.3068128686248504
RA3,selected non-SOZ,3,0,0.6640625,-0.5040120729406673,0.5860145092010498,1.090026582141717,1.090026582141717
RA3,selected non-SOZ,3,0,0.66796875,-0.4110754202795465,0.5892208814620972,1.0002963017416437,1.0002963017416437
RA3,selected non-SOZ,3,0,0.671875,-0.34927776664841265,0.4822535514831543,0.8315313181315669,0.8315313181315669
RA3,selected non-SOZ,3,0,0.67578125,-0.3577311900327681,0.34949991106987,0.7072311011026381,0.7072311011026381
RA3,selected non-SOZ,3,0,0.6796875,-0.3949477279661508,0.21275418996810913,0.60770191793426,0.60770191793426
RA3,selected non-SOZ,3,0,0.68359375,-0.38412775707571356,0.09937108308076859,0.48349884015648215,0.48349884015648215
RA3,selected non-SOZ,3,0,0.6875,-0.2855137675723361,0.0668775886297226,0.3523913562020587,0.3523913562020587
RA3,selected non-SOZ,3,0,0.69140625,-0.13310914383362876,-0.05585086718201637,0.07725827665161239,0.07725827665161239
RA3,selected non-SOZ,3,0,0.6953125,-0.019211675131353828,-0.18032462894916534,-0.16111295381781152,0.16111295381781152
RA3,selected non-SOZ,3,0,0.69921875,0.01793325249757861,-0.20010440051555634,-0.21803765301313494,0.21803765301313494
RA3,selected non-SOZ,3,0,0.703125,0.008876768779965856,-0.20032228529453278,-0.20919905407449862,0.20919905407449862
RA3,selected non-SOZ,3,0,0.70703125,-0.030899225050072834,-0.19589398801326752,-0.16499476296319468,0.16499476296319468
RA3,selected non-SOZ,3,0,0.7109375,-0.09598178340096414,-0.27633050084114075,-0.1803487174401766,0.1803487174401766
RA3,selected non-SOZ,3,0,0.71484375,-0.16488449258103763,-0.305488646030426,-0.1406041534493884,0.1406041534493884
RA3,selected non-SOZ,3,0,0.71875,-0.21744712680723122,-0.3438824713230133,-0.1264353445157821,0.1264353445157821
RA3,selected non-SOZ,3,0,0.72265625,-0.26791915064840666,-0.44390740990638733,-0.17598825925798067,0.17598825925798067
RA3,selected non-SOZ,3,0,0.7265625,-0.30387396277546536,-0.47789767384529114,-0.17402371106982578,0.17402371106982578
RA3,selected non-SOZ,3,0,0.73046875,-0.270482928333587,-0.5598545670509338,-0.28937163871734684,0.28937163871734684
RA3,selected non-SOZ,3,0,0.734375,-0.17195529243263483,-0.5626274943351746,-0.3906722019025397,0.3906722019025397
RA3,selected non-SOZ,3,0,0.73828125,-0.11004843912405148,-0.7162808775901794,-0.606232438466128,0.606232438466128
RA3,selected non-SOZ,3,0,0.7421875,-0.13304441552359267,-0.9209386706352234,-0.7878942551116307,0.7878942551116307
RA3,selected non-SOZ,3,0,0.74609375,-0.11595677218817585,-1.1953662633895874,-1.0794094912014116,1.0794094912014116
RA3,selected non-SOZ,3,0,0.75,0.05788230610052976,-1.3210371732711792,-1.378919479371709,1.378919479371709
RA3,selected non-SOZ,3,0,0.75390625,0.35705306042930623,-1.3079725503921509,-1.6650256108214572,1.6650256108214572
RA3,selected non-SOZ,3,0,0.7578125,0.6817928588645037,-1.195783257484436,-1.8775761163489397,1.8775761163489397
RA3,selected non-SOZ,3,0,0.76171875,0.9395484751063065,-0.8463705778121948,-1.7859190529185014,1.7859190529185014
RA3,selected non-SOZ,3,0,0.765625,1.0735401819302903,-0.3190854787826538,-1.3926256607129441,1.3926256607129441
RA3,selected non-SOZ,3,0,0.76953125,1.0979742939344923,0.15943703055381775,-0.9385372633806746,0.9385372633806746
RA3,selected non-SOZ,3,0,0.7734375,1.0810960483589414,0.5456289649009705,-0.5354670834579709,0.5354670834579709
RA3,selected non-SOZ,3,0,0.77734375,1.0617509096277604,0.5857545733451843,-0.4759963362825761,0.4759963362825761
RA3,selected non-SOZ,3,0,0.78125,1.011292931494483,0.27326834201812744,-0.7380245894763555,0.7380245894763555
RA3,selected non-SOZ,3,0,0.78515625,0.8851547474189595,-0.28338196873664856,-1.1685367161556082,1.1685367161556082
RA3,selected non-SOZ,3,0,0.7890625,0.6869019549282095,-0.742296576499939,-1.4291985314281486,1.4291985314281486
RA3,selected non-SOZ,3,0,0.79296875,0.4581223523608792,-1.0738496780395508,-1.53197203040043,1.53197203040043
RA3,selected non-SOZ,3,0,0.796875,0.21814113005498392,-1.2624887228012085,-1.4806298528561923,1.4806298528561923
RA3,selected non-SOZ,3,0,0.80078125,-0.020502285526806628,-1.2790145874023438,-1.258512301875537,1.258512301875537
RA3,selected non-SOZ,3,0,0.8046875,-0.24263781549559987,-1.2302486896514893,-0.9876108741558893,0.9876108741558893
RA3,selected non-SOZ,3,0,0.80859375,-0.4354289874602341,-1.229535460472107,-0.7941064730118728,0.7941064730118728
RA3,selected non-SOZ,3,0,0.8125,-0.5535837897114113,-1.3403940200805664,-0.7868102303691551,0.7868102303691551
RA3,selected non-SOZ,3,0,0.81640625,-0.5198922280982525,-1.455322027206421,-0.9354297991081684,0.9354297991081684
RA3,selected non-SOZ,3,0,0.8203125,-0.3872419601620919,-1.4505008459091187,-1.0632588857470266,1.0632588857470266
RA3,selected non-SOZ,3,0,0.82421875,-0.3150158178256965,-1.4154767990112305,-1.100460981185534,1.100460981185534
RA3,selected non-SOZ,3,0,0.828125,-0.34902303894873077,-1.2986822128295898,-0.9496591738808591,0.9496591738808591
RA3,selected non-SOZ,3,0,0.83203125,-0.38465081548158025,-1.129272222518921,-0.7446214070373407,0.7446214070373407
RA3,selected non-SOZ,3,0,0.8359375,-0.3034429862597723,-0.9454472661018372,-0.6420042798420649,0.6420042798420649
RA3,selected non-SOZ,3,0,0.83984375,-0.10567142360065217,-0.7982882857322693,-0.6926168621316171,0.6926168621316171
RA3,selected non-SOZ,3,0,0.84375,0.10850156169354891,-0.8185848593711853,-0.9270864210647343,0.9270864210647343
RA3,selected non-SOZ,3,0,0.84765625,0.2700177515163454,-0.9532322287559509,-1.2232499802722963,1.2232499802722963
RA3,selected non-SOZ,3,0,0.8515625,0.3865988442144216,-1.0279072523117065,-1.4145060965261282,1.4145060965261282
RA3,selected non-SOZ,3,0,0.85546875,0.4554807933821053,-1.0393314361572266,-1.4948122295393318,1.4948122295393318
RA3,selected non-SOZ,3,0,0.859375,0.44266541973697654,-0.7623099684715271,-1.2049753882085037,1.2049753882085037
RA3,selected non-SOZ,3,0,0.86328125,0.3594823910423246,-0.408673495054245,-0.7681558860965696,0.7681558860965696
RA3,selected non-SOZ,3,0,0.8671875,0.25014641522395104,-0.03113240748643875,-0.2812788227103898,0.2812788227103898
RA3,selected non-SOZ,3,0,0.87109375,0.15538153995314805,0.40183594822883606,0.24645440827568801,0.24645440827568801
RA3,selected non-SOZ,3,0,0.875,0.1001633412858639,0.6017096638679504,0.5015463225820865,0.5015463225820865
RA3,selected non-SOZ,3,0,0.87890625,0.08225250812151674,0.66804438829422,0.5857918801727032,0.5857918801727032
RA3,selected non-SOZ,3,0,0.8828125,0.04034611905315204,0.7609569430351257,0.7206108239819737,0.7206108239819737
RA3,selected non-SOZ,3,0,0.88671875,-0.07868380324211609,0.7160581946372986,0.7947419978794147,0.7947419978794147
RA3,selected non-SOZ,3,0,0.890625,-0.20876977700813543,0.6066498160362244,0.8154195930443597,0.8154195930443597
RA3,selected non-SOZ,3,0,0.89453125,-0.2440921566543587,0.6215168833732605,0.8656090400276192,0.8656090400276192
RA3,selected non-SOZ,3,0,0.8984375,-0.17501582132865995,0.6141747832298279,0.7891906045584878,0.7891906045584878
RA3,selected non-SOZ,3,0,0.90234375,-0.04888032364569285,0.6199371814727783,0.6688175051184712,0.6688175051184712
RA3,selected non-SOZ,3,0,0.90625,0.15749773311272347,0.6180517673492432,0.4605540342365197,0.4605540342365197
RA3,selected non-SOZ,3,0,0.91015625,0.47734541282857235,0.5362469553947449,0.05890154256617253,0.05890154256617253
RA3,selected non-SOZ,3,0,0.9140625,0.8115837855659057,0.42736247181892395,-0.38422131374698176,0.38422131374698176
RA3,selected non-SOZ,3,0,0.91796875,1.021945024649834,0.33559608459472656,-0.6863489400551075,0.6863489400551075
RA3,selected non-SOZ,3,0,0.921875,1.069431483697882,0.17342182993888855,-0.8960096537589934,0.8960096537589934
RA3,selected non-SOZ,3,0,0.92578125,0.986322319060237,0.0682712271809578,-0.9180510918792792,0.9180510918792792
RA3,selected non-SOZ,3,0,0.9296875,0.8355323212156898,0.1280132234096527,-0.7075190978060371,0.7075190978060371
RA3,selected non-SOZ,3,0,0.93359375,0.6601559220870382,0.47563636302948,-0.18451955905755824,0.18451955905755824
RA3,selected non-SOZ,3,0,0.9375,0.45525241312302667,0.9612472057342529,0.5059947926112263,0.5059947926112263
RA3,selected non-SOZ,3,0,0.94140625,0.22045525098373495,1.393581509590149,1.173126258606414,1.173126258606414
RA3,selected non-SOZ,3,0,0.9453125,-0.0020530796744320404,1.7713803052902222,1.7734333849646542,1.7734333849646542
RA3,selected non-SOZ,3,0,0.94921875,-0.1289596231665179,2.0171802043914795,2.1461398275579975,2.1461398275579975
RA3,selected non-SOZ,3,0,0.953125,-0.10258435945131071,2.3348240852355957,2.4374084446869064,2.4374084446869064
RA3,selected non-SOZ,3,0,0.95703125,0.061353393587299764,2.490473747253418,2.4291203536661183,2.4291203536661183
RA3,selected non-SOZ,3,0,0.9609375,0.32228643201621554,2.511131763458252,2.188845331442036,2.188845331442036
RA3,selected non-SOZ,3,0,0.96484375,0.5430988046525226,2.325140953063965,1.7820421484114424,1.7820421484114424
RA3,selected non-SOZ,3,0,0.96875,0.5772047884322378,1.986250638961792,1.4090458505295542,1.4090458505295542
RA3,selected non-SOZ,3,0,0.97265625,0.4614181435103971,1.4378024339675903,0.9763842904571932,0.9763842904571932
RA3,selected non-SOZ,3,0,0.9765625,0.31041487091497866,0.9395373463630676,0.629122475448089,0.629122475448089
RA3,selected non-SOZ,3,0,0.98046875,0.14859959605423415,0.5876723527908325,0.4390727567365984,0.4390727567365984
RA3,selected non-SOZ,3,0,0.984375,-0.038510409030316314,0.29402804374694824,0.33253845277726457,0.33253845277726457
RA3,selected non-SOZ,3,0,0.98828125,-0.23144060935579175,0.10222861170768738,0.3336692210634791,0.3336692210634791
RA3,selected non-SOZ,3,0,0.9921875,-0.3917260423471281,0.14123935997486115,0.5329654023219892,0.5329654023219892
RA3,selected non-SOZ,3,0,0.99609375,-0.4825767933562509,0.36936941742897034,0.8519462107852213,0.8519462107852213
RAFa4,unselected,3,0,0.0,0.7556993886529852,0.6090672612190247,-0.1466321274339606,0.1466321274339606
RAFa4,unselected,3,0,0.00390625,0.8886320720830927,0.7087892293930054,-0.17984284269008732,0.17984284269008732
RAFa4,unselected,3,0,0.0078125,0.8223311613938342,0.7017940878868103,-0.12053707350702392,0.12053707350702392
RAFa4,unselected,3,0,0.01171875,0.6358423397043731,0.6998518109321594,0.06400947122778633,0.06400947122778633
RAFa4,unselected,3,0,0.015625,0.46915091889863186,0.6296202540397644,0.16046933514113254,0.16046933514113254
RAFa4,unselected,3,0,0.01953125,0.34666714633529183,0.33287179470062256,-0.013795351634669273,0.013795351634669273
RAFa4,unselected,3,0,0.0234375,0.23474415037280408,0.008954713121056557,-0.22578943725174752,0.22578943725174752
RAFa4,unselected,3,0,0.02734375,0.1367124405971489,-0.2097151130437851,-0.346427553640934,0.346427553640934
RAFa4,unselected,3,0,0.03125,0.08409720669944731,-0.35496771335601807,-0.4390649200554654,0.4390649200554654
RAFa4,unselected,3,0,0.03515625,0.11226353751037171,-0.32927605509757996,-0.44153959260795167,0.44153959260795167
RAFa4,unselected,3,0,0.0390625,0.18951349835352335,-0.17111536860466003,-0.3606288669581834,0.3606288669581834
RAFa4,unselected,3,0,0.04296875,0.1942938529835673,0.01175426784902811,-0.1825395851345392,0.1825395851345392
RAFa4,unselected,3,0,0.046875,0.02743535969181008,0.22701255977153778,0.1995772000797277,0.1995772000797277
RAFa4,unselected,3,0,0.05078125,-0.27174147083769823,0.3803068995475769,0.6520483703852751,0.6520483703852751
RAFa4,unselected,3,0,0.0546875,-0.5495278875430036,0.4713994860649109,1.0209273736079145,1.0209273736079145
RAFa4,unselected,3,0,0.05859375,-0.6718352449392316,0.45881086587905884,1.1306461108182906,1.1306461108182906
RAFa4,unselected,3,0,0.0625,-0.6169606576660388,0.4128921627998352,1.029852820465874,1.029852820465874
RAFa4,unselected,3,0,0.06640625,-0.48396319596662646,0.4470849931240082,0.9310481890906346,0.9310481890906346
RAFa4,unselected,3,0,0.0703125,-0.40010286798138484,0.4076501131057739,0.8077529810871588,0.8077529810871588
RAFa4,unselected,3,0,0.07421875,-0.39795793274461133,0.4877733588218689,0.8857312915664802,0.8857312915664802
RAFa4,unselected,3,0,0.078125,-0.41717419510038883,0.6869716644287109,1.1041458595290998,1.1041458595290998
RAFa4,unselected,3,0,0.08203125,-0.39793508432244895,0.9430232644081116,1.3409583487305605,1.3409583487305605
RAFa4,unselected,3,0,0.0859375,-0.330642784468178,1.254249930381775,1.584892714849953,1.584892714849953
RAFa4,unselected,3,0,0.08984375,-0.23473185009923642,1.5679274797439575,1.8026593298431939,1.8026593298431939
RAFa4,unselected,3,0,0.09375,-0.1448603891685552,1.7139675617218018,1.858827950890357,1.858827950890357
RAFa4,unselected,3,0,0.09765625,-0.10975421098301032,1.774594783782959,1.8843489947659693,1.8843489947659693
RAFa4,unselected,3,0,0.1015625,-0.14600028427622785,1.6372523307800293,1.783252615056257,1.783252615056257
RAFa4,unselected,3,0,0.10546875,-0.22736916609228705,1.3217121362686157,1.5490813023609027,1.5490813023609027
RAFa4,unselected,3,0,0.109375,-0.3020343067636673,0.778342068195343,1.0803763749590103,1.0803763749590103
RAFa4,unselected,3,0,0.11328125,-0.24850733632829144,0.38918668031692505,0.6376940166452165,0.6376940166452165
RAFa4,unselected,3,0,0.1171875,0.09635333446447014,0.06556030362844467,-0.03079303083602547,0.03079303083602547
RAFa4,unselected,3,0,0.12109375,0.729229227535993,0.00848982110619545,-0.7207394064297975,0.7207394064297975
RAFa4,unselected,3,0,0.125,1.263439912803362,-0.12098708748817444,-1.3844270002915364,1.3844270002915364
RAFa4,unselected,3,0,0.12890625,1.1689096885185126,-0.15822845697402954,-1.3271381454925422,1.3271381454925422
RAFa4,unselected,3,0,0.1328125,0.40724176363475084,-0.35132530331611633,-0.7585670669508672,0.7585670669508672
RAFa4,unselected,3,0,0.13671875,-0.4811950515324435,-0.5662333965301514,-0.08503834499770785,0.08503834499770785
RAFa4,unselected,3,0,0.140625,-0.9628335241222687,-0.7350730299949646,0.22776049412730415,0.22776049412730415
RAFa4,unselected,3,0,0.14453125,-0.9260165835294075,-0.9677731990814209,-0.041756615552013376,0.041756615552013376
RAFa4,unselected,3,0,0.1484375,-0.5961661995187423,-1.0145068168640137,-0.4183406173452714,0.4183406173452714
RAFa4,unselected,3,0,0.15234375,-0.2106097428194275,-0.8526757955551147,-0.6420660527356873,0.6420660527356873
RAFa4,unselected,3,0,0.15625,0.14391105779457242,-0.5401272773742676,-0.6840383351688399,0.6840383351688399
RAFa4,unselected,3,0,0.16015625,0.41971246061545053,-0.32300034165382385,-0.7427128022692744,0.7427128022692744
RAFa4,unselected,3,0,0.1640625,0.5372370694021167,-0.15013213455677032,-0.687369203958887,0.687369203958887
RAFa4,unselected,3,0,0.16796875,0.49620014141427904,-0.0675559714436531,-0.5637561128579321,0.5637561128579321
RAFa4,unselected,3,0,0.171875,0.40632244029434006,-0.048283595591783524,-0.4546060358861236,0.4546060358861236
RAFa4,unselected,3,0,0.17578125,0.37362265159393393,-0.018768221139907837,-0.39239087273384177,0.39239087273384177
RAFa4,unselected,3,0,0.1796875,0.44711120414069433,0.02363419346511364,-0.4234770106755807,0.4234770106755807
RAFa4,unselected,3,0,0.18359375,0.5884386936001471,0.005473127588629723,-0.5829655660115174,0.5829655660115174
RAFa4,unselected,3,0,0.1875,0.6564983695066117,-0.08540137857198715,-0.7418997480785988,0.7418997480785988
RAFa4,unselected,3,0,0.19140625,0.49766729880287014,-0.3206486403942108,-0.8183159391970809,0.8183159391970809
RAFa4,unselected,3,0,0.1953125,0.11899111283348504,-0.7679570913314819,-0.886948204164967,0.886948204164967
RAFa4,unselected,3,0,0.19921875,-0.2794607873816353,-1.203864574432373,-0.9244037870507378,0.9244037870507378
RAFa4,unselected,3,0,0.203125,-0.5093446596923246,-1.601909875869751,-1.0925652161774264,1.0925652161774264
RAFa4,unselected,3,0,0.20703125,-0.5531206170987392,-1.7475571632385254,-1.1944365461397863,1.1944365461397863
RAFa4,unselected,3,0,0.2109375,-0.5064595623175816,-1.5748943090438843,-1.0684347467263027,1.0684347467263027
RAFa4,unselected,3,0,0.21484375,-0.4586247886666674,-1.212682843208313,-0.7540580545416455,0.7540580545416455
RAFa4,unselected,3,0,0.21875,-0.43906287791521903,-0.617985188961029,-0.17892231104581002,0.17892231104581002
RAFa4,unselected,3,0,0.22265625,-0.3990576846883846,-0.002584183821454644,0.39647350086692995,0.39647350086692995
RAFa4,unselected,3,0,0.2265625,-0.2495262210521772,0.3862449526786804,0.6357711737308576,0.6357711737308576
RAFa4,unselected,3,0,0.23046875,0.011903099561232441,0.5279536843299866,0.5160505847687541,0.5160505847687541
RAFa4,unselected,3,0,0.234375,0.25132525737716976,0.6118927597999573,0.3605675024227875,0.3605675024227875
RAFa4,unselected,3,0,0.23828125,0.29169602535860245,0.42449936270713806,0.1328033373485356,0.1328033373485356
RAFa4,unselected,3,0,0.2421875,0.11413242578539588,0.34138914942741394,0.22725672364201804,0.22725672364201804
RAFa4,unselected,3,0,0.24609375,-0.10191453535853746,0.2417713701725006,0.34368590553103806,0.34368590553103806
RAFa4,unselected,3,0,0.25,-0.19876075879893862,0.33328500390052795,0.5320457626994666,0.5320457626994666
RAFa4,unselected,3,0,0.25390625,-0.18343964194092274,0.5274161696434021,0.7108558115843249,0.7108558115843249
RAFa4,unselected,3,0,0.2578125,-0.15221415736207988,0.8175000548362732,0.9697142121983531,0.9697142121983531
RAFa4,unselected,3,0,0.26171875,-0.17294003503730804,1.0276485681533813,1.2005886031906894,1.2005886031906894
RAFa4,unselected,3,0,0.265625,-0.2520334921300838,1.0374966859817505,1.2895301781118342,1.2895301781118342
RAFa4,unselected,3,0,0.26953125,-0.3684475936679372,0.8463513255119324,1.2147989191798696,1.2147989191798696
RAFa4,unselected,3,0,0.2734375,-0.46103732152571575,0.6461762189865112,1.107213540512227,1.107213540512227
RAFa4,unselected,3,0,0.27734375,-0.445131052703507,0.4135802984237671,0.8587113511272741,0.8587113511272741
RAFa4,unselected,3,0,0.28125,-0.3066677837091789,0.1796371042728424,0.4863048879820213,0.4863048879820213
RAFa4,unselected,3,0,0.28515625,-0.12563738494398866,0.22237655520439148,0.34801394014838016,0.34801394014838016
RAFa4,unselected,3,0,0.2890625,0.04703495361717535,0.5333868265151978,0.4863518728980224,0.4863518728980224
RAFa4,unselected,3,0,0.29296875,0.27838139778951165,0.8500779867172241,0.5716965889277125,0.5716965889277125
RAFa4,unselected,3,0,0.296875,0.6770296307292764,1.1850286722183228,0.5079990414890464,0.5079990414890464
RAFa4,unselected,3,0,0.30078125,1.2247391215634904,1.372509241104126,0.14777011954063557,0.14777011954063557
RAFa4,unselected,3,0,0.3046875,1.5940745363395887,1.5017645359039307,-0.09231000043565807,0.09231000043565807
RAFa4,unselected,3,0,0.30859375,1.299073171347003,1.59612238407135,0.29704921272434714,0.29704921272434714
RAFa4,unselected,3,0,0.3125,0.33227908299433284,1.4490970373153687,1.1168179543210357,1.1168179543210357
RAFa4,unselected,3,0,0.31640625,-0.6619664868441345,1.1361342668533325,1.798100753697467,1.798100753697467
RAFa4,unselected,3,0,0.3203125,-1.0792953468253628,0.678715705871582,1.7580110526969448,1.7580110526969448
RAFa4,unselected,3,0,0.32421875,-0.9175328834076739,0.2593016028404236,1.1768344862480975,1.1768344862480975
RAFa4,unselected,3,0,0.328125,-0.5930218482444556,-0.09224063903093338,0.5007812092135222,0.5007812092135222
RAFa4,unselected,3,0,0.33203125,-0.4301529438225762,-0.29263049364089966,0.13752245018167653,0.13752245018167653
RAFa4,unselected,3,0,0.3359375,-0.4273312164938922,-0.26173102855682373,0.1656001879370685,0.1656001879370685
RAFa4,unselected,3,0,0.33984375,-0.4111462954969295,-0.09409194439649582,0.3170543511004337,0.3170543511004337
RAFa4,unselected,3,0,0.34375,-0.30040854823202295,0.10176197439432144,0.4021705226263444,0.4021705226263444
RAFa4,unselected,3,0,0.34765625,-0.17002362229813753,0.2663610577583313,0.4363846800564688,0.4363846800564688
RAFa4,unselected,3,0,0.3515625,-0.13556087011497392,0.38259267807006836,0.5181535481850423,0.5181535481850423
RAFa4,unselected,3,0,0.35546875,-0.24215507010296272,0.3221856951713562,0.5643407652743189,0.5643407652743189
RAFa4,unselected,3,0,0.359375,-0.4524402594326988,0.258432000875473,0.7108722603081719,0.7108722603081719
RAFa4,unselected,3,0,0.36328125,-0.6650703517001058,0.26989811658859253,0.9349684682886983,0.9349684682886983
RAFa4,unselected,3,0,0.3671875,-0.7734680543975392,0.28089645504951477,1.054364509447054,1.054364509447054
RAFa4,unselected,3,0,0.37109375,-0.758008157138654,0.300798624753952,1.058806781892606,1.058806781892606
RAFa4,unselected,3,0,0.375,-0.7016364877328978,0.2621183693408966,0.9637548570737944,0.9637548570737944
RAFa4,unselected,3,0,0.37890625,-0.7074533650829806,0.2192583680152893,0.9267117330982699,0.9267117330982699
RAFa4,unselected,3,0,0.3828125,-0.7885004150790128,0.14820028841495514,0.936700703493968,0.936700703493968
RAFa4,unselected,3,0,0.38671875,-0.857881321240227,0.06712409108877182,0.9250054123289988,0.9250054123289988
RAFa4,unselected,3,0,0.390625,-0.857818444072304,0.07827313989400864,0.9360915839663126,0.9360915839663126
RAFa4,unselected,3,0,0.39453125,-0.8292154584384517,0.0035206330940127373,0.8327360915324644,0.8327360915324644
RAFa4,unselected,3,0,0.3984375,-0.8345161515578026,0.0736171156167984,0.908133267174601,0.908133267174601
RAFa4,unselected,3,0,0.40234375,-0.8563340359489524,0.2410164326429367,1.0973504685918891,1.0973504685918891
RAFa4,unselected,3,0,0.40625,-0.7837968086158625,0.39704591035842896,1.1808427189742914,1.1808427189742914
RAFa4,unselected,3,0,0.41015625,-0.5488174741211008,0.5214939713478088,1.0703114454689096,1.0703114454689096
RAFa4,unselected,3,0,0.4140625,-0.298984236035684,0.4917336702346802,0.7907179062703642,0.7907179062703642
RAFa4,unselected,3,0,0.41796875,-0.2919356034153288,0.3992505371570587,0.6911861405723876,0.6911861405723876
RAFa4,unselected,3,0,0.421875,-0.5432574214854629,0.24228008091449738,0.7855375023999602,0.7855375023999602
RAFa4,unselected,3,0,0.42578125,-0.7497427316200127,0.1819441169500351,0.9316868485700478,0.9316868485700478
RAFa4,unselected,3,0,0.4296875,-0.5859568626316591,-0.045896172523498535,0.5400606901081606,0.5400606901081606
RAFa4,unselected,3,0,0.43359375,0.014549799042736249,-0.2843094766139984,-0.29885927565673465,0.29885927565673465
RAFa4,unselected,3,0,0.4375,0.7898452818044583,-0.4523063600063324,-1.2421516418107907,1.2421516418107907
RAFa4,unselected,3,0,0.44140625,1.3478913424960097,-0.6853829622268677,-2.0332743047228776,2.0332743047228776
RAFa4,unselected,3,0,0.4453125,1.5224182230578818,-0.8647432923316956,-2.387161515389577,2.387161515389577
RAFa4,unselected,3,0,0.44921875,1.4410112312002343,-0.8724225759506226,-2.313433807150857,2.313433807150857
RAFa4,unselected,3,0,0.453125,1.241739896697882,-0.8066864609718323,-2.0484263576697144,2.0484263576697144
RAFa4,unselected,3,0,0.45703125,0.8967190757164968,-0.5480337142944336,-1.4447527900109303,1.4447527900109303
RAFa4,unselected,3,0,0.4609375,0.3903939919560107,-0.2854149639606476,-0.6758089559166582,0.6758089559166582
RAFa4,unselected,3,0,0.46484375,-0.09501113456179619,-0.28568896651268005,-0.19067783195088386,0.19067783195088386
RAFa4,unselected,3,0,0.46875,-0.3613764118728594,-0.24052485823631287,0.12085155363654654,0.12085155363654654
RAFa4,unselected,3,0,0.47265625,-0.41917623088329925,-0.33328676223754883,0.08588946864575042,0.08588946864575042
RAFa4,unselected,3,0,0.4765625,-0.40814072462351203,-0.5957476496696472,-0.1876069250461352,0.1876069250461352
RAFa4,unselected,3,0,0.48046875,-0.43915001172855017,-1.0106761455535889,-0.5715261338250387,0.5715261338250387
RAFa4,unselected,3,0,0.484375,-0.529242009220912,-1.217421054840088,-0.6881790456191759,0.6881790456191759
RAFa4,unselected,3,0,0.48828125,-0.6189666012684562,-1.3739569187164307,-0.7549903174479745,0.7549903174479745
RAFa4,unselected,3,0,0.4921875,-0.6495206097981413,-1.3336466550827026,-0.6841260452845613,0.6841260452845613
RAFa4,unselected,3,0,0.49609375,-0.6225932690044144,-1.0029191970825195,-0.38032592807810517,0.38032592807810517
RAFa4,unselected,3,0,0.5,-0.5857158452231479,-0.5453430414199829,0.04037280380316499,0.04037280380316499
RAFa4,unselected,3,0,0.50390625,-0.5706638750329772,-0.07195200771093369,0.49871186732204353,0.49871186732204353
RAFa4,unselected,3,0,0.5078125,-0.5693744354180005,0.3229437470436096,0.8923181824616101,0.8923181824616101
RAFa4,unselected,3,0,0.51171875,-0.5457808871306956,0.5431789755821228,1.0889598627128185,1.0889598627128185
RAFa4,unselected,3,0,0.515625,-0.5008039969403002,0.6019918918609619,1.1027958888012621,1.1027958888012621
RAFa4,unselected,3,0,0.51953125,-0.4707668767529698,0.4482583701610565,0.9190252469140263,0.9190252469140263
RAFa4,unselected,3,0,0.5234375,-0.4415331127217622,0.23043817281723022,0.6719712855389924,0.6719712855389924
RAFa4,unselected,3,0,0.52734375,-0.36061150021134575,-0.08309139311313629,0.27752010709820946,0.27752010709820946
RAFa4,unselected,3,0,0.53125,-0.24159398115348174,-0.17194221913814545,0.0696517620153363,0.0696517620153363
RAFa4,unselected,3,0,0.53515625,-0.14723792767994653,-0.09319707751274109,0.054040850167205445,0.054040850167205445
RAFa4,unselected,3,0,0.5390625,-0.11738465983874494,0.02410968951880932,0.14149434935755426,0.14149434935755426
RAFa4,unselected,3,0,0.54296875,-0.15363037227475573,0.0649910569190979,0.21862142919385363,0.21862142919385363
RAFa4,unselected,3,0,0.546875,-0.22295141134523472,0.10154935717582703,0.32450076852106174,0.32450076852106174
RAFa4,unselected,3,0,0.55078125,-0.29149232994314594,0.18776102364063263,0.4792533535837786,0.4792533535837786
RAFa4,unselected,3,0,0.5546875,-0.32659755757799996,0.178280770778656,0.504878328356656,0.504878328356656
RAFa4,unselected,3,0,0.55859375,-0.25062331497457413,0.15149959921836853,0.40212291419294266,0.40212291419294266
RAFa4,unselected,3,0,0.5625,0.09127654884119452,0.2799489498138428,0.18867240097264826,0.18867240097264826
RAFa4,unselected,3,0,0.56640625,0.7918684761416362,0.49375635385513306,-0.2981121222865032,0.2981121222865032
RAFa4,unselected,3,0,0.5703125,1.6332387738496388,0.6890653371810913,-0.9441734366685475,0.9441734366685475
RAFa4,unselected,3,0,0.57421875,2.1470442338748383,0.8744262456893921,-1.2726179881854462,1.2726179881854462
RAFa4,unselected,3,0,0.578125,2.060033921722327,1.146345853805542,-0.9136880679167851,0.9136880679167851
RAFa4,unselected,3,0,0.58203125,1.621827377599978,1.2892640829086304,-0.3325632946913477,0.3325632946913477
RAFa4,unselected,3,0,0.5859375,1.3206011025718514,1.3078347444534302,-0.012766358118421195,0.012766358118421195
RAFa4,unselected,3,0,0.58984375,1.307935965166494,1.0794364213943481,-0.22849954377214576,0.22849954377214576
RAFa4,unselected,3,0,0.59375,1.3171332120068522,0.7662966847419739,-0.5508365272648783,0.5508365272648783
RAFa4,unselected,3,0,0.59765625,1.1154781780164085,0.32131171226501465,-0.7941664657513938,0.7941664657513938
RAFa4,unselected,3,0,0.6015625,0.7687608704908607,-0.15172609686851501,-0.9204869673593757,0.9204869673593757
RAFa4,unselected,3,0,0.60546875,0.4708959539391918,-0.674291729927063,-1.1451876838662547,1.1451876838662547
RAFa4,unselected,3,0,0.609375,0.33034450110489416,-0.9907299280166626,-1.3210744291215568,1.3210744291215568
RAFa4,unselected,3,0,0.61328125,0.3155311543437168,-1.2989033460617065,-1.6144345004054235,1.6144345004054235
RAFa4,unselected,3,0,0.6171875,0.32914458928276646,-1.381619930267334,-1.7107645195501004,1.7107645195501004
RAFa4,unselected,3,0,0.62109375,0.3202441254914513,-1.3023161888122559,-1.622560314303707,1.622560314303707
RAFa4,unselected,3,0,0.625,0.30779810762313353,-1.2629029750823975,-1.570701082705531,1.570701082705531
RAFa4,unselected,3,0,0.62890625,0.3428884256943731,-1.5017552375793457,-1.8446436632737189,1.8446436632737189
RAFa4,unselected,3,0,0.6328125,0.4766982913842622,-1.8015671968460083,-2.2782654882302706,2.2782654882302706
RAFa4,unselected,3,0,0.63671875,0.6931894149413023,-2.1345367431640625,-2.8277261581053645,2.8277261581053645
RAFa4,unselected,3,0,0.640625,0.8292924313645808,-2.3292458057403564,-3.158538237104937,3.158538237104937
RAFa4,unselected,3,0,0.64453125,0.6899407143245051,-2.2150962352752686,-2.905036949599774,2.905036949599774
RAFa4,unselected,3,0,0.6484375,0.3082555337389363,-1.9656816720962524,-2.273937205835189,2.273937205835189
RAFa4,unselected,3,0,0.65234375,-0.0771877634211867,-1.612867832183838,-1.5356800687626513,1.5356800687626513
RAFa4,unselected,3,0,0.65625,-0.3022599041276375,-1.3120514154434204,-1.009791511315783,1.009791511315783
RAFa4,unselected,3,0,0.66015625,-0.40620536821128816,-1.0054289102554321,-0.599223542044144,0.599223542044144
RAFa4,unselected,3,0,0.6640625,-0.5191574409134029,-0.755043625831604,-0.23588618491820112,0.23588618491820112
RAFa4,unselected,3,0,0.66796875,-0.7068336060325233,-0.5356422066688538,0.17119139936366956,0.17119139936366956
RAFa4,unselected,3,0,0.671875,-0.8817790809541963,-0.33283472061157227,0.5489443603426241,0.5489443603426241
RAFa4,unselected,3,0,0.67578125,-0.917397834798406,-0.18659333884716034,0.7308044959512456,0.7308044959512456
RAFa4,unselected,3,0,0.6796875,-0.8029574461534327,-0.051861152052879333,0.7510962941005533,0.7510962941005533
RAFa4,unselected,3,0,0.68359375,-0.6073577721197405,-0.0389966145157814,0.5683611576039591,0.5683611576039591
RAFa4,unselected,3,0,0.6875,-0.40811252495301575,-0.18103277683258057,0.2270797481204352,0.2270797481204352
RAFa4,unselected,3,0,0.69140625,-0.24424906286382103,-0.22712549567222595,0.01712356719159508,0.01712356719159508
RAFa4,unselected,3,0,0.6953125,-0.09688599018282427,-0.28224584460258484,-0.18535985441976055,0.18535985441976055
RAFa4,unselected,3,0,0.69921875,0.03939629746033656,-0.18419837951660156,-0.22359467697693813,0.22359467697693813
RAFa4,unselected,3,0,0.703125,0.1464542473666411,0.03346220403909683,-0.11299204332754426,0.11299204332754426
RAFa4,unselected,3,0,0.70703125,0.22058974647389717,0.28397202491760254,0.06338227844370536,0.06338227844370536
RAFa4,unselected,3,0,0.7109375,0.28143859764767665,0.5902001857757568,0.3087615881280802,0.3087615881280802
RAFa4,unselected,3,0,0.71484375,0.36664244102053195,0.7376661896705627,0.3710237486500308,0.3710237486500308
RAFa4,unselected,3,0,0.71875,0.5158012007719595,0.8368008732795715,0.3209996725076121,0.3209996725076121
RAFa4,unselected,3,0,0.72265625,0.7703099864723548,0.790349006652832,0.020039020180477207,0.020039020180477207
RAFa4,unselected,3,0,0.7265625,1.055814998007184,0.8471253514289856,-0.20868964657819844,0.20868964657819844
RAFa4,unselected,3,0,0.73046875,1.1253346845692673,1.037796139717102,-0.08753854485216528,0.08753854485216528
RAFa4,unselected,3,0,0.734375,0.8481355849713952,1.4069581031799316,0.5588225182085365,0.5588225182085365
RAFa4,unselected,3,0,0.73828125,0.46674194180327905,1.6509757041931152,1.1842337623898362,1.1842337623898362
RAFa4,unselected,3,0,0.7421875,0.3341495907260897,1.792567491531372,1.4584179008052824,1.4584179008052824
RAFa4,unselected,3,0,0.74609375,0.5156357697461642,1.6516488790512085,1.1360131093050443,1.1360131093050443
RAFa4,unselected,3,0,0.75,0.8005773511603663,1.550551176071167,0.7499738249108007,0.7499738249108007
RAFa4,unselected,3,0,0.75390625,0.9708550589004936,1.3035868406295776,0.332731781729084,0.332731781729084
RAFa4,unselected,3,0,0.7578125,0.9510359361732079,0.9080789685249329,-0.04295696764827506,0.04295696764827506
RAFa4,unselected,3,0,0.76171875,0.7650557647201139,0.7867476344108582,0.021691869690744214,0.021691869690744214
RAFa4,unselected,3,0,0.765625,0.4379905294393241,0.9906601905822754,0.5526696611429514,0.5526696611429514
RAFa4,unselected,3,0,0.76953125,0.012119382848641199,1.2192355394363403,1.207116156587699,1.207116156587699
RAFa4,unselected,3,0,0.7734375,-0.3955594469124394,1.029346227645874,1.4249056745583135,1.4249056745583135
RAFa4,unselected,3,0,0.77734375,-0.6520556932851517,0.6579223275184631,1.309978020803615,1.309978020803615
RAFa4,unselected,3,0,0.78125,-0.7088129342155959,0.07654943317174911,0.785362367387345,0.785362367387345
RAFa4,unselected,3,0,0.78515625,-0.6221653099600291,-0.34245872497558594,0.2797065849844431,0.2797065849844431
RAFa4,unselected,3,0,0.7890625,-0.512225954864304,-0.6246360540390015,-0.11241009917469746,0.11241009917469746
RAFa4,unselected,3,0,0.79296875,-0.4776821330291613,-0.4954456090927124,-0.01776347606355111,0.01776347606355111
RAFa4,unselected,3,0,0.796875,-0.5155919604774728,-0.07949645072221756,0.43609550975525524,0.43609550975525524
RAFa4,unselected,3,0,0.80078125,-0.5322257526340203,0.3467368185520172,0.8789625711860375,0.8789625711860375
RAFa4,unselected,3,0,0.8046875,-0.4588547163171182,0.6866595149040222,1.1455142312211404,1.1455142312211404
RAFa4,unselected,3,0,0.80859375,-0.34620062365380555,0.9258107542991638,1.2720113779529694,1.2720113779529694
RAFa4,unselected,3,0,0.8125,-0.2803064958518742,0.9070536494255066,1.1873601452773808,1.1873601452773808
RAFa4,unselected,3,0,0.81640625,-0.28117565123915494,0.7790324091911316,1.0602080604302866,1.0602080604302866
RAFa4,unselected,3,0,0.8203125,-0.25271225573453826,0.5286681056022644,0.7813803613368027,0.7813803613368027
RAFa4,unselected,3,0,0.82421875,-0.027747852907783154,0.21859849989414215,0.2463463528019253,0.2463463528019253
RAFa4,unselected,3,0,0.828125,0.42766930921536556,-0.010778302326798439,-0.438447611542164,0.438447611542164
RAFa4,unselected,3,0,0.83203125,0.8380093332558115,-0.13147994875907898,-0.9694892820148905,0.9694892820148905
RAFa4,unselected,3,0,0.8359375,0.7785155625030515,-0.08252748101949692,-0.8610430435225485,0.8610430435225485
RAFa4,unselected,3,0,0.83984375,0.21347147721403936,0.04301553592085838,-0.17045594129318098,0.17045594129318098
RAFa4,unselected,3,0,0.84375,-0.4398493353923927,0.2185210883617401,0.6583704237541328,0.6583704237541328
RAFa4,unselected,3,0,0.84765625,-0.8122075013655068,0.44538211822509766,1.2575896195906044,1.2575896195906044
RAFa4,unselected,3,0,0.8515625,-0.8222839723893529,0.5928048491477966,1.4150888215371495,1.4150888215371495
RAFa4,unselected,3,0,0.85546875,-0.5887457079475547,0.4400032162666321,1.0287489242141867,1.0287489242141867
RAFa4,unselected,3,0,0.859375,-0.2772672156345115,0.2529453635215759,0.5302125791560874,0.5302125791560874
RAFa4,unselected,3,0,0.86328125,0.007999774816814126,0.04742240905761719,0.03942263424080306,0.03942263424080306
RAFa4,unselected,3,0,0.8671875,0.22718600497934374,-0.11071665585041046,-0.3379026608297542,0.3379026608297542
RAFa4,unselected,3,0,0.87109375,0.3700863917903533,-0.13498848676681519,-0.5050748785571685,0.5050748785571685
RAFa4,unselected,3,0,0.875,0.4517182416947669,-0.2912326753139496,-0.7429509170087165,0.7429509170087165
RAFa4,unselected,3,0,0.87890625,0.4996201171833414,-0.5161473155021667,-1.0157674326855082,1.0157674326855082
RAFa4,unselected,3,0,0.8828125,0.5027241932727995,-0.7611479163169861,-1.2638721095897856,1.2638721095897856
RAFa4,unselected,3,0,0.88671875,0.3885531625291582,-1.103123426437378,-1.4916765889665362,1.4916765889665362
RAFa4,unselected,3,0,0.890625,0.1588146364602216,-1.357242465019226,-1.5160571014794477,1.5160571014794477
RAFa4,unselected,3,0,0.89453125,-0.031956763746792176,-1.3642972707748413,-1.3323405070280492,1.3323405070280492
RAFa4,unselected,3,0,0.8984375,-0.051645938273378114,-1.162367820739746,-1.110721882466368,1.110721882466368
RAFa4,unselected,3,0,0.90234375,0.03169263199756672,-0.644127368927002,-0.6758200009245687,0.6758200009245687
RAFa4,unselected,3,0,0.90625,0.06571846751629272,-0.1845177859067917,-0.2502362534230844,0.2502362534230844
RAFa4,unselected,3,0,0.91015625,0.030152867498563978,0.0821518525481224,0.051998985049558424,0.051998985049558424
RAFa4,unselected,3,0,0.9140625,0.009744678386531966,0.1838880181312561,0.17414333974472412,0.17414333974472412
RAFa4,unselected,3,0,0.91796875,0.03015040970893037,0.14006662368774414,0.10991621397881376,0.10991621397881376
RAFa4,unselected,3,0,0.921875,0.023926492030708207,-0.014105390757322311,-0.03803188278803052,0.03803188278803052
RAFa4,unselected,3,0,0.92578125,-0.05407129916605578,-0.08685632795095444,-0.032785028784898654,0.032785028784898654
RAFa4,unselected,3,0,0.9296875,-0.19816502755761203,-0.19703054428100586,0.001134483276606174,0.001134483276606174
RAFa4,unselected,3,0,0.93359375,-0.3670437007086617,-0.13516676425933838,0.23187693644932333,0.23187693644932333
RAFa4,unselected,3,0,0.9375,-0.4259928411211255,-0.12802810966968536,0.29796473145144015,0.29796473145144015
RAFa4,unselected,3,0,0.94140625,-0.21716678230747974,-0.22660547494888306,-0.009438692641403318,0.009438692641403318
RAFa4,unselected,3,0,0.9453125,0.14775714431501,-0.4057512879371643,-0.5535084322521743,0.5535084322521743
RAFa4,unselected,3,0,0.94921875,0.22273985693109888,-0.7597585916519165,-0.9824984485830154,0.9824984485830154
RAFa4,unselected,3,0,0.953125,-0.25172475678624234,-1.1930382251739502,-0.9413134683877078,0.9413134683877078
RAFa4,unselected,3,0,0.95703125,-0.9611464726738529,-1.2431600093841553,-0.2820135367103024,0.2820135367103024
RAFa4,unselected,3,0,0.9609375,-1.4223402193594652,-1.1194748878479004,0.3028653315115648,0.3028653315115648
RAFa4,unselected,3,0,0.96484375,-1.5101910999673684,-0.9537639617919922,0.5564271381753763,0.5564271381753763
RAFa4,unselected,3,0,0.96875,-1.4273641966110249,-0.7617717981338501,0.6655923984771748,0.6655923984771748
RAFa4,unselected,3,0,0.97265625,-1.3708030507675522,-0.6450892090797424,0.7257138416878097,0.7257138416878097
RAFa4,unselected,3,0,0.9765625,-1.3420578345858787,-0.5403072834014893,0.8017505511843894,0.8017505511843894
RAFa4,unselected,3,0,0.98046875,-1.2450301263746806,-0.3559570014476776,0.889073124927003,0.889073124927003
RAFa4,unselected,3,0,0.984375,-1.063472480024884,-0.10969376564025879,0.9537787143846252,0.9537787143846252
RAFa4,unselected,3,0,0.98828125,-0.8708382425021051,0.07818984985351562,0.9490280923556207,0.9490280923556207
RAFa4,unselected,3,0,0.9921875,-0.7046315673431344,0.26091334223747253,0.9655449095806069,0.9655449095806069
RAFa4,unselected,3,0,0.99609375,-0.5050817566939337,0.3404123783111572,0.845494135005091,0.845494135005091
