node,channel,x,y,degree_normalized,betweenness_normalized,eigenvector_normalized,weighted_centrality_score,score_percentile,selection_threshold,selected,soz,resection,clinical_union,category,status_description
0,LAF1,6.123233995736766e-17,1.0,0.21668044925906374,0.0,0.0001650437087744263,0.06502063914859656,0.22857142857142856,0.2882179706657096,False,False,False,False,not_selected,
1,LAF2,0.17364817766693041,0.984807753012208,0.3036255183632635,0.3529411764705882,0.0006439034512211093,0.3029167517364541,0.6857142857142857,0.2882179706657096,True,False,False,False,selected_nonclinical,
2,LAF3,0.3420201433256688,0.9396926207859083,0.2847838312285983,0.125,0.0001278971159314006,0.16044793908017263,0.42857142857142855,0.2882179706657096,False,False,False,False,not_selected,
3,LAF4,0.4999999999999999,0.8660254037844387,0.03640059006396295,0.0,1.9539197350197386e-05,0.010922130938923904,0.08571428571428572,0.2882179706657096,False,False,False,False,not_selected,
4,RA2,0.6427876096865394,0.766044443118978,0.3004664315453145,0.2426470588235294,3.24446811944302e-05,0.2357314092258314,0.5428571428571428,0.2882179706657096,False,False,False,False,not_selected,
5,RA3,0.766044443118978,0.6427876096865393,0.28058246165268497,0.551470588235294,0.00013932462545359473,0.41507102389952727,0.7714285714285715,0.2882179706657096,True,False,False,False,selected_nonclinical,
6,RAFa1,0.8660254037844386,0.5,0.25981637666897694,0.9705882352941176,0.13221303753718258,0.6735191579308818,0.8857142857142857,0.2882179706657096,True,False,False,False,selected_nonclinical,
7,RAFa2,0.9396926207859083,0.34202014332566877,0.6929640844268896,0.11029411764705882,0.037351146789628406,0.277800810595265,0.6,0.2882179706657096,False,False,False,False,not_selected,
8,RAFa3,0.984807753012208,0.17364817766693036,0.5902762032575201,0.0625,0.019534288670861245,0.21653628984434214,0.4857142857142857,0.2882179706657096,False,False,False,False,not_selected,
9,RAFa4,1.0,0.0,0.21560999165669034,0.0,0.010682103049789917,0.06575120780198608,0.2571428571428571,0.2882179706657096,False,False,False,False,not_selected,
10,RAFb1,0.984807753012208,-0.17364817766693036,0.6486684225754616,0.8860294117647058,0.038634283260603794,0.7300816021575224,0.9428571428571428,0.2882179706657096,True,False,False,False,selected_nonclinical,
11,RAFb2,0.9396926207859083,-0.34202014332566877,0.5785932331869763,0.1911764705882353,0.017676309908835598,0.29005148329991765,0.6571428571428571,0.2882179706657096,True,False,False,False,selected_nonclinical,
12,RAFb3,0.8660254037844387,-0.49999999999999983,0.3595608214206437,0.0,0.010389883743862289,0.10890723480057934,0.3142857142857143,0.2882179706657096,False,False,False,False,not_selected,
13,RAFb4,0.766044443118978,-0.6427876096865394,0.21974741381507693,0.0,0.005358467537023421,0.06646007089822542,0.2857142857142857,0.2882179706657096,False,False,False,False,not_selected,
14,RAFc1,0.6427876096865395,-0.7660444431189779,0.6584527197569278,0.0,0.8518161683600707,0.2827174327630854,0.6285714285714286,0.2882179706657096,False,False,False,False,not_selected,
15,RAFc2,0.4999999999999999,-0.8660254037844387,0.7987857519542299,0.0,0.9497345834207505,0.334609183928344,0.7142857142857143,0.2882179706657096,True,False,False,False,selected_nonclinical,
16,RAFc3,0.3420201433256688,-0.9396926207859083,1.0,0.9669117647058824,1.0,0.9801470588235294,1.0,0.2882179706657096,True,False,False,False,selected_nonclinical,
17,RAFc4,0.17364817766693064,-0.984807753012208,0.4935120151122436,0.0,0.6007652588164057,0.20813013041531364,0.45714285714285713,0.2882179706657096,False,False,False,False,not_selected,
18,RAFd1,6.123233995736766e-17,-1.0,0.714270258319782,0.3529411764705882,0.8289577763383613,0.5089415610121236,0.8285714285714286,0.2882179706657096,True,False,False,False,selected_nonclinical,
19,RAFd2,-0.17364817766693008,-0.9848077530122081,0.6185738877186291,0.0,0.8121203209005989,0.2667841984056486,0.5714285714285714,0.2882179706657096,False,False,False,False,not_selected,
20,RAFd3,-0.3420201433256687,-0.9396926207859084,0.05862811164864875,0.0,0.01800892508988418,0.019389326003583042,0.14285714285714285,0.2882179706657096,False,False,False,False,not_selected,
21,RAFd4,-0.4999999999999998,-0.8660254037844387,0.23527447568175872,0.2463235294117647,0.09683047846441835,0.22805950819802825,0.5142857142857142,0.2882179706657096,False,False,False,False,not_selected,
22,RH1,-0.6427876096865394,-0.766044443118978,0.03554723633425334,0.0,0.0,0.010664170900276002,0.05714285714285714,0.2882179706657096,False,False,False,False,not_selected,
23,RH2,-0.7660444431189779,-0.6427876096865395,0.15099223339683487,0.125,4.189624561323617e-06,0.12029808898150658,0.34285714285714286,0.2882179706657096,False,False,False,False,not_selected,
24,RH3,-0.8660254037844385,-0.5000000000000003,0.04635408589865612,0.0,3.4479925096721737e-06,0.013906570568847802,0.11428571428571428,0.2882179706657096,False,False,False,False,not_selected,
25,RH4,-0.9396926207859082,-0.3420201433256693,0.2657752962514423,0.125,2.401670784551287e-05,0.15473499054621723,0.4,0.2882179706657096,False,False,False,False,not_selected,
26,RPFa1,-0.984807753012208,-0.17364817766693028,0.6696644900187246,1.0,0.019003479538900196,0.8027996949595074,0.9714285714285714,0.2882179706657096,True,False,True,True,selected_clinical_match,resect
27,RPFa2,-1.0,-1.2246467991473532e-16,0.450732190081328,0.9044117647058824,0.007944938775293328,0.6786612097254571,0.9142857142857143,0.2882179706657096,True,False,True,True,selected_clinical_match,resect
28,RPFa3,-0.9848077530122081,0.17364817766693003,0.4145888497934473,0.5661764705882353,0.0050184519595577294,0.46458438248693107,0.8,0.2882179706657096,True,True,True,True,selected_clinical_match,"resect,soz"
29,RPFa4,-0.9396926207859085,0.3420201433256682,0.0260519623628474,0.0,0.0007261394777383927,0.00788820265662806,0.02857142857142857,0.2882179706657096,False,True,False,True,not_selected,soz
30,RPFb1,-0.8660254037844386,0.5000000000000001,0.3827455071492938,0.8382352941176471,0.0010816073642355,0.6178729893517998,0.8571428571428571,0.2882179706657096,True,False,True,True,selected_clinical_match,resect
31,RPFb2,-0.766044443118978,0.6427876096865393,0.21414731185775185,0.0,0.00026018138730881513,0.06427021169605643,0.2,0.2882179706657096,False,False,True,True,not_selected,resect
32,RPFb3,-0.6427876096865395,0.7660444431189779,0.16187356840191156,0.0,0.00019925418813394473,0.04858199593938686,0.17142857142857143,0.2882179706657096,False,True,True,True,not_selected,"resect,soz"
33,RPFc1,-0.5000000000000004,0.8660254037844385,0.857089878056536,0.0,0.9332635331369253,0.35045331673065333,0.7428571428571429,0.2882179706657096,True,False,True,True,selected_clinical_match,resect
34,RPFc2,-0.3420201433256694,0.9396926207859082,0.323651014455676,0.0,0.42971144711579723,0.14006644904828253,0.37142857142857144,0.2882179706657096,False,False,True,True,not_selected,resect
35,RPFc3,-0.17364817766693033,0.984807753012208,0.0,0.0,0.010835307000469528,0.0010835307000469528,0.0,0.2882179706657096,False,True,True,True,not_selected,"resect,soz"
