start_epoch,end_epoch,mid_epoch,n,median_train_total,median_train_law,median_weighted_adversarial,median_weighted_anchor,median_critic_estimate,median_weighted_gp,median_weighted_critic_drift,median_critic_mean_gradient_norm
1,250,125.5,250,39.39859011309595,39.032475855760474,0.40000790129370195,4.269712462498e-05,0.8061818589360245,0.039379554222254004,0.0006695873013062327,1.0330229359614869
251,500,375.5,250,37.36905150998271,36.897964507169306,0.4723069515403636,0.00024165974772136,0.9421478755392398,0.048301061439979,0.0006613812907390361,1.0408875834786129
501,750,625.5,250,35.71713044276309,35.21826368609946,0.48942533545958944,0.00055283082103999,0.9788588377923655,0.050053818688142,0.0005946695277342616,1.0427435136807293
751,1000,875.5,250,34.77890268215344,34.277859223099824,0.5019749595868557,0.00093648922412645,1.0028453722816932,0.0523816266003565,0.0005388689231401664,1.044643530759549
1001,1250,1125.5,250,33.831385800037715,33.32383282602916,0.5135144152716069,0.0013515216942464599,1.0253973597740522,0.05544230472242301,0.0004943952819248774,1.0459564718748726
1251,1500,1375.5,250,33.060312825637695,32.54376323730003,0.5174449239567114,0.0017517261964938601,1.034249583740713,0.0555563660067655,0.0004577752234608788,1.0455742536431478
1501,1750,1625.5,250,32.391002369898885,31.867671679580006,0.521934824783096,0.0021610686887887703,1.0422390772469559,0.0562946854758405,0.0004346363436021593,1.0465953581696352
1751,2000,1875.5,250,31.88092541525549,31.361766085124952,0.5244886226848116,0.0025380061622758106,1.0518056444937756,0.0569476272996785,0.00042403340341713724,1.045989200314373
2001,2250,2125.5,250,31.488548366858367,30.948780851474407,0.5281675222373963,0.0029513921609842404,1.0592141717540122,0.05729573939766049,0.00041856082778148757,1.0464443720699435
2251,2500,2375.5,250,30.964739993874435,30.434052483836282,0.5319903714631552,0.0033085681827312004,1.0667137082206288,0.058130030181173,0.00042085325876674295,1.0476950554674584
2501,2750,2625.5,250,30.513908182364577,29.976665797518024,0.5357688561751272,0.0036979108478670704,1.0698111629528546,0.0585621399015065,0.00042496219144027084,1.0465518433854377
2751,3000,2875.5,250,30.1607440816259,29.616886546210765,0.5379852305012477,0.004090007092435051,1.0784060808598463,0.0595098843698965,0.0004261490969682258,1.0472574478863796
3001,3250,3125.5,250,29.808859592671865,29.272559528241008,0.540916285097101,0.00447265981898243,1.0821650047791609,0.059139281429859,0.00042699667223237286,1.0471858843021233
3251,3500,3375.5,250,29.616365851604705,29.064479049156226,0.5425778199899272,0.00487366919733707,1.087904377847823,0.060648784870533504,0.00043163415511559416,1.047276812341999
3501,3750,3625.5,250,29.257395227992298,28.70436190122659,0.5464822205337728,0.0052619055614786005,1.0949337694436045,0.061590178057054,0.00043304355062350267,1.0483198261168158
3751,4000,3875.5,250,28.97550957753648,28.42305293040061,0.5490511485207938,0.0056294765166324204,1.096058834430779,0.0622556661653305,0.00043365389504847196,1.0477221604943814
4001,4250,4125.5,250,28.796925658902232,28.23445393035425,0.5490868460852844,0.006025860979951361,1.101735336727379,0.0613160638476295,0.00043638462160631997,1.048779284926168
4251,4500,4375.5,250,28.64077385349851,28.074672359875272,0.5530688857977322,0.0064023216946052005,1.1057199826682593,0.0636087490670415,0.00043849101099426024,1.047838869553624
4501,4750,4625.5,250,28.359642954610727,27.79802942683877,0.5554684866341432,0.0068190233426185295,1.1105444283369277,0.063708848374768,0.0004421293682166441,1.0479605261023501
4751,5000,4875.5,250,28.171059145421665,27.604789065694447,0.5562293431207896,0.0072065032080766605,1.1134140948795963,0.0657756389256635,0.0004445097586184381,1.0484651363137245
5001,5250,5125.5,250,28.026295080336183,27.456062504740732,0.5600003096381889,0.00758814866588258,1.121948377031402,0.066388433930063,0.0004452684736481194,1.0488259793537318
5251,5500,5375.5,250,27.759462453928617,27.196938998637577,0.5603707484032507,0.00798109091518677,1.1247143368780628,0.0666424634414245,0.0004486764550828484,1.0497484505451675
5501,5750,5625.5,250,27.67347588475201,27.100292669968425,0.5641325473228894,0.008394094148709081,1.1282390069787152,0.0679076896650525,0.0004495669656246655,1.0489677937602189
5751,6000,5875.5,250,27.449844401515012,26.87020536783028,0.5648502757082323,0.008753393055901611,1.1327433645964384,0.067709362734061,0.00045435569408859566,1.0491102856117336
6001,6250,6125.5,250,27.4033442301124,26.830459704107653,0.5682556200204661,0.00909974840390136,1.1373171047976873,0.0680401176783635,0.00045486388386627163,1.0494547902423625
6251,6500,6375.5,250,27.254819280403304,26.673587461624024,0.57106025522237,0.00948020020820128,1.1465992473045208,0.070030268912079,0.000461197017449462,1.0496813104557527
6501,6750,6625.5,250,27.181880960185993,26.604664355339352,0.5739591850555315,0.00987110090840303,1.145927502043787,0.06998783994601401,0.0004618389756335453,1.0499277734809596
6751,7000,6875.5,250,26.977098300177587,26.396373664590847,0.5754976604380673,0.010185261685048191,1.1534129548840255,0.070755002441213,0.0004664432299168117,1.0501266069261326
7001,7250,7125.5,250,26.766313932638212,26.179180901538235,0.5784922233265715,0.010507439301327162,1.1566974040792992,0.0718531209612075,0.0004678695425704843,1.0505680747973698
7251,7500,7375.5,250,26.79313717015033,26.197658792549813,0.5813338777430017,0.010840187161089521,1.1614836465500353,0.071920312571587,0.0004718786840428868,1.0501399601934565
