subject,channel_index,channel,direct_actuated,display_context,crn_bank,time_w1_free,time_w1_controlled,occupation_w1_free,occupation_w1_controlled,time_w1_reduction_percent,occupation_w1_reduction_percent,reference_mean,free_mean,controlled_mean,reference_sd,free_sd,controlled_sd
HUP080,0,EEG AST 01-Ref,True,7,0,0.341401925976227,0.09402524918755867,0.33444297363870185,0.0826779680978778,72.45907476394672,75.27890414370174,0.000863257311915534,0.022787690431034346,0.02705639108663046,0.08692065620184197,0.5067182599190151,0.19966468720742014
HUP080,1,EEG AST 02-Ref,True,7,0,0.3763720458568012,0.08814873373218571,0.3680075203112376,0.07374191318180257,76.57936217565856,79.96184612764536,0.0005596576710797611,0.019139863447500065,0.02577335101654836,0.08483751287950884,0.5476192241824086,0.180097462151043
HUP080,2,EEG AST 03-Ref,True,7,0,0.39320054425898104,0.04668768685893341,0.3857583198019887,0.02943578481182096,88.126240530282,92.36937136522928,5.208037290734737e-05,0.004011220194583117,0.010276720468212633,0.0828435180103875,0.5671262915478225,0.11974580153788965
HUP080,3,EEG AST 04-Ref,True,7,0,0.3376617097175353,0.05509338806852715,0.32956064986022415,0.03626768124792192,83.68385088299928,88.99514208892839,0.00012769704319735695,-0.0010219729839961171,0.013391732062684056,0.11898874301221311,0.5322340784708003,0.16320244213303717
HUP080,4,EEG GRID 01-Ref,False,7,0,0.2309611317836961,0.07846276951430911,0.22340109240025124,0.06508984340477779,66.02771691134919,70.86413378491403,-0.000271398837044195,-0.014716516627461058,-0.004424287540738563,0.11185280297255405,0.38725810000613176,0.1933730389969768
HUP080,5,EEG GRID 02-Ref,True,7,0,0.3249840461001447,0.10625888136935371,0.32021613355446715,0.09423782343801844,67.30335453556087,70.57055733202492,0.0006580125487219629,-0.01545857685082095,0.010567137493214352,0.10509635998148724,0.5035148286444802,0.21983786107822387
HUP080,6,EEG GRID 03-Ref,True,7,0,0.34116420292933325,0.1194662021063452,0.3364868792501304,0.10922946532855118,64.98278509861987,67.53826907843424,0.0008947619173458659,-0.015582418723266163,0.011867424273200592,0.12189316822937127,0.5378756461143137,0.2546581260237558
HUP080,7,EEG GRID 04-Ref,True,7,0,0.2943080384252684,0.07158614017313317,0.29016058816380036,0.05961475245676807,75.67645771547265,79.4545658891777,0.0009293881459970321,-0.006889173577663882,-0.002452253739801806,0.09974614196594415,0.4673697306139395,0.17234046094759575
HUP080,8,EEG GRID 05-Ref,True,7,0,0.3553633588465493,0.06577443779150557,0.35099557274508547,0.05569926415841735,81.49093423559523,84.1310636134805,0.0001330090743467321,0.007056302384352832,0.005878544896015622,0.09270526229744618,0.536854679198736,0.159764510774656
HUP080,9,EEG GRID 06-Ref,False,7,0,0.2615291948020718,0.0827582279909848,0.25369003925408873,0.06596394508068956,68.35602692325912,73.99821243489109,-0.00024668584797053256,0.009874212077871921,0.005257099932956502,0.14141829521304722,0.45479709616336833,0.21811293505557186
HUP080,10,EEG GRID 07-Ref,True,7,0,0.35370274022792375,0.10513217281440887,0.34732078696348634,0.08801765360634159,70.27668693019953,74.65810947399619,-0.00013897289830953194,-0.012621150336375422,0.0023002841610543206,0.12404905954647123,0.5732061986543822,0.27479180688372407
HUP080,11,EEG GRID 08-Ref,False,7,0,0.3528875995453148,0.1524726248597264,0.34364035148453975,0.1305679741049437,56.79286405751212,62.004469632019365,0.0005527109954100112,-0.007051042636394028,-0.005545675624406608,0.1785746926893528,0.6064061294119332,0.3598559072315121
HUP080,12,EEG GRID 09-Ref,True,7,0,0.3450309360137979,0.09857065241511102,0.33542087349543404,0.07925448523431468,71.43135814025408,76.37162994407576,-2.5472676061168978e-05,-0.023598338194057905,0.0039601472754283535,0.13602549788215704,0.5479977004797545,0.23278750320444389
HUP080,13,EEG GRID 10-Ref,True,7,0,0.3424440341856658,0.09397777227628637,0.3333795394698419,0.07935572777862424,72.55675003953095,76.19658125845996,0.0008170509684887001,-0.02135177253303107,-0.017887037497041392,0.11870097491038051,0.5315978603790354,0.21897293690171946
HUP080,14,EEG GRID 11-Ref,True,7,0,0.30272600322554355,0.11382134710533434,0.29193590715327605,0.09547974908589048,62.40119913962837,67.29427701548188,0.00040250050184257105,-0.03164043137195997,-0.04160403037525616,0.1355381552102332,0.49521799098468194,0.24916715619112917
HUP080,15,EEG GRID 12-Ref,True,7,0,0.37053160174971345,0.10803670154574471,0.36383976025649734,0.09531610245821934,70.84278343990715,73.80272502625222,0.00020341439913280313,-0.022908931664718257,-0.014542996205844982,0.1159477203500598,0.5663063208712481,0.23205339581489773
HUP080,16,EEG GRID 13-Ref,True,7,0,0.33335857708412747,0.0708335397221456,0.33001912116562454,0.059549327293735334,78.75154725529386,81.95579483897549,0.0002645985378988887,-0.0037255050923731305,0.003331636466760191,0.10519450437355456,0.5228180199128011,0.17792798106651872
HUP080,17,EEG GRID 14-Ref,True,7,0,0.3177379688905687,0.08072172724735352,0.30978220352840674,0.06615458524618018,74.5948752900996,78.64480770919629,-0.00016031726375471706,0.005732810017239292,0.018796831824751684,0.1305424661133179,0.5246133939973959,0.20824597512061133
HUP080,18,EEG GRID 15-Ref,True,7,0,0.3382985641267722,0.09882185923762933,0.3288277792882076,0.0810394038334443,70.78856675235626,75.35506154350308,0.0006141282883713958,0.023455069954596838,0.02650550609972604,0.14314043948274016,0.552025594729524,0.2388280613575508
HUP080,19,EEG GRID 16-Ref,False,7,0,0.2800822960202002,0.1171565789067817,0.26894069263103837,0.09759446263800971,58.170658920072505,63.711529972186014,0.00028751317251855265,0.017775250065174896,0.017599102318813516,0.19361796590089028,0.508000075202898,0.28674311083989545
HUP080,20,EEG GRID 17-Ref,True,7,0,0.33575299195574004,0.09207228490231845,0.32084626301943403,0.05944203149160451,72.57737470454003,81.473360190577,-0.00017186929133677058,-0.03344387882754732,-0.018138139623482475,0.16271786674638009,0.5561898603785616,0.23810745264020464
HUP080,21,EEG GRID 18-Ref,True,7,0,0.3514859824518682,0.07238433182088025,0.3422882542951766,0.04475519446439077,79.40619670919808,86.9247063249224,0.0008271738710810836,-0.015677039410483463,-0.009403365068185374,0.13495003586378426,0.5653411950469607,0.19270872053079688
HUP080,22,EEG GRID 19-Ref,False,7,0,0.2962782284421911,0.07575053654614697,0.2919612950342437,0.05912862777932641,74.43263484312105,79.74778548218478,0.0003873882062693854,-0.018992454781693695,-0.015418511930839127,0.11364988916293368,0.47518373734534164,0.19684926082402188
HUP080,23,EEG GRID 21-Ref,True,7,0,0.29731631209298537,0.10928526466861727,0.28441061859997163,0.091277705505092,63.24276192608013,67.90636511589757,-0.00015440199575606368,-0.011594404561508802,-0.022185500712586688,0.1600035954325563,0.5170683436844021,0.2706781802410432
HUP080,24,EEG GRID 22-Ref,False,7,0,0.24316589399996355,0.07743003842641322,0.23502099216192232,0.05730646612636739,68.1575252381303,75.61644787590507,0.00044162769108229815,0.013080153494519497,0.0013195548574267474,0.1403103443393545,0.43545938938381795,0.2120064181083338
HUP080,25,EEG GRID 23-Ref,True,7,0,0.31650676807478684,0.08985864872055405,0.3065057913864561,0.06639373234299896,71.60924890575437,78.33850641364008,-0.00016464180417528272,0.02263680996717036,0.012670040478169345,0.15266207439385707,0.5292112011511463,0.23628870517638922
HUP080,26,EEG GRID 24-Ref,True,7,0,0.2539739976438733,0.06751335205021425,0.241584652294953,0.027656531362046124,73.41721881903727,88.55203296264035,0.0009979530524790708,0.005868251271846445,0.012486033464686434,0.2051715134833789,0.4885766949743134,0.21678380155552157
HUP080,27,EEG GRID 25-Ref,False,7,0,0.24390942317136058,0.10490388685964885,0.228330426505204,0.0705020450929944,56.99063796073686,69.12279884372415,0.000921825806488006,-0.016384117763387964,-0.02242860404243564,0.18958559129459712,0.4728656579253315,0.2712842015514284
HUP080,28,EEG GRID 26-Ref,True,7,0,0.2545847331113278,0.0837322697307022,0.24506684684146163,0.04894134568231796,67.11025492086883,80.02938940411673,0.0005313843844069934,-0.003590142850651613,-0.00820888434138006,0.19048161662315635,0.4955762263568712,0.23951844457783555
HUP080,29,EEG GRID 27-Ref,True,7,0,0.26291705085124517,0.09238662755387436,0.25242445229418564,0.06585202157651522,64.86092200762383,73.91218601129474,0.0015516297089341337,-0.014777487959279367,-0.02257105305547187,0.1729098482607036,0.4750184428173618,0.23187993685607472
HUP080,30,EEG GRID 28-Ref,False,7,0,0.2678366498823337,0.10992605089614894,0.26117085293765024,0.09966425190547656,58.957800978901965,61.839443113788214,0.00013566877193071344,0.0010133631729514838,-0.011716948525847665,0.12178186071612006,0.4487357433880589,0.2439624573885925
HUP080,31,EEG GRID 29-Ref,True,7,0,0.38310340972628776,0.08603850247455813,0.3746098427372849,0.06187697904956746,77.54170276478895,83.48228690484196,-0.00015516670561966457,0.024469474667355627,0.014456121737082377,0.10524542986417096,0.5737299055969513,0.1855920523552015
HUP080,32,EEG GRID 30-Ref,True,7,0,0.34026230761820697,0.07077209329100492,0.33532385864741254,0.05377025337718555,79.20072493882716,83.96468011728206,-0.00035291715683320095,0.010580413073113262,0.011721884284675348,0.09843530175097653,0.5158490202492678,0.16328139096089547
HUP080,33,EEG GRID 31-Ref,True,7,0,0.34528456098487104,0.10170562805563257,0.3362648928923988,0.08568448810053819,70.54440321179351,74.51875294993809,4.7727724708820744e-05,-0.015828970086549876,-0.008292434446269908,0.14516112785089247,0.558917828191638,0.24747148939291727
HUP080,34,EEG GRID 32-Ref,True,7,0,0.3442366941958793,0.05642427167358291,0.3387546741532025,0.041967191563473734,83.60887359629476,87.61133210386524,0.0006164086999943861,-0.0052784995914758265,0.002555834818891834,0.11274865475201114,0.5319250973240229,0.1587247919566588
HUP080,35,EEG GRID 33-Ref,True,7,0,0.21095397739376434,0.08081218003005416,0.18834579282732472,0.01989453213856739,61.69203300717528,89.43723040481892,-0.0004135407143354594,0.0026289934066436415,0.004675340500962688,0.23831279829817617,0.4755823186879248,0.2158285979268942
HUP080,36,EEG GRID 35-Ref,True,7,0,0.33418948097399725,0.08428303164494713,0.32288570956713136,0.05498366717613143,74.7798669786662,82.97116733662698,0.0010984415461353799,0.032444031823682024,0.014186014073658628,0.14757078777288438,0.5467951117145143,0.22269629348492703
HUP080,37,EEG GRID 36-Ref,True,7,0,0.3711059338518533,0.10546714690340604,0.3593520376051102,0.07788655743239786,71.58031244374851,78.32583392278217,0.0005638861042534087,0.04243143827976988,0.021858811587089515,0.138522556907307,0.5813219291143663,0.25203011416428217
HUP080,38,EEG GRID 37-Ref,False,7,0,0.33651610807676813,0.08422085980377149,0.3287589487499838,0.06404267405577542,74.97271073141067,80.5198689497943,-0.00041974714698796275,0.02048511697934355,0.02237485916026366,0.10886581787551308,0.5153054997205299,0.1961438909503776
HUP080,39,EEG GRID 38-Ref,False,7,0,0.2920933020949009,0.0768770183729418,0.2854241559850245,0.06333702989682168,73.68066373943607,77.8095061091659,-0.0002694786949481771,-0.008711818621672482,0.003419675927827807,0.10612086244850726,0.45390350601901097,0.18420712195282
HUP080,40,EEG GRID 39-Ref,True,7,0,0.36652686884885466,0.11509485724091459,0.3595057361775098,0.10364257697540381,68.59852113914833,71.17081410789253,-0.00045186290752277316,-0.017681802768111484,-0.029470821666039877,0.12360313331984568,0.5671820308865368,0.2525983938946946
HUP080,41,EEG GRID 40-Ref,False,7,0,0.34666964047157967,0.07153220265987265,0.3429140716805049,0.06262040171035754,79.36588777645301,81.7387483098969,0.0005406748394142862,0.00368434925743884,0.006579349592427217,0.08960408011819668,0.5157522291323408,0.1636312705327156
HUP080,42,EEG GRID 41-Ref,True,7,0,0.213123214041027,0.09602912684833946,0.18406789819285702,0.05205872128874532,54.94196759351916,71.7176532139239,-0.0012315872519977808,0.004635458297716933,0.011332319809965477,0.25742078863492923,0.4862644959724012,0.19615036847479156
HUP080,43,EEG GRID 42-Ref,True,7,0,0.34191304682953405,0.06545328059122982,0.32925170266272624,0.027625737908319316,80.85674670850962,91.60953833043101,-9.900058503488604e-05,0.006463929901161424,0.017670318803747205,0.16322284503346507,0.572627538882372,0.19380529817716668
HUP080,44,EEG GRID 43-Ref,True,7,0,0.36538740960316646,0.07313868479663486,0.3490923040619263,0.025894982584893436,79.98324986729344,92.58219608865974,-0.0005737756020809867,0.018528142217656626,0.01830468994055744,0.17986583575633688,0.6162591427898156,0.21016527452171915
HUP080,45,EEG GRID 44-Ref,True,7,0,0.36264676546654057,0.07412438508913603,0.3476867833096111,0.015868452329899432,79.56016924795236,95.43599207917872,-0.0004671818406620048,0.01633386174084556,0.008214734219816631,0.18093336175240066,0.6104435743991367,0.20167725189772387
HUP080,46,EEG GRID 45-Ref,True,7,0,0.4306970671887487,0.08317543557179186,0.41964941526637356,0.0568114029194806,80.6881815762769,86.46217512696414,-3.971692655945205e-05,-0.0029301757876378674,-0.004228516326762296,0.12716307781191336,0.6433635700705109,0.2161940993603241
HUP080,47,EEG GRID 46-Ref,True,7,0,0.4492829034277902,0.09635191596156692,0.44025376778081043,0.08188041113220848,78.55428835006788,81.40154221849286,-0.0003388400779504587,-0.011140245228975115,-0.014600426570654391,0.11031013248759275,0.6579599109537562,0.23504767511643235
HUP080,48,EEG GRID 47-Ref,True,7,0,0.40450307625646165,0.07617281399754366,0.3987731379993929,0.06490995248640397,81.16879241006097,83.72258652825738,8.291472004580515e-05,0.00331011534590366,-0.0010383232766362574,0.08955028964771285,0.5859171428508361,0.180745980095973
HUP080,49,EEG GRID 48-Ref,False,7,0,0.3457695381823639,0.08428112492961784,0.33666527823519893,0.06706198632016766,75.62505784267013,80.0805159736974,0.000663415206816294,0.02530608085494277,0.02196712797330838,0.12524583876803436,0.540899200529704,0.20376818425524337
HUP080,50,EEG GRID 49-Ref,True,7,0,0.27180161061722685,0.07316392556112485,0.2566871301848469,0.02335908519737791,73.08186460154565,90.89978325732325,-0.0006527990174605654,0.009307850243992347,0.020608341241241432,0.18577686691322917,0.5094686935421342,0.20865228652082413
HUP080,51,EEG GRID 50-Ref,True,7,0,0.24432306586083774,0.0728580900212523,0.23558202453889188,0.04300198758708542,70.1796104413854,81.74649034821148,0.0005272092271496666,0.00257274123427712,0.005153895382901693,0.14333511638250238,0.4351623401617708,0.1951636591782594
HUP080,52,EEG GRID 51-Ref,True,7,0,0.3254224888035375,0.07716154365008648,0.3180388140267649,0.05313757427195836,76.28881029894954,83.29211029334095,0.0010075366617429478,0.009358078446709776,-0.006289996489310305,0.12478224857755524,0.5229718739926881,0.20065924929882623
HUP080,53,EEG GRID 52-Ref,True,7,0,0.31389182068372357,0.08356440112304162,0.30717060220190084,0.06560738320156191,73.37796157255055,78.64138601439512,0.0012549597992719415,0.005578099412629017,-0.0041901239750261,0.12736553656297947,0.5052493847376166,0.21551294564696383
HUP080,54,EEG GRID 53-Ref,True,7,0,0.3330084368089902,0.06491448845875075,0.32061214096375246,0.016725541056724146,80.50665350079856,94.78324775647997,-0.00035713229133468047,0.0009989316409829093,0.003333390702733577,0.17564518393798245,0.5707366054129035,0.19493530903072293
HUP080,55,EEG GRID 54-Ref,True,7,0,0.43019969888943077,0.08118744659627794,0.4195282345789429,0.06124761095771912,81.12796294235793,85.4008369617387,-0.000232019987565647,-0.007110031344534825,-0.008662632951667453,0.11045516528997143,0.6357788000870782,0.22333441923203348
HUP080,56,EEG GRID 55-Ref,True,7,0,0.3900898373259488,0.06856936869812273,0.38274675048112855,0.05470422559952416,82.42215968296861,85.70746177968627,-0.00037815599969335135,0.007993712756785606,0.002132359187090712,0.09296767799670183,0.5723862865615543,0.18331497472751543
HUP080,57,EEG GRID 56-Ref,True,7,0,0.3396429513429391,0.0700882919913371,0.3258862523038153,0.026175120925551472,79.36412585210148,91.96801928878267,-5.8936377242504426e-05,0.02496549509040523,0.02611618454830897,0.16100975990894023,0.573715755133109,0.18509117367199948
HUP080,58,EEG GRID 57-Ref,True,7,0,0.29747568833355503,0.08115016738998451,0.2874518098779316,0.03251332816331863,72.72040352454214,88.68912038608292,-0.00018671636427449855,0.005088441462281933,0.021774732050656588,0.2191038387499764,0.5799799709773212,0.255095420371582
HUP080,59,EEG GRID 58-Ref,True,7,0,0.3053465255213752,0.0746421454712212,0.2926601535568004,0.014929299911640848,75.55493865739238,94.89875894268494,-0.00022275416204508292,0.007882742747223687,0.011028107386463187,0.20231863764172045,0.5692987156015251,0.20348878137701568
HUP080,60,EEG GRID 59-Ref,True,7,0,0.28080593601486037,0.07988037627379935,0.2687736309799167,0.039474882234313544,71.55317390812847,85.31296314657325,0.00010590523836557594,0.00895888920782606,-0.012561569738992943,0.197005931275123,0.5270976352865281,0.24358819406109072
HUP080,61,EEG GRID 60-Ref,True,7,0,0.3539433182689404,0.08389045723376985,0.34782087601449696,0.05945260525088233,76.29833566457482,82.90711991410075,0.0009361459702292548,0.0025569085062229716,0.018897437608874933,0.14057957204670252,0.5724965968233058,0.21211432181185885
HUP080,62,EEG GRID 61-Ref,False,7,0,0.29535797351062454,0.09422232147469459,0.2888464811399332,0.07585280008824946,68.09894097160534,73.7394065564184,0.0004390367037399822,0.0027366560175331434,0.011724355500590136,0.15662088457985124,0.5144461768776363,0.24475396435201038
HUP080,63,EEG GRID 62-Ref,True,7,0,0.3152280287872818,0.08119184651233115,0.306332997388026,0.04779666710953453,74.2434558168303,84.39715358218776,1.868899710517054e-05,-0.0028882373398055883,0.01507169259423536,0.16885058721847482,0.5447448249289336,0.22952892051890325
HUP080,64,EEG GRID 63-Ref,False,7,0,0.28823103937176653,0.0804137197441491,0.2814940229295217,0.05876591468077132,72.10095070974303,79.12356572647914,-0.0007444085627001413,-0.006482753158866346,-0.005356013450454007,0.10861905616184246,0.4633706840358662,0.1966566953408187
HUP080,65,EEG GRID 64-Ref,True,7,0,0.29348819606917165,0.0598994758148859,0.28704624396489165,0.04302661376768108,79.59049916925166,85.0105637428429,-0.00014675627936756283,0.016375717881016705,0.01023295306268677,0.09900621300502434,0.4613192761132326,0.1625240728123864
HUP080,66,EEG LA 01-Ref,True,7,0,0.3206850717185954,0.08016382475213885,0.304187240623402,0.03775139950415156,75.00232102400967,87.58942044157284,-0.0007384214587566559,0.009145640967375017,-0.0019483603455277597,0.21161777574655258,0.5972104409196882,0.25736209124506865
HUP080,67,EEG LA 02-Ref,True,7,0,0.3463689161348047,0.09647616855964679,0.33108643928025516,0.07083044804837048,72.14641266420719,78.60665987941158,-0.0011852039816655016,0.010571881330678348,0.015941352974856764,0.18987716113164455,0.6166940196756224,0.274518258425635
HUP080,68,EEG LA 03-Ref,True,7,0,0.3758939872026423,0.08152232080824902,0.3652891676316828,0.05973602917109722,78.3124169091056,83.64692017603751,-0.00025707010082320095,0.005402320027045586,0.010491579362452486,0.15718157169626634,0.62471032872112,0.2321784829558213
HUP080,69,EEG LA 04-Ref,True,7,0,0.3948971768265338,0.07910289144502528,0.38107930405133883,0.046788267365838535,79.96873715818619,87.72217045942351,0.0007561802279956135,0.005677014694257407,0.0006255573621722491,0.1767298112261793,0.6555723255914809,0.23398747494640695
HUP080,70,EEG LFP 01-Ref,True,7,0,0.360182763156234,0.15231533580447082,0.3557496535224364,0.14489146375121714,57.71165325354505,59.27150952458226,0.0005829058017185392,0.003922526452287533,0.019287158706181397,0.09684188205296387,0.5391622017714413,0.27766067796385285
HUP080,71,EEG LFP 02-Ref,True,7,0,0.37185506972669513,0.13781076600869305,0.365870354719948,0.12566153588352655,62.939656541463656,65.65408094358642,0.0009920443494181447,0.003434085539183622,0.01393412505796496,0.12383282904573656,0.5785928686714462,0.28046479584791
HUP080,72,EEG LFP 03-Ref,True,7,0,0.3337938396781942,0.11093122584816285,0.330398985678273,0.10341333589829275,66.76654489636176,68.70046810646332,0.0013268038239761738,0.002412803141685687,0.004920655627125837,0.09839501358776379,0.5126048788190957,0.22858828069318854
HUP080,73,EEG LFP 04-Ref,True,7,0,0.3808262819051311,0.1840322870257629,0.37605849085792786,0.17664287097245757,51.67552877256308,53.02782006876905,0.0015890727974004755,-0.0006923051171659072,-0.018439196337828936,0.11665866498389729,0.5813990933545982,0.3356860155129244
HUP080,74,EEG LFP 05-Ref,True,7,0,0.3965243406649376,0.17018013743049132,0.3916119147199962,0.162956600987895,57.082045166479894,58.38824232291055,0.0017411303379966958,-0.005024160539458213,-0.030639907749039325,0.10902594045773296,0.5925683992007649,0.31139613239249975
HUP080,75,EEG LFP 06-Ref,True,7,0,0.34905127379868983,0.11820261113000557,0.34360823410329444,0.10895311893510748,66.13603215263521,68.29147030791052,0.0017938512934170686,-0.0052595189556095615,-0.021437533835783642,0.12183071669465993,0.5499604428092657,0.25363743371350816
HUP080,76,EEG LH 01-Ref,True,7,0,0.3841283691336831,0.07715449298150401,0.37399492699475384,0.05115314622018266,79.91439862785741,86.32250265231532,8.272167018018878e-05,0.011366247298160978,0.0005920311878610827,0.15310778066836128,0.6356515817212933,0.21887503404770836
HUP080,77,EEG LH 02-Ref,True,7,0,0.4175762516691393,0.08240877352122171,0.4062508654274245,0.059480222980410925,80.26497599137483,85.35874553329735,0.0002281293138317467,0.01065896747352233,-0.005337702917694383,0.15593576101666695,0.6787084044799382,0.23069654811113802
HUP080,78,EEG LH 03-Ref,True,7,0,0.4224617598431402,0.07846747329914602,0.4115748176629341,0.05618083618810273,81.42613586415942,86.34978774767679,0.0002942471595495098,0.0065631643838057465,0.0015348941943584288,0.14022304935417426,0.6595799381953932,0.21143690490455103
HUP080,79,EEG LH 04-Ref,True,7,0,0.3529813807468426,0.07310171479813686,0.3388992495493673,0.03783523539086271,79.29020657025384,88.83584562634115,0.00039011475473487827,0.004935752939911613,-0.001568289873002441,0.15814054062583405,0.5797116138729063,0.2047857960004866
HUP080,80,EEG MST 03-Ref,True,7,0,0.3328259853506981,0.09953923290685382,0.32795610045641904,0.08779430508917949,70.0927099180764,73.22986065299732,-0.0013733048074194999,-0.023978298615173005,-0.016427796258031053,0.12010721917456384,0.5240749435976753,0.22429850171405338
HUP080,81,EEG MST 04-Ref,False,7,0,0.2461653542987091,0.0745751369622376,0.2398701519299561,0.057766897939912194,69.70526694355841,75.91742971139628,-0.00045071329856330444,-0.00784739056032724,-0.003516597181094016,0.12181601915376336,0.41889439529907385,0.19025719138043495
HUP080,82,EEG OF 01-Ref,True,7,0,0.3997305513321154,0.2022944569362476,0.3929534776197962,0.1957125233812577,49.3922953194109,50.19447987412389,-0.0023867179268737956,-0.013275481458252716,0.028065365494441864,0.10819065848687806,0.5966767752973503,0.3520076675258064
HUP080,83,EEG OF 02-Ref,True,7,0,0.4253808057896076,0.2164713547361059,0.41834044736123505,0.21026135232101403,49.11116068476955,49.73917687202397,-0.002498553164137204,-0.016090864502909853,0.02752990366834943,0.10548813660168602,0.6260063928805019,0.3677488009501448
HUP080,84,EEG OF 03-Ref,True,7,0,0.43026988664183763,0.21649775713647093,0.4227243223041939,0.20984740924269346,49.68326535091996,50.35833090964505,-0.0026772186788384445,-0.015728430452870562,0.02804879765903745,0.10828261492800242,0.6338505084690523,0.3695809378213099
HUP080,85,EEG OF 04-Ref,True,7,0,0.41674318474859046,0.1976118538555347,0.40887750080535024,0.19037555777601556,52.5818631023928,53.43946355545605,-0.0027489878503579616,-0.016382691875347872,0.024682670348423665,0.11013604898582705,0.6180623397606368,0.34649063410058756
HUP080,86,EEG OF 05-Ref,True,7,0,0.3794770716288346,0.1536267611138813,0.37016454218043465,0.1437064873378298,59.5161940998261,61.17767344993814,-0.002851815156877443,-0.017662635466205244,0.014273492456223029,0.12022773727764048,0.5798077411728806,0.2982943104295168
HUP080,87,EEG OF 06-Ref,True,7,0,0.3708758912607302,0.1522303218683684,0.35699636968901843,0.13336406868033868,58.95383726591474,62.64273813301999,-0.0024352902759901623,-0.017079853229794772,-0.0039548059538324545,0.16752940974177602,0.6109749005499073,0.33332836732858895
HUP080,88,EEG OF 07-Ref,True,7,0,0.35785028474345865,0.12353810861874939,0.34568905188541627,0.10302147210483853,65.47771124247858,70.19822538696236,-0.0022584771928792708,-0.0212153469902606,-0.006323093208557295,0.13865038424061374,0.5727966884937729,0.26944404271900163
HUP080,89,EEG OF 08-Ref,True,7,0,0.36633889908279105,0.14209514239778293,0.3558521630499322,0.12205872110600849,61.21210639832435,65.69959837819462,-6.015761327046291e-05,-0.007304458787710199,-0.03655392737152842,0.13622174551425767,0.5796249856905143,0.28744605795580735
HUP080,90,EEG PPO 03-Ref,False,7,0,0.1514531520106845,0.08219557702000328,0.12641414734700948,0.011565332384197241,45.72871153305237,90.8512356987623,0.0003763352504814963,0.0022599393146449384,-0.010807812306307403,0.2385877502390876,0.3930180323220018,0.2387222304787513
HUP080,91,EEG PPO 04-Ref,True,7,0,0.30637041419725547,0.09296240568447432,0.29363665084877066,0.06398625213945289,69.65685935175816,78.20903761349355,0.0014934521611329502,0.004868390033054263,0.012551829183090928,0.15035303527867566,0.520312497413191,0.23708180094971418
HUP080,92,EEG PPO 05-Ref,False,7,0,0.2994179435333094,0.11659330671548049,0.2883696202345764,0.09475496135812768,61.06001352503785,67.14114292585727,0.0017531180079894278,-0.003915265290183918,-0.004805159430935343,0.16479700836971395,0.5295283257841134,0.2823140828754019
HUP080,93,EEG PPO 06-Ref,False,7,0,0.23203069295445305,0.10385579544603303,0.2266610691680483,0.09456323433411853,55.24049248673338,58.279895757480695,0.0007270423982072866,0.0017078065094995407,0.002573535923404693,0.10560238286292895,0.39214427642582006,0.22425478979540903
HUP080,94,EEG PST 03-Ref,False,7,0,0.3633306933645228,0.10744015296939173,0.35783075231489786,0.09609942326322266,70.42910083525504,73.14388921535358,-0.0007434515966417576,-0.026132338131322753,-0.023386672492357527,0.10844600859495114,0.5514794319324654,0.22904996038569195
HUP080,95,EEG PST 04-Ref,False,7,0,0.34407790315678877,0.10079445707737311,0.3369738041029984,0.08560433929320233,70.70591974880664,74.5961441955183,-0.0009625126661494756,-0.022914721050556114,-0.021968913872953293,0.11500546770864811,0.5306753581748536,0.2196305519287714
