variant,channel_index,channel,selected,time_w1,occupation_w1
free,0,LAF1,False,0.48586401164173126,0.47615322028825446
free,1,LAF2,True,0.4855432186408892,0.4758480998133116
free,2,LAF3,False,0.417959289864723,0.40314974938538706
free,3,LAF4,False,0.3653428071914985,0.34681909857053234
free,4,RA2,False,0.30239308822027355,0.24623021643199164
free,5,RA3,True,0.283240703421517,0.22054036788860593
free,6,RAFa1,True,0.35106744285090663,0.32688775349661325
free,7,RAFa2,False,0.37690760381635746,0.3536571238998143
free,8,RAFa3,False,0.3832530237505528,0.36361952166736866
free,9,RAFa4,False,0.3301342901126464,0.30254355395101973
free,10,RAFb1,True,0.3591341038283794,0.3317978197702297
free,11,RAFb2,True,0.3565700338734366,0.3261911593094481
free,12,RAFb3,False,0.3376988547487801,0.30409180423358717
free,13,RAFb4,False,0.28867150385480844,0.2438422513155678
free,14,RAFc1,False,0.32223206195641185,0.28445760595483144
free,15,RAFc2,True,0.3010148210133662,0.2596847582929813
free,16,RAFc3,True,0.2789991322874192,0.23554248005849654
free,17,RAFc4,False,0.2853719789510393,0.24932083574051012
free,18,RAFd1,True,0.33781703676820873,0.2975595139842428
free,19,RAFd2,False,0.25932766042381983,0.1520201300552314
free,20,RAFd3,False,0.21365342952896274,0.09475042331929205
free,21,RAFd4,False,0.21974510746512121,0.11724198753105532
free,22,RH1,False,0.3937252123962989,0.38451619024911965
free,23,RH2,False,0.38807920650681965,0.37475096013230297
free,24,RH3,False,0.3455353075602933,0.322962798188113
free,25,RH4,False,0.344537145854859,0.325392035205749
free,26,RPFa1,True,0.38677065120344045,0.3688487451902785
free,27,RPFa2,True,0.3992303520983803,0.3868074304784178
free,28,RPFa3,True,0.39175717000543553,0.38167741901134133
free,29,RPFa4,False,0.4384454824615828,0.43015677684443626
free,30,RPFb1,True,0.42112227750893816,0.41249941661985146
free,31,RPFb2,False,0.4225471327968624,0.4131486885763779
free,32,RPFb3,False,0.3979091226599162,0.38812357048071966
free,33,RPFc1,True,0.2423188165021325,0.1734019497302653
free,34,RPFc2,False,0.2855865856468608,0.2563247932027124
free,35,RPFc3,False,0.29713035716359215,0.26601770323866214
no_wgan,0,LAF1,False,0.032049444683174055,0.008465810859445113
no_wgan,1,LAF2,True,0.029449348774118048,0.0031321125116026537
no_wgan,2,LAF3,False,0.07625241195420045,0.048761967728798004
no_wgan,3,LAF4,False,0.1083869480019953,0.07738779644964873
no_wgan,4,RA2,False,0.14574975203216559,0.07831147493424737
no_wgan,5,RA3,True,0.16566379266512316,0.08689009795377112
no_wgan,6,RAFa1,True,0.13484113999302305,0.11926848213476773
no_wgan,7,RAFa2,False,0.1060221739833064,0.08965109419458492
no_wgan,8,RAFa3,False,0.11574381483712379,0.09485954079964846
no_wgan,9,RAFa4,False,0.12374843224682938,0.09942046034277104
no_wgan,10,RAFb1,True,0.09801590776446156,0.05062127156700162
no_wgan,11,RAFb2,True,0.14535501255949393,0.11473662918000245
no_wgan,12,RAFb3,False,0.14919611763449742,0.1094045713994137
no_wgan,13,RAFb4,False,0.17666913315384353,0.13826514857347866
no_wgan,14,RAFc1,False,0.1225881947049266,0.03189852283396668
no_wgan,15,RAFc2,True,0.1486466110949901,0.08171487003320872
no_wgan,16,RAFc3,True,0.1352712297844768,0.03825037986114274
no_wgan,17,RAFc4,False,0.142223874083994,0.0804666987689584
no_wgan,18,RAFd1,True,0.13592835931774566,0.08205107611077071
no_wgan,19,RAFd2,False,0.1780991702481271,0.09783872485477965
no_wgan,20,RAFd3,False,0.17269670152727712,0.08951629472840208
no_wgan,21,RAFd4,False,0.15556761978203892,0.0941939947387408
no_wgan,22,RH1,False,0.09492534612420606,0.06832434336713114
no_wgan,23,RH2,False,0.07305367716752277,0.02869644914988512
no_wgan,24,RH3,False,0.20314471938834472,0.17184193599689201
no_wgan,25,RH4,False,0.1548417234701599,0.1313731723458985
no_wgan,26,RPFa1,True,0.09148987918090597,0.06736653304304073
no_wgan,27,RPFa2,True,0.05726264996341997,0.0242105446634643
no_wgan,28,RPFa3,True,0.07657465213997869,0.06543241593693906
no_wgan,29,RPFa4,False,0.10088474346939882,0.08749869911539482
no_wgan,30,RPFb1,True,0.06327925478890523,0.04234930538885319
no_wgan,31,RPFb2,False,0.08763128901679126,0.06797670379516657
no_wgan,32,RPFb3,False,0.07117755411697874,0.0543388901005442
no_wgan,33,RPFc1,True,0.18388785804419122,0.12518575686737785
no_wgan,34,RPFc2,False,0.1567505394205257,0.0883509682683551
no_wgan,35,RPFc3,False,0.1625618211293692,0.13181063749703806
no_graph_spread,0,LAF1,False,0.03771652389776479,0.019027845705824876
no_graph_spread,1,LAF2,True,0.032094651081470506,0.007886355439347683
no_graph_spread,2,LAF3,False,0.09748706262397638,0.07682482511461376
no_graph_spread,3,LAF4,False,0.12854020538708685,0.10282661950778507
no_graph_spread,4,RA2,False,0.15863473844405643,0.10350067167416363
no_graph_spread,5,RA3,True,0.19389185559300265,0.13402890106612023
no_graph_spread,6,RAFa1,True,0.14472674925872675,0.12740171103974512
no_graph_spread,7,RAFa2,False,0.10447351339955507,0.073517257792506
no_graph_spread,8,RAFa3,False,0.12575060199916366,0.10208056233197868
no_graph_spread,9,RAFa4,False,0.12738860682796693,0.08633944996259679
no_graph_spread,10,RAFb1,True,0.15516440765720407,0.12421345023117085
no_graph_spread,11,RAFb2,True,0.1508436022647474,0.12503471584012946
no_graph_spread,12,RAFb3,False,0.14899777469876604,0.10390854702822903
no_graph_spread,13,RAFb4,False,0.15905127863981033,0.10501380037125742
no_graph_spread,14,RAFc1,False,0.1157520218798903,0.02925094033328878
no_graph_spread,15,RAFc2,True,0.1515606335535934,0.09686645226797186
no_graph_spread,16,RAFc3,True,0.13057981879084404,0.028266495374169632
no_graph_spread,17,RAFc4,False,0.141052485975865,0.0784880679703727
no_graph_spread,18,RAFd1,True,0.13791003103532834,0.08440119755542481
no_graph_spread,19,RAFd2,False,0.17832089544525753,0.10102922770641126
no_graph_spread,20,RAFd3,False,0.17284585624868362,0.10818053553261875
no_graph_spread,21,RAFd4,False,0.16491032460689514,0.11673615589587155
no_graph_spread,22,RH1,False,0.11358034506366838,0.09148942100844701
no_graph_spread,23,RH2,False,0.08116537733210373,0.04335192857535575
no_graph_spread,24,RH3,False,0.24200499416646054,0.2125955963134506
no_graph_spread,25,RH4,False,0.16648522778196417,0.1437998640763812
no_graph_spread,26,RPFa1,True,0.1033905680763886,0.08161988475434762
no_graph_spread,27,RPFa2,True,0.05613406228730802,0.026206360974723734
no_graph_spread,28,RPFa3,True,0.08517259964008186,0.07010786759630376
no_graph_spread,29,RPFa4,False,0.13966411541067209,0.12933075612158512
no_graph_spread,30,RPFb1,True,0.0734162269681216,0.05179934728542806
no_graph_spread,31,RPFb2,False,0.10247029323047496,0.08235702749580812
no_graph_spread,32,RPFb3,False,0.08562334385672911,0.07036279141582605
no_graph_spread,33,RPFc1,True,0.1886903160167934,0.13707065349886152
no_graph_spread,34,RPFc2,False,0.17183549322304104,0.1196560205334722
no_graph_spread,35,RPFc3,False,0.16108451897528475,0.12286533324550382
no_deviation,0,LAF1,False,0.34700668230335874,0.3424298877221089
no_deviation,1,LAF2,True,0.3476076817179113,0.34307290963032494
no_deviation,2,LAF3,False,0.2934896695076158,0.2824159399810805
no_deviation,3,LAF4,False,0.26950385669649923,0.25188216461193563
no_deviation,4,RA2,False,0.2623747925241723,0.1905411842719837
no_deviation,5,RA3,True,0.24990182907830963,0.1764104405931218
no_deviation,6,RAFa1,True,0.2972908989821569,0.27772035739152745
no_deviation,7,RAFa2,False,0.30262484238579157,0.28698648233550283
no_deviation,8,RAFa3,False,0.31544982372446884,0.30000629955148334
no_deviation,9,RAFa4,False,0.282319027357564,0.25699556711557875
no_deviation,10,RAFb1,True,0.3026798024225934,0.2887921551457687
no_deviation,11,RAFb2,True,0.33203842670736355,0.30476162722943
no_deviation,12,RAFb3,False,0.3097837496799086,0.27730586245187644
no_deviation,13,RAFb4,False,0.33121555235078837,0.2865772972336297
no_deviation,14,RAFc1,False,0.24281697561948157,0.19813532577101742
no_deviation,15,RAFc2,True,0.2066284892246849,0.15539070162228125
no_deviation,16,RAFc3,True,0.2169201523742883,0.16810395377335344
no_deviation,17,RAFc4,False,0.23367142113862388,0.18334667651196523
no_deviation,18,RAFd1,True,0.2934201899403662,0.25421134951510765
no_deviation,19,RAFd2,False,0.24350202501865464,0.1502509126013945
no_deviation,20,RAFd3,False,0.2916216023310691,0.2480489163955454
no_deviation,21,RAFd4,False,0.27336465751516026,0.2237369428314444
no_deviation,22,RH1,False,0.3075739242457632,0.2957144907744666
no_deviation,23,RH2,False,0.2943846134519281,0.2785964376019277
no_deviation,24,RH3,False,0.2744099626047125,0.24859018582190365
no_deviation,25,RH4,False,0.262297550580599,0.24152139212289087
no_deviation,26,RPFa1,True,0.2977761985529549,0.2864247817749813
no_deviation,27,RPFa2,True,0.2877462901512239,0.28077189405546316
no_deviation,28,RPFa3,True,0.3034946235157353,0.29444583293155935
no_deviation,29,RPFa4,False,0.32630794194092944,0.31677451800635464
no_deviation,30,RPFb1,True,0.3234887100443723,0.31581476036121686
no_deviation,31,RPFb2,False,0.3350085143076469,0.3254630260157214
no_deviation,32,RPFb3,False,0.31483845399655375,0.30716876050811714
no_deviation,33,RPFc1,True,0.2813134392218556,0.24505988907620802
no_deviation,34,RPFc2,False,0.2565001806942996,0.20615600143854554
no_deviation,35,RPFc3,False,0.32133689127279447,0.2843226801669085
full,0,LAF1,False,0.03156285498064593,0.004719748113733534
full,1,LAF2,True,0.030054660689192478,0.00862982525219878
full,2,LAF3,False,0.077055977223847,0.04999457599103994
full,3,LAF4,False,0.10888865686242022,0.07846991987225584
full,4,RA2,False,0.14313474811508892,0.07203129262605418
full,5,RA3,True,0.16266999162332574,0.07942920302235283
full,6,RAFa1,True,0.1368548004796502,0.12076885947606358
full,7,RAFa2,False,0.10445924062085361,0.08636715354488814
full,8,RAFa3,False,0.1140125398372696,0.09145427305344421
full,9,RAFa4,False,0.12188666247688033,0.09577788895721756
full,10,RAFb1,True,0.09805527787952027,0.05136814411501325
full,11,RAFb2,True,0.14079079477857032,0.10942487290108745
full,12,RAFb3,False,0.14560573383731412,0.10510971441530811
full,13,RAFb4,False,0.17246717266480915,0.13300886373784204
full,14,RAFc1,False,0.12111522456679558,0.031151535372149947
full,15,RAFc2,True,0.14624188500930663,0.07860882063608934
full,16,RAFc3,True,0.13366497578727798,0.03170061977962247
full,17,RAFc4,False,0.1433460629391923,0.08226446603318646
full,18,RAFd1,True,0.13273584124067905,0.07925634004524262
full,19,RAFd2,False,0.17799219197081692,0.09804442229003886
full,20,RAFd3,False,0.171044341698145,0.08683607404717719
full,21,RAFd4,False,0.15375988281761416,0.0911336022639092
full,22,RH1,False,0.09560379984471604,0.0691344439055382
full,23,RH2,False,0.0725665799531312,0.02770298145007812
full,24,RH3,False,0.20677306760091727,0.17617982826668607
full,25,RH4,False,0.15655130549605217,0.1332842702962054
full,26,RPFa1,True,0.09277741165199144,0.06929507778154116
full,27,RPFa2,True,0.055932050720013615,0.022680517274199712
full,28,RPFa3,True,0.07696858191990483,0.06648722346995652
full,29,RPFa4,False,0.10180860997220827,0.08839525595914709
full,30,RPFb1,True,0.06442496466224668,0.044394580972731267
full,31,RPFb2,False,0.08794131629043553,0.06861094273383378
full,32,RPFb3,False,0.07144753006785509,0.054699541591965294
full,33,RPFc1,True,0.18487320929740117,0.1272066478794544
full,34,RPFc2,False,0.15922368756425484,0.09189901824485117
full,35,RPFc3,False,0.16353018133821529,0.13295484572132724
