context_index,crn_bank,noise_seed,mean_time_w1_free,mean_time_w1_controlled,mean_occupation_w1_free,mean_occupation_w1_controlled,control_rms,maximum_per_actuator_rms,total_energy,control_peak,saturation_fraction,finite,gate_c
0,0,1570180644,0.34189553621843066,0.11712234683022632,0.32051216389316295,0.06387609563183172,0.2168531721064652,0.43350600348054014,3.573922667200353,1.1997307362216598,0.0,True,False
0,1,741442108,0.3512130622043157,0.11725043544378133,0.3294764582802831,0.06498120304400426,0.2152753516291437,0.42183858915576644,3.5221042534479112,1.151218582504269,0.0,True,False
0,2,722856091,0.3423318094472281,0.11676711857425341,0.32040572871701933,0.06391407297488542,0.21599130440485387,0.4323504486972082,3.545570511966779,1.1967971674036033,0.0,True,False
1,0,1758239154,0.3748693463951507,0.1342987755778602,0.3516881998020125,0.08170802453422502,0.22045786182731295,0.4264494224212901,3.693726831951766,1.2106072671919863,0.0,True,False
1,1,80345703,0.36979438139566945,0.13404807811894284,0.3459999715439029,0.08118362250850393,0.21973176206586795,0.41885233522466325,3.6694355918034116,1.159571610249124,0.0,True,False
1,2,1123357727,0.3787237235017246,0.13371875263206204,0.355915849362564,0.08123289356323267,0.21937608545423543,0.41310352622044194,3.657565882061024,1.2096712474394173,0.0,True,False
2,0,1106656358,0.3039166225737229,0.09627650883133344,0.2892974413230665,0.051427186934816155,0.21830718129953097,0.42790122234680805,3.6220099309279172,1.030962297600932,0.0,True,False
2,1,1569526883,0.3062704580883685,0.09643377450415552,0.2918338902231748,0.051680142291796655,0.21771208204532733,0.4250672775480204,3.602289850806862,1.049777836515575,0.0,True,False
2,2,1758911711,0.30242109671093265,0.09590244288713741,0.2877381545936733,0.05164916159874219,0.21730205264016064,0.42147943851219033,3.5887338382036633,1.071750817287374,0.0,True,False
