stage,epoch,validation_law,validation_mean_time_w1,validation_mean_occupation_w1,validation_distribution_score,validation_selection_score,validation_critic_estimate,eligible_updated_checkpoint,selected_checkpoint,train_total,train_law,train_adversarial,train_signed_critic_estimate,train_action_anchor,critic_loss,critic_estimate,critic_gp,critic_mean_gradient_norm,actor_parameter_gradient_norm,train_law_loss,train_law_mean,train_law_log_variance,train_law_worst_log_variance,train_law_quantile,train_law_worst_quantile,train_law_no_harm_mean,train_law_no_harm_quantile,train_law_occupancy,train_law_tube,train_law_joint,train_law_energy,train_law_smoothness,train_law_curvature,train_law_slew_excess,train_law_curvature_excess,train_law_saturation,train_law_gain_regularization,validation_law_noninferior
actor_wgan,0.0,42.00938594274198,0.13898649001196028,0.09988099216465006,0.23886748217661036,1.0,,0.0,0.0,,,,,,,,,,,,,,,,,,,,,,,,,,,,,
actor_wgan,1.0,41.924845825079835,0.13843685273140244,0.0988569920179655,0.23729384474936793,0.9954420919403686,,1.0,0.0,39.51630704367795,39.51630704367795,0.0,0.0,0.0,,,,,401.0485387988468,39.51630704367795,0.28049163583122566,0.640747197748541,2.7818058179218426,0.5697624555821597,1.8155748286175195,0.00558188145467799,0.0,0.4196244693038299,0.6619407921191883,0.9122097684361072,0.049289944557851836,0.06069636625806382,0.15388574343042188,0.016778564925694062,0.048128380264920584,0.0,0.02204732830552141,1.0
actor_wgan,2.0,,,,,,,1.0,0.0,42.03434360844639,42.03434353343399,0.0,0.0,3.750619909433638e-07,,,,,91.3385975116165,42.03434353343399,0.2808009917613161,0.7037096358231292,2.960867179306342,0.6018997443084906,1.9331637526509287,0.006108744402506704,0.0,0.4469880420936084,0.7022985071669692,0.9123191911725652,0.04914249033345022,0.05892096920789228,0.146793946655402,0.016110768138426653,0.04487006931772964,0.0,0.02204776723131981,
actor_wgan,3.0,,,,,,,1.0,0.0,42.81463025145908,42.81463009071554,0.0,0.0,8.03717682131899e-07,,,,,280.7601447186938,42.81463009071554,0.2697220901832392,0.7022691246182204,3.0719366170579647,0.5888444127036707,2.007764402952905,0.010080021590806431,0.0,0.43800840439754,0.7040590344548203,0.9441978754592176,0.049644128448974575,0.06003695575886865,0.15097413150427244,0.01660399771896157,0.046972699359084706,0.0,0.022048180069097735,
actor_wgan,4.0,41.85425691639162,0.1373867001008017,0.09690759854774622,0.23429429864854792,0.9878336978109272,,1.0,0.0,39.369455810939854,39.369455496231595,0.0,0.0,1.5735413134523913e-06,,,,,193.30985274332318,39.369455496231595,0.2706631231993273,0.664019293139972,2.7517063419758023,0.5595497463848396,1.8035282886789896,0.007106505017593888,0.0,0.4061860485794053,0.6681756080455619,0.8997140087756732,0.0497542768601806,0.0631236652535887,0.1620546609266038,0.01774751195371329,0.05146755057055014,0.0,0.02204858429523344,1.0
actor_wgan,5.0,,,,,,,1.0,0.0,40.620073020425714,40.62007255130615,0.0,0.0,2.3455977966441424e-06,,,,,209.9768095822639,40.62007255130615,0.2710280350336689,0.6743300974895539,2.8730490900858334,0.5705394349073397,1.8772734773869668,0.00863122441204065,0.0,0.42623074704107317,0.6799985484832589,0.8766863097711916,0.049207535082989765,0.05935635293342291,0.14751280359639693,0.016378392226926487,0.04497129949761431,0.0,0.022048978983940263,
actor_wgan,6.0,,,,,,,1.0,0.0,38.84392518671485,38.84392456151826,0.0,0.0,3.1259829729241048e-06,,,,,121.87905972833106,38.84392456151826,0.2627779334435893,0.6552630173722819,2.7558408922194615,0.5455373462749343,1.7407301514054638,0.011877356537222052,0.0,0.4020249767566517,0.6533547803599373,0.8798693336083943,0.0492096092446472,0.060956400553435486,0.1541432768520033,0.016839014193040146,0.047937298508983796,0.0,0.022049365301292267,
actor_wgan,7.0,,,,,,,1.0,0.0,41.99679847022127,41.99679762964009,0.0,0.0,4.2029058982029195e-06,,,,,105.60610287247495,41.99679762964009,0.26312890075300355,0.7146547099974168,3.0425185178296585,0.57665619310219,1.8957955583880122,0.007700749868069801,0.0,0.4266481744845673,0.7206107640609857,0.8762855329389921,0.049561202813383866,0.05996074265395968,0.14956144976852973,0.016596197851500766,0.04629345599933762,0.0,0.02204977225065822,
actor_wgan,8.0,41.877814729960015,0.13704740695657222,0.09651885965874844,0.23356626661532065,0.9865307813525007,,1.0,0.0,39.44983338521193,39.44983234434857,0.0,0.0,5.204316789060367e-06,,,,,142.540277762173,39.44983234434857,0.25943259530188756,0.654357889535008,2.7796673730403594,0.5573576289696069,1.8337603757054195,0.009392777282540616,0.0,0.4106193855020002,0.6482016347327583,0.9047804019100455,0.04900419100064425,0.06056208549588605,0.1541542421991261,0.016754174273571808,0.048352770038215344,0.0,0.022050189427847307,1.0
actor_wgan,9.0,,,,,,,1.0,0.0,40.70401520761845,40.704014085430245,0.0,0.0,5.610941017955697e-06,,,,,133.86897381995843,40.704014085430245,0.2611544883000024,0.6849473641435382,2.9473581107092413,0.5637893476264524,1.850167678906908,0.0021793685468925145,0.0,0.4210932889333161,0.6777469612331992,0.9518004518064067,0.050012484918243734,0.06092654121482194,0.15176251023787185,0.01694094743142494,0.04691002490332539,0.0,0.02205061245088466,
actor_wgan,10.0,,,,,,,1.0,0.0,40.072826657930555,40.072825441474556,0.0,0.0,6.082279990337439e-06,,,,,130.42979361721518,40.072825441474556,0.2618700268876572,0.6836199700398927,2.850567760961815,0.5643679366903332,1.8163832511277553,0.004002607608971831,0.0,0.41824693893186626,0.6860666242944505,0.9035292105683741,0.049525745997174006,0.060445393922756566,0.15176647023129378,0.016762209321173702,0.046701133643118536,0.0,0.022051044630256467,
actor_wgan,11.0,,,,,,,1.0,0.0,41.4761658130213,41.476164245486075,0.0,0.0,7.837676103070071e-06,,,,,121.79295117022949,41.476164245486075,0.26266747547198527,0.700472333006241,2.9722161630450157,0.5749285375744938,1.8948352929374481,0.008392559216079691,0.0,0.42555508688765503,0.7044277522909623,0.9092610886637442,0.04976133835634608,0.06024381222249781,0.15064745875653937,0.016511966546794744,0.046576502303715586,0.0,0.022051481122772998,
actor_wgan,12.0,41.912975335011396,0.1377446414462857,0.09791296475198982,0.23565760619827553,0.9916928226355745,,1.0,0.0,41.301311796392035,41.30131015200944,0.0,0.0,8.221912973622563e-06,,,,,350.6977189839336,41.30131015200944,0.2672420328770456,0.7032888224960041,2.939306991813965,0.5715154250318157,1.8474528623859243,0.01883255601233333,0.0,0.43049380501750234,0.6908810513709941,0.885617504444832,0.050415772455338334,0.06087428517697524,0.15168275095459452,0.017004630816676598,0.04695794694719172,0.0,0.02205192348957651,1.0
actor_wgan,13.0,,,,,,,1.0,0.0,40.209482510386664,40.20948057016372,0.0,0.0,9.701114722023027e-06,,,,,131.65786896292428,40.20948057016372,0.26889549308741234,0.6648799422372732,2.8430407630258148,0.5630127553199413,1.8008780464644831,0.023703481305072344,0.0,0.42320635243886445,0.6696227473959653,0.9217008410664905,0.049914966311530425,0.05975139130604905,0.14980400327989704,0.016324262754425195,0.04606082891873035,0.0,0.02205234917531684,
actor_wgan,14.0,,,,,,,1.0,0.0,40.90198753863375,40.901985490469656,0.0,0.0,1.024082045142105e-05,,,,,374.7432586111279,40.901985490469656,0.2713487018295436,0.6772616238671011,2.8838091457324073,0.5758639131833032,1.8538882204670106,0.020052608803720215,0.0,0.4326638082647781,0.6816603430230828,0.92510578140238,0.05018304746570346,0.06119373285583036,0.15468097854781446,0.017106090128788373,0.04842783730623294,0.0,0.022052787781988867,
actor_wgan,15.0,,,,,,,1.0,0.0,40.665700551079865,40.66569836825306,0.0,0.0,1.0914134006832924e-05,,,,,390.6085061669404,40.66569836825306,0.27263610820379836,0.6757686410618285,2.8365159263237456,0.5691551253452901,1.8217327024504941,0.03223382896190461,0.0,0.4277117806952245,0.6736837131407605,0.9241408773508536,0.0499094141052434,0.06032051358126573,0.15043473311562153,0.016570190183412773,0.04614355423749557,0.0,0.022053208908068462,
actor_wgan,16.0,41.812618074227515,0.13783134848311474,0.09807606635545521,0.23590741483856995,0.9910625631855305,,1.0,0.0,40.45298837830058,40.452986079023255,0.0,0.0,1.1496386632147701e-05,,,,,109.25567486988554,40.452986079023255,0.2684838348019676,0.6742763049615476,2.916578092901016,0.5675057186121005,1.8167192464286128,0.007003176668710962,0.0,0.422658481499248,0.6819391563461236,0.8837643096533148,0.05035862254327714,0.060516630193967684,0.15082306074958424,0.016789382183634072,0.047080593836717005,0.0,0.02205361235025011,1.0
actor_wgan,17.0,,,,,,,1.0,0.0,42.043810360983976,42.043807900909655,0.0,0.0,1.2300371591220109e-05,,,,,117.74901725943,42.043807900909655,0.27328441202284226,0.6934569626462541,2.9996952342871657,0.5806477571902429,1.8864062474844987,0.026509227202748335,0.0,0.4398936830156197,0.6921417341411656,0.9571699433128087,0.04995034802277262,0.060553639170997084,0.15232052466217522,0.016782382917407915,0.04697322302671418,0.0,0.022054032842624742,
actor_wgan,18.0,,,,,,,1.0,0.0,38.766665368564425,38.766662765436934,0.0,0.0,1.3015637472420282e-05,,,,,87.50416673174459,38.766662765436934,0.2700473102291213,0.6415369809569497,2.7154333215375335,0.5560432166488385,1.7652238902143425,0.010908178559949529,0.0,0.40426283590614936,0.647422503274099,0.8986215795860801,0.05010232121283568,0.0617243423069542,0.1547507613610317,0.017239824322455726,0.04845423316177401,0.0,0.022054463980696513,
actor_wgan,19.0,,,,,,,1.0,0.0,38.97387206335179,38.97386935265373,0.0,0.0,1.355349030793e-05,,,,,92.20925852478535,38.97386935265373,0.2697143315246158,0.6628076843077835,2.742334871422375,0.5563160738125189,1.7439032697013468,0.00781885875354565,0.0,0.4121169344100914,0.6652899700533157,0.8541158270495431,0.04974292121845776,0.06219181630554709,0.1572315330932461,0.01763804783744325,0.05004857908902554,0.0,0.022054905864816815,
actor_wgan,20.0,41.729695140457416,0.13797628410373108,0.09827836934166388,0.23625465344539498,0.9908426669515866,,1.0,0.0,39.2012530444522,39.20125017151089,0.0,0.0,1.4364706561541703e-05,,,,,170.90324193745698,39.20125017151089,0.2723167532464001,0.6728052150497387,2.7303934478618825,0.5610609695601959,1.767752090429063,0.006275474543030441,0.0,0.4202522014906627,0.6606676293568824,0.9102124795172668,0.04979142378678637,0.06147444017464155,0.15544790667143998,0.017040897395751466,0.048685676123470224,0.0,0.022055358931106522,1.0
actor_wgan,21.0,,,,,,,1.0,0.0,38.75079910809536,38.75079587103518,0.0,0.0,1.6185300887689467e-05,,,,,304.3273568700759,38.75079587103518,0.27237311265157044,0.6327484908985626,2.6946390625788226,0.5558518539779717,1.7798785882708228,0.014897272483737357,0.0,0.4125113505812127,0.6372698003515264,0.9090546260440658,0.05001932616514486,0.06139762014857246,0.1533991181095705,0.017083412738492672,0.047808422532883026,0.0,0.022055797273072945,
actor_wgan,22.0,,,,,,,1.0,0.0,40.89188773855266,40.89188442646771,0.0,0.0,1.6560424752436894e-05,,,,,151.8692834464297,40.89188442646771,0.2715150913513539,0.6674192715034655,2.858296198056573,0.580915303382277,1.9450222274926867,0.007354810696499047,0.0,0.4311723950586733,0.6738308349061674,0.9069367072318958,0.050419032432630545,0.061052135809235505,0.15318541937387636,0.017103558019002995,0.0477953595682577,0.0,0.022056215825568142,
actor_wgan,23.0,,,,,,,1.0,0.0,40.56654389199843,40.56654033613499,0.0,0.0,1.777931718420059e-05,,,,,132.10312370487708,40.56654033613499,0.27492916307575727,0.6638382332410298,2.8843763190781404,0.5741285965696774,1.8765736078089705,0.0036270233104307823,0.0,0.4299039707192764,0.6721410702601927,0.9528506640462818,0.05023369109441887,0.06099213875516153,0.15309264488526775,0.016962425186686832,0.04775785521495325,0.0,0.022056632956075108,
actor_wgan,24.0,41.68377797444037,0.13797352185649994,0.0982633471930038,0.23623686904950375,0.9902535874820066,,1.0,0.0,41.42929248264911,41.42928880125469,0.0,0.0,1.8406972099994295e-05,,,,,79.01910836100342,41.42928880125469,0.2708308867835893,0.6858442499309785,2.9571161248546303,0.577775928963713,1.884987874902414,0.015743000323222473,0.0,0.4335280652998001,0.6870076659949058,0.8915615989006966,0.04982727252543502,0.06079781471907798,0.1541784239197086,0.016781525323068494,0.047993520448081195,0.0,0.02205704884713408,1.0
actor_wgan,25.0,,,,,,,1.0,0.0,39.73408337330194,39.734079303687416,0.0,0.0,2.0348072634784356e-05,,,,,92.84298703108662,39.734079303687416,0.27853041204699225,0.6487414621532118,2.775303019898611,0.5676946853327774,1.819897260465641,0.013076968404890943,0.0,0.4213750432059771,0.6684497469860973,0.9484041640769612,0.05037849512714132,0.06172671670171613,0.1553946090070668,0.01734156552673474,0.04887892897909223,0.0,0.02205748912650617,
actor_wgan,26.0,,,,,,,1.0,0.0,40.59612795735695,40.596123784479076,0.0,0.0,2.086438934909767e-05,,,,,326.7128641403613,40.596123784479076,0.2699901333137985,0.6821522255345293,2.920187650791027,0.5550304953384004,1.7563980793192915,0.027311221284179545,0.0,0.4265508073894683,0.6901475399081447,0.8876113524459821,0.05053302710156005,0.06134969570190912,0.15303458883795423,0.017047738251605795,0.04747144135773145,0.0,0.0220579400007362,
actor_wgan,27.0,,,,,,,1.0,0.0,40.019196393921355,40.0191921702375,0.0,0.0,2.111841927172568e-05,,,,,79.55972718565926,40.0191921702375,0.27489161808713597,0.64433300461708,2.8284051184557306,0.5609336541161735,1.8701825291126013,0.011719684086765927,0.0,0.41958851726228413,0.6522521811079186,0.8806912726050989,0.050391558037289993,0.06111038605802238,0.15369706483367568,0.016867053692720412,0.0480634373326458,0.0,0.022058370677711478,
actor_wgan,28.0,41.621200578516614,0.13774940402060531,0.09787664410355783,0.23562604812416316,0.9881377465009744,,1.0,0.0,39.29324485790564,39.29324033056047,0.0,0.0,2.26367258472473e-05,,,,,97.99261286671299,39.29324033056047,0.2693589890502117,0.6655412069370992,2.7722858205182144,0.556201742323783,1.7735608859025285,0.006792879065664395,0.0,0.41720624294865927,0.6520676969707596,0.9234346150550747,0.05025913154195681,0.06295239795906715,0.16153001588215085,0.017828101677289505,0.05181647346843655,0.0,0.02205881827353223,1.0
actor_wgan,29.0,,,,,,,1.0,0.0,39.689906996983,39.68990217644627,0.0,0.0,2.4102683662919984e-05,,,,,350.361972911174,39.68990217644627,0.2660081153646019,0.6563847433192934,2.8036486266662437,0.5510341425645745,1.7588587803508142,0.030500275255463043,0.0,0.41474115190463007,0.6671151439292099,0.88581882760196,0.0508151393554589,0.06231613371805169,0.15542466016948914,0.017508353733987757,0.04890943478429701,0.0,0.02205927340035021,
actor_wgan,30.0,,,,,,,1.0,0.0,43.21942317012994,43.219418418349996,0.0,0.0,2.375889974423628e-05,,,,,137.8972714071818,43.219418418349996,0.26345304216721277,0.7358067595159297,3.076785589960221,0.5974130197002463,1.9844021892190338,0.014002687585355528,0.0,0.452520159445251,0.7280374237543432,0.9467375407622021,0.05075210549964633,0.059532566215805605,0.1460356553001021,0.016402234030218683,0.04448881963380154,0.0,0.022059704758868173,
actor_wgan,31.0,,,,,,,1.0,0.0,40.59653167008781,40.59652634134824,0.0,0.0,2.6643697890076657e-05,,,,,116.40950786829916,40.59652634134824,0.26423338795518275,0.689725036957133,2.8500130166588167,0.5754923444097592,1.8797244964293383,0.005752617930211246,0.0,0.42737391730411073,0.6800925906164601,0.891978695989613,0.050460929230866744,0.06176572895564247,0.15461233841027966,0.017114057636725608,0.04814389008190545,0.0,0.02206014159504994,
actor_wgan,32.0,41.562635138775846,0.13749395444647097,0.097377052533823,0.23487100698029398,0.9857307412409284,,1.0,1.0,40.363138825380105,40.363133033635904,0.0,0.0,2.8958720993314456e-05,,,,,324.8490386345619,40.363133033635904,0.26718550880572267,0.6736143694890099,2.823319529061761,0.5672712869046632,1.8581463241054548,0.017000145788370637,0.0,0.4223588837248237,0.6715903384754986,0.9062797950211291,0.050855195650091986,0.062160460577664174,0.1563072728444484,0.0174721286700928,0.04903335411810088,0.0,0.022060580086683587,1.0
actor_wgan,33.0,,,,,,,1.0,0.0,42.98570764675181,42.98570181951179,0.0,0.0,2.9136200115720737e-05,,,,,136.4876652462027,42.98570181951179,0.2623060394767718,0.7211098601467241,3.1123160907020617,0.5892474893201133,1.9863534712012134,0.0048351400020748845,0.0,0.44343081985252547,0.7230381682159077,0.9739922858729051,0.05076080728045012,0.060390402497328764,0.1497043050971966,0.016579122409267753,0.04602368407204179,0.0,0.022061002742017572,
actor_wgan,34.0,,,,,,,1.0,0.0,37.86578013546789,37.865774519828015,0.0,0.0,2.807819934152136e-05,,,,,141.0809979386071,37.865774519828015,0.26592725860915206,0.6538923807847089,2.636264473131702,0.5407258988470254,1.6847424466841128,0.008273327473149537,0.0,0.40406664745719756,0.6472184126667833,0.8801498769402486,0.05034663887861135,0.06202539452383004,0.15694121125499372,0.01723468819105396,0.04903446966674365,0.0,0.02206143400498686,
actor_wgan,35.0,,,,,,,1.0,0.0,39.91184266463825,39.91183653629259,0.0,0.0,3.064172831656982e-05,,,,,155.01924328157153,39.91183653629259,0.26508468219422693,0.6681809645909476,2.834860743711065,0.5574964159166439,1.8161074372827952,0.010764516769059524,0.0,0.40914853858370365,0.6679100393232813,0.9323945404537815,0.05069871686180682,0.06272230788057687,0.15689564110906273,0.017736241013239087,0.04943576320266272,0.0,0.02206186069536224,
actor_wgan,36.0,41.525593201500385,0.13778056619037013,0.09789417070223139,0.23567473689260152,0.9870997389594688,,1.0,0.0,39.91475201098361,39.914745512093006,0.0,0.0,3.2494453026351436e-05,,,,,92.21679828869907,39.914745512093006,0.2689718001183135,0.6627763696814649,2.7982394689164485,0.5677586108360234,1.866261617631197,0.0044777995773781385,0.0,0.4143895666507508,0.6699583500364145,0.8913199925513708,0.0507426811880798,0.06258304563701107,0.15731575253763208,0.017656418482933315,0.049935253245525314,0.0,0.022062278181075836,1.0
actor_wgan,37.0,,,,,,,1.0,0.0,40.61714590804856,40.61713882125713,0.0,0.0,3.5433957178964e-05,,,,,273.46144693729184,40.61713882125713,0.2699110804124115,0.6655256512882587,2.892190174377376,0.5646619688888783,1.8569696975865537,0.015684609762141578,0.0,0.4205754042724988,0.6811933643631151,0.9069222263247092,0.05055289680347305,0.06285015525533354,0.15887924918591542,0.01782358428278612,0.050630042858098856,0.0,0.022062705649801357,
actor_wgan,38.0,,,,,,,1.0,0.0,41.0344623291674,41.034454686608576,0.0,0.0,3.8212794115422427e-05,,,,,166.90855101264395,41.034454686608576,0.2699410980576894,0.6861765348484048,2.8494553201116495,0.5882421423112424,1.934588111194659,0.006917543037071028,0.0,0.4336139306616074,0.6840017439374186,0.8895445875883232,0.0504713910266456,0.062257855464073975,0.15791210669229733,0.01740792668819903,0.049818638395573066,0.0,0.022063120210668637,
actor_wgan,39.0,,,,,,,1.0,0.0,39.110974264134796,39.11096674863517,0.0,0.0,3.7577498123760274e-05,,,,,102.82284149767602,39.11096674863517,0.26601470700186663,0.6444752906430805,2.7422044210442995,0.5569818820089265,1.821955171326902,0.006502581176391569,0.0,0.4083652954423318,0.6487020061252873,0.9119864724629186,0.05093924872096423,0.06334253756204374,0.16034327836616763,0.01794467059562204,0.0510195858711439,0.0,0.02206352752207635,
actor_wgan,40.0,41.50511987884347,0.13805850753179405,0.09844655093045344,0.2365050584622475,0.9887386024417966,,1.0,0.0,39.813587059676884,39.81357973705711,0.0,0.0,3.661309887470309e-05,,,,,317.8842844425696,39.81357973705711,0.2734378563275143,0.6613852107256252,2.786900976493479,0.5720661819415186,1.8155076258734626,0.011584107310553822,0.0,0.4183646973082728,0.661129300958481,0.9150346485729732,0.05144104968984689,0.062400197210349055,0.15572618243102263,0.017451621966443752,0.04859706037760812,0.0,0.02206394571494318,1.0
