sample_within_window,time_s,test_segment_sample,seizure_onset_relative_s,edf_event_coordinate_s
0,0.0,3547,13.85546875,133.85546875
1,0.00390625,3548,13.859375,133.859375
2,0.0078125,3549,13.86328125,133.86328125
3,0.01171875,3550,13.8671875,133.8671875
4,0.015625,3551,13.87109375,133.87109375
5,0.01953125,3552,13.875,133.875
6,0.0234375,3553,13.87890625,133.87890625
7,0.02734375,3554,13.8828125,133.8828125
8,0.03125,3555,13.88671875,133.88671875
9,0.03515625,3556,13.890625,133.890625
10,0.0390625,3557,13.89453125,133.89453125
11,0.04296875,3558,13.8984375,133.8984375
12,0.046875,3559,13.90234375,133.90234375
13,0.05078125,3560,13.90625,133.90625
14,0.0546875,3561,13.91015625,133.91015625
15,0.05859375,3562,13.9140625,133.9140625
16,0.0625,3563,13.91796875,133.91796875
17,0.06640625,3564,13.921875,133.921875
18,0.0703125,3565,13.92578125,133.92578125
19,0.07421875,3566,13.9296875,133.9296875
20,0.078125,3567,13.93359375,133.93359375
21,0.08203125,3568,13.9375,133.9375
22,0.0859375,3569,13.94140625,133.94140625
23,0.08984375,3570,13.9453125,133.9453125
24,0.09375,3571,13.94921875,133.94921875
25,0.09765625,3572,13.953125,133.953125
26,0.1015625,3573,13.95703125,133.95703125
27,0.10546875,3574,13.9609375,133.9609375
28,0.109375,3575,13.96484375,133.96484375
29,0.11328125,3576,13.96875,133.96875
30,0.1171875,3577,13.97265625,133.97265625
31,0.12109375,3578,13.9765625,133.9765625
32,0.125,3579,13.98046875,133.98046875
33,0.12890625,3580,13.984375,133.984375
34,0.1328125,3581,13.98828125,133.98828125
35,0.13671875,3582,13.9921875,133.9921875
36,0.140625,3583,13.99609375,133.99609375
37,0.14453125,3584,14.0,134.0
38,0.1484375,3585,14.00390625,134.00390625
39,0.15234375,3586,14.0078125,134.0078125
40,0.15625,3587,14.01171875,134.01171875
41,0.16015625,3588,14.015625,134.015625
42,0.1640625,3589,14.01953125,134.01953125
43,0.16796875,3590,14.0234375,134.0234375
44,0.171875,3591,14.02734375,134.02734375
45,0.17578125,3592,14.03125,134.03125
46,0.1796875,3593,14.03515625,134.03515625
47,0.18359375,3594,14.0390625,134.0390625
48,0.1875,3595,14.04296875,134.04296875
49,0.19140625,3596,14.046875,134.046875
50,0.1953125,3597,14.05078125,134.05078125
51,0.19921875,3598,14.0546875,134.0546875
52,0.203125,3599,14.05859375,134.05859375
53,0.20703125,3600,14.0625,134.0625
54,0.2109375,3601,14.06640625,134.06640625
55,0.21484375,3602,14.0703125,134.0703125
56,0.21875,3603,14.07421875,134.07421875
57,0.22265625,3604,14.078125,134.078125
58,0.2265625,3605,14.08203125,134.08203125
59,0.23046875,3606,14.0859375,134.0859375
60,0.234375,3607,14.08984375,134.08984375
61,0.23828125,3608,14.09375,134.09375
62,0.2421875,3609,14.09765625,134.09765625
63,0.24609375,3610,14.1015625,134.1015625
64,0.25,3611,14.10546875,134.10546875
65,0.25390625,3612,14.109375,134.109375
66,0.2578125,3613,14.11328125,134.11328125
67,0.26171875,3614,14.1171875,134.1171875
68,0.265625,3615,14.12109375,134.12109375
69,0.26953125,3616,14.125,134.125
70,0.2734375,3617,14.12890625,134.12890625
71,0.27734375,3618,14.1328125,134.1328125
72,0.28125,3619,14.13671875,134.13671875
73,0.28515625,3620,14.140625,134.140625
74,0.2890625,3621,14.14453125,134.14453125
75,0.29296875,3622,14.1484375,134.1484375
76,0.296875,3623,14.15234375,134.15234375
77,0.30078125,3624,14.15625,134.15625
78,0.3046875,3625,14.16015625,134.16015625
79,0.30859375,3626,14.1640625,134.1640625
80,0.3125,3627,14.16796875,134.16796875
81,0.31640625,3628,14.171875,134.171875
82,0.3203125,3629,14.17578125,134.17578125
83,0.32421875,3630,14.1796875,134.1796875
84,0.328125,3631,14.18359375,134.18359375
85,0.33203125,3632,14.1875,134.1875
86,0.3359375,3633,14.19140625,134.19140625
87,0.33984375,3634,14.1953125,134.1953125
88,0.34375,3635,14.19921875,134.19921875
89,0.34765625,3636,14.203125,134.203125
90,0.3515625,3637,14.20703125,134.20703125
91,0.35546875,3638,14.2109375,134.2109375
92,0.359375,3639,14.21484375,134.21484375
93,0.36328125,3640,14.21875,134.21875
94,0.3671875,3641,14.22265625,134.22265625
95,0.37109375,3642,14.2265625,134.2265625
96,0.375,3643,14.23046875,134.23046875
97,0.37890625,3644,14.234375,134.234375
98,0.3828125,3645,14.23828125,134.23828125
99,0.38671875,3646,14.2421875,134.2421875
100,0.390625,3647,14.24609375,134.24609375
101,0.39453125,3648,14.25,134.25
102,0.3984375,3649,14.25390625,134.25390625
103,0.40234375,3650,14.2578125,134.2578125
104,0.40625,3651,14.26171875,134.26171875
105,0.41015625,3652,14.265625,134.265625
106,0.4140625,3653,14.26953125,134.26953125
107,0.41796875,3654,14.2734375,134.2734375
108,0.421875,3655,14.27734375,134.27734375
109,0.42578125,3656,14.28125,134.28125
110,0.4296875,3657,14.28515625,134.28515625
111,0.43359375,3658,14.2890625,134.2890625
112,0.4375,3659,14.29296875,134.29296875
113,0.44140625,3660,14.296875,134.296875
114,0.4453125,3661,14.30078125,134.30078125
115,0.44921875,3662,14.3046875,134.3046875
116,0.453125,3663,14.30859375,134.30859375
117,0.45703125,3664,14.3125,134.3125
118,0.4609375,3665,14.31640625,134.31640625
119,0.46484375,3666,14.3203125,134.3203125
120,0.46875,3667,14.32421875,134.32421875
121,0.47265625,3668,14.328125,134.328125
122,0.4765625,3669,14.33203125,134.33203125
123,0.48046875,3670,14.3359375,134.3359375
124,0.484375,3671,14.33984375,134.33984375
125,0.48828125,3672,14.34375,134.34375
126,0.4921875,3673,14.34765625,134.34765625
127,0.49609375,3674,14.3515625,134.3515625
128,0.5,3675,14.35546875,134.35546875
129,0.50390625,3676,14.359375,134.359375
130,0.5078125,3677,14.36328125,134.36328125
131,0.51171875,3678,14.3671875,134.3671875
132,0.515625,3679,14.37109375,134.37109375
133,0.51953125,3680,14.375,134.375
134,0.5234375,3681,14.37890625,134.37890625
135,0.52734375,3682,14.3828125,134.3828125
136,0.53125,3683,14.38671875,134.38671875
137,0.53515625,3684,14.390625,134.390625
138,0.5390625,3685,14.39453125,134.39453125
139,0.54296875,3686,14.3984375,134.3984375
140,0.546875,3687,14.40234375,134.40234375
141,0.55078125,3688,14.40625,134.40625
142,0.5546875,3689,14.41015625,134.41015625
143,0.55859375,3690,14.4140625,134.4140625
144,0.5625,3691,14.41796875,134.41796875
145,0.56640625,3692,14.421875,134.421875
146,0.5703125,3693,14.42578125,134.42578125
147,0.57421875,3694,14.4296875,134.4296875
148,0.578125,3695,14.43359375,134.43359375
149,0.58203125,3696,14.4375,134.4375
150,0.5859375,3697,14.44140625,134.44140625
151,0.58984375,3698,14.4453125,134.4453125
152,0.59375,3699,14.44921875,134.44921875
153,0.59765625,3700,14.453125,134.453125
154,0.6015625,3701,14.45703125,134.45703125
155,0.60546875,3702,14.4609375,134.4609375
156,0.609375,3703,14.46484375,134.46484375
157,0.61328125,3704,14.46875,134.46875
158,0.6171875,3705,14.47265625,134.47265625
159,0.62109375,3706,14.4765625,134.4765625
160,0.625,3707,14.48046875,134.48046875
161,0.62890625,3708,14.484375,134.484375
162,0.6328125,3709,14.48828125,134.48828125
163,0.63671875,3710,14.4921875,134.4921875
164,0.640625,3711,14.49609375,134.49609375
165,0.64453125,3712,14.5,134.5
166,0.6484375,3713,14.50390625,134.50390625
167,0.65234375,3714,14.5078125,134.5078125
168,0.65625,3715,14.51171875,134.51171875
169,0.66015625,3716,14.515625,134.515625
170,0.6640625,3717,14.51953125,134.51953125
171,0.66796875,3718,14.5234375,134.5234375
172,0.671875,3719,14.52734375,134.52734375
173,0.67578125,3720,14.53125,134.53125
174,0.6796875,3721,14.53515625,134.53515625
175,0.68359375,3722,14.5390625,134.5390625
176,0.6875,3723,14.54296875,134.54296875
177,0.69140625,3724,14.546875,134.546875
178,0.6953125,3725,14.55078125,134.55078125
179,0.69921875,3726,14.5546875,134.5546875
180,0.703125,3727,14.55859375,134.55859375
181,0.70703125,3728,14.5625,134.5625
182,0.7109375,3729,14.56640625,134.56640625
183,0.71484375,3730,14.5703125,134.5703125
184,0.71875,3731,14.57421875,134.57421875
185,0.72265625,3732,14.578125,134.578125
186,0.7265625,3733,14.58203125,134.58203125
187,0.73046875,3734,14.5859375,134.5859375
188,0.734375,3735,14.58984375,134.58984375
189,0.73828125,3736,14.59375,134.59375
190,0.7421875,3737,14.59765625,134.59765625
191,0.74609375,3738,14.6015625,134.6015625
192,0.75,3739,14.60546875,134.60546875
193,0.75390625,3740,14.609375,134.609375
194,0.7578125,3741,14.61328125,134.61328125
195,0.76171875,3742,14.6171875,134.6171875
196,0.765625,3743,14.62109375,134.62109375
197,0.76953125,3744,14.625,134.625
198,0.7734375,3745,14.62890625,134.62890625
199,0.77734375,3746,14.6328125,134.6328125
200,0.78125,3747,14.63671875,134.63671875
201,0.78515625,3748,14.640625,134.640625
202,0.7890625,3749,14.64453125,134.64453125
203,0.79296875,3750,14.6484375,134.6484375
204,0.796875,3751,14.65234375,134.65234375
205,0.80078125,3752,14.65625,134.65625
206,0.8046875,3753,14.66015625,134.66015625
207,0.80859375,3754,14.6640625,134.6640625
208,0.8125,3755,14.66796875,134.66796875
209,0.81640625,3756,14.671875,134.671875
210,0.8203125,3757,14.67578125,134.67578125
211,0.82421875,3758,14.6796875,134.6796875
212,0.828125,3759,14.68359375,134.68359375
213,0.83203125,3760,14.6875,134.6875
214,0.8359375,3761,14.69140625,134.69140625
215,0.83984375,3762,14.6953125,134.6953125
216,0.84375,3763,14.69921875,134.69921875
217,0.84765625,3764,14.703125,134.703125
218,0.8515625,3765,14.70703125,134.70703125
219,0.85546875,3766,14.7109375,134.7109375
220,0.859375,3767,14.71484375,134.71484375
221,0.86328125,3768,14.71875,134.71875
222,0.8671875,3769,14.72265625,134.72265625
223,0.87109375,3770,14.7265625,134.7265625
224,0.875,3771,14.73046875,134.73046875
225,0.87890625,3772,14.734375,134.734375
226,0.8828125,3773,14.73828125,134.73828125
227,0.88671875,3774,14.7421875,134.7421875
228,0.890625,3775,14.74609375,134.74609375
229,0.89453125,3776,14.75,134.75
230,0.8984375,3777,14.75390625,134.75390625
231,0.90234375,3778,14.7578125,134.7578125
232,0.90625,3779,14.76171875,134.76171875
233,0.91015625,3780,14.765625,134.765625
234,0.9140625,3781,14.76953125,134.76953125
235,0.91796875,3782,14.7734375,134.7734375
236,0.921875,3783,14.77734375,134.77734375
237,0.92578125,3784,14.78125,134.78125
238,0.9296875,3785,14.78515625,134.78515625
239,0.93359375,3786,14.7890625,134.7890625
240,0.9375,3787,14.79296875,134.79296875
241,0.94140625,3788,14.796875,134.796875
242,0.9453125,3789,14.80078125,134.80078125
243,0.94921875,3790,14.8046875,134.8046875
244,0.953125,3791,14.80859375,134.80859375
245,0.95703125,3792,14.8125,134.8125
246,0.9609375,3793,14.81640625,134.81640625
247,0.96484375,3794,14.8203125,134.8203125
248,0.96875,3795,14.82421875,134.82421875
249,0.97265625,3796,14.828125,134.828125
250,0.9765625,3797,14.83203125,134.83203125
251,0.98046875,3798,14.8359375,134.8359375
252,0.984375,3799,14.83984375,134.83984375
253,0.98828125,3800,14.84375,134.84375
254,0.9921875,3801,14.84765625,134.84765625
255,0.99609375,3802,14.8515625,134.8515625
