actuator_index,actuator_channel,target_channel,step_scaled_map_value
0,LAF2,LAF1,0.09627275638969975
0,LAF2,LAF2,0.3209435064530065
0,LAF2,LAF3,0.07171156923608049
0,LAF2,LAF4,0.007458302619088298
0,LAF2,RA2,1.4704558859428378e-06
0,LAF2,RA3,6.288597683513715e-08
0,LAF2,RAFa1,6.464907498122638e-05
0,LAF2,RAFa2,8.283933171907483e-05
0,LAF2,RAFa3,0.003104397421762433
0,LAF2,RAFa4,0.00010164873686130693
0,LAF2,RAFb1,5.763987340276094e-05
0,LAF2,RAFb2,1.8160734958731603e-06
0,LAF2,RAFb3,1.4666066184882069e-06
0,LAF2,RAFb4,1.2767171043064435e-07
0,LAF2,RAFc1,1.7859326160258305e-08
0,LAF2,RAFc2,1.8118558365832772e-08
0,LAF2,RAFc3,1.3613293664330414e-06
0,LAF2,RAFc4,2.0576502094928484e-08
0,LAF2,RAFd1,1.7197884252423394e-08
0,LAF2,RAFd2,1.6871624938746978e-08
0,LAF2,RAFd3,5.749757449343868e-10
0,LAF2,RAFd4,2.6473399508425753e-11
0,LAF2,RH1,2.0832653803805027e-09
0,LAF2,RH2,3.714622533270517e-08
0,LAF2,RH3,1.1669238113912816e-09
0,LAF2,RH4,2.6251687441563406e-08
0,LAF2,RPFa1,6.721673983758536e-05
0,LAF2,RPFa2,6.792854572444261e-05
0,LAF2,RPFa3,5.741396107671897e-05
0,LAF2,RPFa4,2.46549023308656e-06
0,LAF2,RPFb1,1.0736048234434766e-06
0,LAF2,RPFb2,5.1167950048115994e-08
0,LAF2,RPFb3,3.959074090767814e-08
0,LAF2,RPFc1,1.8916953286550232e-08
0,LAF2,RPFc2,1.9948729120793574e-08
0,LAF2,RPFc3,8.286126635740573e-13
1,RA3,LAF1,1.8210324566921094e-06
1,RA3,LAF2,9.849013861120335e-08
1,RA3,LAF3,6.257329072586456e-08
1,RA3,LAF4,2.2534178037930268e-09
1,RA3,RA2,0.1552930889142177
1,RA3,RA3,0.319935733578845
1,RA3,RAFa1,5.66943527554017e-06
1,RA3,RAFa2,0.00015393097126456225
1,RA3,RAFa3,0.00014881135922302694
1,RA3,RAFa4,1.3049463906119036e-05
1,RA3,RAFb1,5.143565365212403e-06
1,RA3,RAFb2,1.2988719486515775e-07
1,RA3,RAFb3,1.0456942819419589e-07
1,RA3,RAFb4,7.644662442787851e-09
1,RA3,RAFc1,1.0425493787631377e-09
1,RA3,RAFc2,1.0555576632227773e-09
1,RA3,RAFc3,9.599016500080429e-08
1,RA3,RAFc4,1.2018759648645272e-09
1,RA3,RAFd1,1.0039103908627444e-09
1,RA3,RAFd2,9.845399421913184e-10
1,RA3,RAFd3,0.00030913267622854006
1,RA3,RAFd4,2.503723640553127e-05
1,RA3,RH1,0.0011175951888221624
1,RA3,RH2,0.00994694154701902
1,RA3,RH3,0.0006257703259429378
1,RA3,RH4,0.007024651432592814
1,RA3,RPFa1,0.004968387447874238
1,RA3,RPFa2,0.00021889209703329645
1,RA3,RPFa3,0.0001923027075747882
1,RA3,RPFa4,8.336188819601516e-06
1,RA3,RPFb1,3.6301460204084052e-06
1,RA3,RPFb2,1.741295191948794e-07
1,RA3,RPFb3,1.347415080895629e-07
1,RA3,RPFc1,1.0999928749025922e-09
1,RA3,RPFc2,1.1678238962401696e-09
1,RA3,RPFc3,1.256849537748303e-06
2,RAFa1,LAF1,0.0008700845456326813
2,RAFa1,LAF2,7.811865478369055e-05
2,RAFa1,LAF3,5.067147902886831e-05
2,RAFa1,LAF4,2.698122272770817e-06
2,RAFa1,RA2,8.223512042429024e-05
2,RAFa1,RA3,4.374146305484209e-06
2,RAFa1,RAFa1,0.3102887196161027
2,RAFa1,RAFa2,0.04505321718387654
2,RAFa1,RAFa3,0.03629829647081529
2,RAFa1,RAFa4,0.004096016350728883
2,RAFa1,RAFb1,0.05613144858246445
2,RAFa1,RAFb2,0.003628400183469879
2,RAFa1,RAFb3,0.0029679466564571065
2,RAFa1,RAFb4,0.00042491878347327035
2,RAFa1,RAFc1,0.0009325984897258883
2,RAFa1,RAFc2,0.000959080709662701
2,RAFa1,RAFc3,0.026390420509789046
2,RAFa1,RAFc4,0.001069579072159073
2,RAFa1,RAFd1,0.0008982112866466625
2,RAFa1,RAFd2,0.0008831719763339244
2,RAFa1,RAFd3,4.793934827070918e-08
2,RAFa1,RAFd4,2.5717668764604092e-09
2,RAFa1,RH1,1.7362580268292076e-07
2,RAFa1,RH2,2.5878304867566286e-06
2,RAFa1,RH3,9.724825887668964e-08
2,RAFa1,RH4,1.8286490850599073e-06
2,RAFa1,RPFa1,0.002839513985834649
2,RAFa1,RPFa2,0.002791772957719618
2,RAFa1,RPFa3,0.0011279777495151052
2,RAFa1,RPFa4,6.142021640626162e-05
2,RAFa1,RPFb1,2.678336803435797e-05
2,RAFa1,RPFb2,1.5582334927798227e-06
2,RAFa1,RPFb3,1.2092978605812025e-06
2,RAFa1,RPFc1,0.0010137622391636813
2,RAFa1,RPFc2,0.0010210560551846214
2,RAFa1,RPFc3,9.188660550590316e-11
3,RAFb1,LAF1,0.0005560037201565374
3,RAFb1,LAF2,4.9523982792148864e-05
3,RAFb1,LAF3,3.211404671909767e-05
3,RAFb1,LAF4,1.7021396946072737e-06
3,RAFb1,RA2,5.326891340451811e-05
3,RAFb1,RA3,2.8217456990522724e-06
3,RAFb1,RAFa1,0.0399122632216381
3,RAFb1,RAFa2,0.030177128482838506
3,RAFb1,RAFa3,0.023553609545529236
3,RAFb1,RAFa4,0.0026705693372399155
3,RAFb1,RAFb1,0.3126905472322358
3,RAFb1,RAFb2,0.04183139446875882
3,RAFb1,RAFb3,0.03476529900610496
3,RAFb1,RAFb4,0.007294833372028726
3,RAFb1,RAFc1,3.802292531131329e-05
3,RAFb1,RAFc2,3.8843417649954437e-05
3,RAFb1,RAFc3,0.0016788566584475405
3,RAFb1,RAFc4,4.371092072460805e-05
3,RAFb1,RAFd1,3.661796049757039e-05
3,RAFb1,RAFd2,3.596463965477356e-05
3,RAFb1,RAFd3,3.0838922129482126e-08
3,RAFb1,RAFd4,1.6510904257779583e-09
3,RAFb1,RH1,1.1169243642667632e-07
3,RAFb1,RH2,1.6693557718362778e-06
3,RAFb1,RH3,6.255928256709743e-08
3,RAFb1,RH4,1.179625791324235e-06
3,RAFb1,RPFa1,0.0018519201040062743
3,RAFb1,RPFa2,0.0018186243069411247
3,RAFb1,RPFa3,0.0007226257409468676
3,RAFb1,RPFa4,3.9041986350453036e-05
3,RAFb1,RPFb1,1.7024273506260153e-05
3,RAFb1,RPFb2,9.853971315358453e-07
3,RAFb1,RPFb3,7.646847041764698e-07
3,RAFb1,RPFc1,4.081474606095744e-05
3,RAFb1,RPFc2,4.2047241028352366e-05
3,RAFb1,RPFc3,5.890343201043342e-11
4,RAFb2,LAF1,2.438117792406312e-05
4,RAFb2,LAF2,1.6291471776935293e-06
4,RAFb2,LAF3,1.0433164911131098e-06
4,RAFb2,LAF4,4.453839229337993e-08
4,RAFb2,RA2,1.750024514554078e-06
4,RAFb2,RA3,7.439680763867446e-08
4,RAFb2,RAFa1,0.0026937025630840413
4,RAFb2,RAFa2,0.001982518169680163
4,RAFb2,RAFa3,0.0015303349259238358
4,RAFb2,RAFa4,0.00011722148032043708
4,RAFb2,RAFb1,0.0436753804334397
4,RAFb2,RAFb2,0.3184951431795541
4,RAFb2,RAFb3,0.06768274609267352
4,RAFb2,RAFb4,0.06351926359403162
4,RAFb2,RAFc1,1.2464022917322403e-06
4,RAFb2,RAFc2,1.268015402755423e-06
4,RAFb2,RAFc3,7.519059262962703e-05
4,RAFb2,RAFc4,1.434805481739048e-06
4,RAFb2,RAFd1,1.2002838271934046e-06
4,RAFb2,RAFd2,1.1780542456548585e-06
4,RAFb2,RAFd3,6.772793119299847e-10
4,RAFb2,RAFd4,3.1082467790395535e-11
4,RAFb2,RH1,2.453951099797619e-09
4,RAFb2,RH2,4.394426097891168e-08
4,RAFb2,RH3,1.3745620194681174e-09
4,RAFb2,RH4,3.105600714290934e-08
4,RAFb2,RPFa1,8.070936311393393e-05
4,RAFb2,RPFa2,7.776966453686033e-05
4,RAFb2,RPFa3,3.013659051727704e-05
4,RAFb2,RPFa4,1.2503383640283643e-06
4,RAFb2,RPFb1,5.443915968381325e-07
4,RAFb2,RPFb2,2.5321346552519112e-08
4,RAFb2,RPFb3,1.9586379285721596e-08
4,RAFb2,RPFc1,1.3273128856213093e-06
4,RAFb2,RPFc2,1.3866992527706766e-06
4,RAFb2,RPFc3,9.704140004769e-13
5,RAFc2,LAF1,2.8940191056809216e-07
5,RAFc2,LAF2,1.54475592310355e-08
5,RAFc2,LAF3,9.810375000515438e-09
5,RAFc2,LAF4,3.5004194540784775e-10
5,RAFc2,RA2,1.6209882197139685e-08
5,RAFc2,RA3,5.746180388025546e-10
5,RAFc2,RAFa1,0.0006767043136957489
5,RAFc2,RAFa2,3.030464322362949e-05
5,RAFc2,RAFa3,2.4107441377494562e-05
5,RAFc2,RAFa4,1.3621423683369965e-06
5,RAFc2,RAFb1,3.854438481147343e-05
5,RAFc2,RAFb2,1.2051298916994716e-06
5,RAFc2,RAFb3,9.731322128991517e-07
5,RAFc2,RAFb4,8.428717071209921e-08
5,RAFc2,RAFc1,0.035171197692437164
5,RAFc2,RAFc2,0.3112058879222598
5,RAFc2,RAFc3,0.028992085771690945
5,RAFc2,RAFc4,0.02499762428183836
5,RAFc2,RAFd1,0.03355692313590222
5,RAFc2,RAFd2,0.03457064820140296
5,RAFc2,RAFd3,4.4776059336407024e-12
5,RAFc2,RAFd4,1.7963926222621726e-13
5,RAFc2,RH1,1.6227825969582308e-11
5,RAFc2,RH2,3.3907576452449325e-10
5,RAFc2,RH3,9.090320673407906e-12
5,RAFc2,RH4,2.396461946135851e-10
5,RAFc2,RPFa1,9.333022084137068e-07
5,RAFc2,RPFa2,8.89284360724558e-07
5,RAFc2,RPFa3,3.4573686088094906e-07
5,RAFc2,RPFa4,1.1612301526978317e-08
5,RAFc2,RPFb1,5.051506546942849e-09
5,RAFc2,RPFb2,1.959999654262026e-10
5,RAFc2,RPFb3,1.5124751509107242e-10
5,RAFc2,RPFc1,0.02644700442455383
5,RAFc2,RPFc2,0.004282825357587874
5,RAFc2,RPFc3,4.9817561226444075e-15
6,RAFc3,LAF1,1.4356437310211934e-05
6,RAFc3,LAF2,9.715940645439156e-07
6,RAFc3,LAF3,6.224764698110457e-07
6,RAFc3,LAF4,2.679121470101565e-08
6,RAFc3,RA2,1.0208410681839192e-06
6,RAFc3,RA3,4.3743088244900126e-08
6,RAFc3,RAFa1,0.015587465650985314
6,RAFc3,RAFa2,0.0011043650267338531
6,RAFc3,RAFa3,0.0008824207820275447
6,RAFc3,RAFa4,6.759075273506553e-05
6,RAFc3,RAFb1,0.0013945776847607096
6,RAFc3,RAFb2,5.982163071973264e-05
6,RAFc3,RAFb3,4.8549954637735235e-05
6,RAFc3,RAFb4,5.294765190186531e-06
6,RAFc3,RAFc1,0.023317517652498027
6,RAFc3,RAFc2,0.024269725869033747
6,RAFc3,RAFc3,0.3109599621985439
6,RAFc3,RAFc4,0.02661398732456801
6,RAFc3,RAFd1,0.022460828467694833
6,RAFc3,RAFd2,0.022130147765122055
6,RAFc3,RAFd3,4.004968752999447e-10
6,RAFc3,RAFd4,1.845830899046971e-11
6,RAFc3,RH1,1.4510864443946465e-09
6,RAFc3,RH2,2.583892213452095e-08
6,RAFc3,RH3,8.128137255602155e-10
6,RAFc3,RH4,1.8260667221091088e-08
6,RAFc3,RPFa1,4.652182656570007e-05
6,RAFc3,RPFa2,4.489062807603701e-05
6,RAFc3,RPFa3,1.772166398946244e-05
6,RAFc3,RPFa4,7.443016699682813e-07
6,RAFc3,RPFb1,3.2408034968379675e-07
6,RAFc3,RPFb2,1.52038158509058e-08
6,RAFc3,RPFb3,1.1761550504279942e-08
6,RAFc3,RPFc1,0.025920437809843832
6,RAFc3,RPFc2,0.025049988532649715
6,RAFc3,RPFc3,5.781793945363589e-13
7,RAFd1,LAF1,3.18265901255446e-07
7,RAFd1,LAF2,1.70350655427588e-08
7,RAFd1,LAF3,1.0819453247238748e-08
7,RAFd1,LAF4,3.867995083745225e-10
7,RAFd1,RA2,1.7875934898125015e-08
7,RAFd1,RA3,6.349284672939722e-10
7,RAFd1,RAFa1,0.0007363000913321389
7,RAFd1,RAFa2,3.31934822968165e-05
7,RAFd1,RAFa3,2.640680245366879e-05
7,RAFd1,RAFa4,1.4980055939879326e-06
7,RAFd1,RAFb1,4.221534990287584e-05
7,RAFd1,RAFb2,1.3253355320026647e-06
7,RAFd1,RAFb3,1.0702524856726749e-06
7,RAFd1,RAFb4,9.294811094645287e-08
7,RAFd1,RAFc1,0.042657810090678226
7,RAFd1,RAFc2,0.03898653969989257
7,RAFd1,RAFc3,0.031172592225300864
7,RAFd1,RAFc4,0.0037739784340052158
7,RAFd1,RAFd1,0.3111920463721923
7,RAFd1,RAFd2,0.0414031274576934
7,RAFd1,RAFd3,4.9550500067069205e-12
7,RAFd1,RAFd4,1.990297734574265e-13
7,RAFd1,RH1,1.7958152207733093e-11
7,RAFd1,RH2,3.746672671043348e-10
7,RAFd1,RH3,1.0059591804077608e-11
7,RAFd1,RH4,2.648008019790234e-10
7,RAFd1,RPFa1,1.026439038458709e-06
7,RAFd1,RPFa2,9.781579852625238e-07
7,RAFd1,RPFa3,3.803488686565202e-07
7,RAFd1,RPFa4,1.2807968096446989e-08
7,RAFd1,RPFb1,5.571680091994182e-09
7,RAFd1,RPFb2,2.1660686608029778e-10
7,RAFd1,RPFb3,1.6715288320221004e-10
7,RAFd1,RPFc1,0.027538733311900196
7,RAFd1,RPFc2,0.002430300740600522
7,RAFd1,RPFc3,5.52476401777115e-15
8,RPFa1,LAF1,0.0007074349785349139
8,RPFa1,LAF2,6.314089611059421e-05
8,RPFa1,LAF3,4.0947282568281415e-05
8,RPFa1,LAF4,2.1730244099969698e-06
8,RPFa1,RA2,0.02784817837045765
8,RPFa1,RA3,0.0029799557518559085
8,RPFa1,RAFa1,0.0022074194664450553
8,RPFa1,RAFa2,0.03018392019533531
8,RPFa1,RAFa3,0.029860025594208264
8,RPFa1,RAFa4,0.004992398483128885
8,RPFa1,RAFb1,0.0020247107904629857
8,RPFa1,RAFb2,8.451432301387968e-05
8,RPFa1,RAFb3,6.856407726817404e-05
8,RPFa1,RAFb4,7.362476978323003e-06
8,RPFa1,RAFc1,1.010816226934264e-06
8,RPFa1,RAFc2,1.028298874614072e-06
8,RPFa1,RAFc3,6.123058586312125e-05
8,RPFa1,RAFc4,1.1636246175246465e-06
8,RPFa1,RAFd1,9.734141852646298e-07
8,RPFa1,RAFd2,9.553793312330324e-07
8,RPFa1,RAFd3,5.5188514224328125e-05
8,RPFa1,RAFd4,4.466993952447972e-06
8,RPFa1,RH1,0.0001995215368906886
8,RPFa1,RH2,0.001778040443479121
8,RPFa1,RH3,0.00011171731278531097
8,RPFa1,RH4,0.0012556761926556285
8,RPFa1,RPFa1,0.3101723313185274
8,RPFa1,RPFa2,0.042689207670232994
8,RPFa1,RPFa3,0.037814304005096055
8,RPFa1,RPFa4,0.003186276614839995
8,RPFa1,RPFb1,0.0013943198075822478
8,RPFa1,RPFb2,0.00011201773323565846
8,RPFa1,RPFb3,8.739885893204268e-05
8,RPFa1,RPFc1,1.076342348280147e-06
8,RPFa1,RPFc2,1.1246663310661096e-06
8,RPFa1,RPFc3,2.2415900991225784e-07
9,RPFa2,LAF1,0.0006939593585728952
9,RPFa2,LAF2,6.084333389162441e-05
9,RPFa2,LAF3,3.942999413244911e-05
9,RPFa2,LAF4,2.0701035397383808e-06
9,RPFa2,RA2,0.0017673845005073267
9,RPFa2,RA3,0.0001251848665735381
9,RPFa2,RAFa1,0.002069418568008107
9,RPFa2,RAFa2,0.028481882199272255
9,RPFa2,RAFa3,0.0302461376196171
9,RPFa2,RAFa4,0.03365689208947891
9,RPFa2,RAFb1,0.0018958812513132997
9,RPFa2,RAFb2,7.765045621457665e-05
9,RPFa2,RAFb3,6.297843722016893e-05
9,RPFa2,RAFb4,6.686519462809186e-06
9,RPFa2,RAFc1,9.184937357691585e-07
9,RPFa2,RAFc2,9.342543121912209e-07
9,RPFa2,RAFc3,5.63371311961611e-05
9,RPFa2,RAFc4,1.0573891900998158e-06
9,RPFa2,RAFd1,8.845062451197498e-07
9,RPFa2,RAFd2,8.680993787611277e-07
9,RPFa2,RAFd3,1.7204494444052776e-06
9,RPFa2,RAFd4,1.1089776742850975e-07
9,RPFa2,RH1,6.227061800190717e-06
9,RPFa2,RH2,7.426874730366973e-05
9,RPFa2,RH3,3.4873978911782318e-06
9,RPFa2,RH4,5.2470537235560675e-05
9,RPFa2,RPFa1,0.04070478671898435
9,RPFa2,RPFa2,0.31194188105395415
9,RPFa2,RPFa3,0.04255234395817326
9,RPFa2,RPFa4,0.003607836377029204
9,RPFa2,RPFb1,0.001578866467919085
9,RPFa2,RPFb2,0.00012728261471038607
9,RPFa2,RPFb3,9.93139958105251e-05
9,RPFa2,RPFc1,9.77782471121956e-07
9,RPFa2,RPFc2,1.022141932685116e-06
9,RPFa2,RPFc3,4.6257099233549265e-09
10,RPFa3,LAF1,0.0004745868127971331
10,RPFa3,LAF2,4.2276023686993664e-05
10,RPFa3,LAF3,2.7414661631070022e-05
10,RPFa3,LAF4,1.453535638197357e-06
10,RPFa3,RA2,0.0012796395920261678
10,RPFa3,RA3,9.041137700582421e-05
10,RPFa3,RAFa1,0.0006873607259879652
10,RPFa3,RAFa2,0.003391090660465684
10,RPFa3,RAFa3,0.020127283513557744
10,RPFa3,RAFa4,0.002728529579216552
10,RPFa3,RAFb1,0.0006192949006189014
10,RPFa3,RAFb2,2.473681830151077e-05
10,RPFa3,RAFb3,2.0055778480288744e-05
10,RPFa3,RAFb4,2.098143873321653e-06
10,RPFa3,RAFc1,2.9360683523844846e-07
10,RPFa3,RAFc2,2.9859743774203544e-07
10,RPFa3,RAFc3,1.8283506059367044e-05
10,RPFa3,RAFc4,3.3802282534459114e-07
10,RPFa3,RAFd1,2.8274176427746565e-07
10,RPFa3,RAFd2,2.7748985069619556e-07
10,RPFa3,RAFd3,1.2408540730827765e-06
10,RPFa3,RAFd4,7.991794039701362e-08
10,RPFa3,RH1,4.4912094215560835e-06
10,RPFa3,RH2,5.363761872204702e-05
10,RPFa3,RH3,2.5152540983138846e-06
10,RPFa3,RH4,3.789478546420767e-05
10,RPFa3,RPFa1,0.02964144944842508
10,RPFa3,RPFa2,0.03498158020000617
10,RPFa3,RPFa3,0.3220039995684126
10,RPFa3,RPFa4,0.05441673604911517
10,RPFa3,RPFb1,0.02401954504380889
10,RPFa3,RPFb2,0.002966551722884145
10,RPFa3,RPFb3,0.002333629630897743
10,RPFa3,RPFc1,3.1246348032184923e-07
10,RPFa3,RPFc2,3.2681350304082413e-07
10,RPFa3,RPFc3,3.331687174593794e-09
11,RPFb1,LAF1,1.3725753846323486e-05
11,RPFb1,LAF2,9.238843249189428e-07
11,RPFb1,LAF3,5.918100362184918e-07
11,RPFb1,LAF4,2.538785851645242e-08
11,RPFb1,RA2,3.730080118255843e-05
11,RPFb1,RA3,1.9946114237849187e-06
11,RPFb1,RAFa1,1.9074180714474422e-05
11,RPFb1,RAFa2,9.774737379276238e-05
11,RPFb1,RAFa3,0.0008518172362248812
11,RPFb1,RAFa4,7.8949238338871e-05
11,RPFb1,RAFb1,1.7050973791762444e-05
11,RPFb1,RAFb2,5.222249986883131e-07
11,RPFb1,RAFb3,4.2158426183607456e-07
11,RPFb1,RAFb4,3.6028130955413174e-08
11,RPFb1,RAFc1,5.026685073306719e-09
11,RPFb1,RAFc2,5.098680929691736e-09
11,RPFb1,RAFc3,3.9075469387698954e-07
11,RPFb1,RAFc4,5.791784207325267e-09
11,RPFb1,RAFd1,4.840503407556057e-09
11,RPFb1,RAFd2,4.748526531516813e-09
11,RPFb1,RAFd3,2.1942443047602492e-08
11,RPFb1,RAFd4,1.1803694698271664e-09
11,RPFb1,RH1,7.947009435340547e-08
11,RPFb1,RH2,1.1800935900443172e-06
11,RPFb1,RH3,4.4511343349109924e-08
11,RPFb1,RH4,8.338921777936565e-07
11,RPFb1,RPFa1,0.0012773274485391624
11,RPFb1,RPFa2,0.001516903173163695
11,RPFb1,RPFa3,0.028071220772840185
11,RPFb1,RPFa4,0.0024227371428734317
11,RPFb1,RPFb1,0.32037297490701894
11,RPFb1,RPFb2,0.0807423250632446
11,RPFb1,RPFb3,0.06447374207155811
11,RPFb1,RPFc1,5.322407941623395e-09
11,RPFb1,RPFc2,5.6162729920563685e-09
11,RPFb1,RPFc3,4.2262314906425306e-11
12,RPFc1,LAF1,2.8080638287309333e-07
12,RPFc1,LAF2,1.4949999013980144e-08
12,RPFc1,LAF3,9.493643869106175e-09
12,RPFc1,LAF4,3.3811334286281567e-10
12,RPFc1,RA2,1.5687597374694588e-08
12,RPFc1,RA3,5.550612474954099e-10
12,RPFc1,RAFa1,0.0006630307068564395
12,RPFc1,RAFa2,2.9514190480528698e-05
12,RPFc1,RAFa3,2.347758310304734e-05
12,RPFc1,RAFa4,1.3216790923362377e-06
12,RPFc1,RAFb1,3.754175106787663e-05
12,RPFc1,RAFb2,1.1693280913678805e-06
12,RPFc1,RAFb3,9.441768357783072e-07
12,RPFc1,RAFb4,8.157317712861918e-08
12,RPFc1,RAFc1,0.023937493980534286
12,RPFc1,RAFc2,0.024514905908767044
12,RPFc1,RAFc3,0.028701901221310874
12,RPFc1,RAFc4,0.03418305141506421
12,RPFc1,RAFd1,0.02197177513755599
12,RPFc1,RAFd2,0.022237815446199342
12,RPFc1,RAFd3,4.3189433984154904e-12
12,RPFc1,RAFd4,1.7307559741213672e-13
12,RPFc1,RH1,1.5652828291849444e-11
12,RPFc1,RH2,3.275330139941142e-10
12,RPFc1,RH3,8.768227919954907e-12
12,RPFc1,RH4,2.3148833074409009e-10
12,RPFc1,RPFa1,9.0553888363647e-07
12,RPFc1,RPFa2,8.627233127007917e-07
12,RPFc1,RPFa3,3.3536104663326924e-07
12,RPFc1,RPFa4,1.1236357062874664e-08
12,RPFc1,RPFb1,4.887930096915626e-09
12,RPFc1,RPFb2,1.892996942350117e-10
12,RPFc1,RPFb3,1.4607407865389548e-10
12,RPFc1,RPFc1,0.3114413371711682
12,RPFc1,RPFc2,0.03225219622905478
12,RPFc1,RPFc3,4.7952861049313066e-15
